strategy,signal_source,head_sharing,records,mean_baseline_physical_sparsity,mean_physical_sparsity,mean_physical_sparsity_improvement,median_physical_sparsity_improvement,p10_physical_sparsity_improvement,mean_required_tile_reduction,fraction_records_ge_15pp,fraction_records_ge_20pct_work
bitmap,current,head,96,0.2810710271199544,0.3802657127380371,0.09919468561808269,0.100189208984375,0.050323486328125,0.14562098732003909,0.052083333333333336,0.20833333333333334
identity,none,layer,96,0.2810710271199544,0.2810710271199544,0.0,0.0,0.0,0.0,0.0,0.0
topk2-any,current,layer,96,0.2810710271199544,0.2772960662841797,-0.0037749608357747397,-0.0011444091796875,-0.0135650634765625,-0.007139863017578696,0.0,0.0
topk4-any,previous,layer,64,0.381028413772583,0.37506747245788574,-0.005960941314697266,-0.0011749267578125,-0.0218353271484375,-0.011540469888478965,0.0,0.0
topk4-any,current,layer,96,0.2810710271199544,0.2713152567545573,-0.009755770365397135,-0.003570556640625,-0.03057861328125,-0.017650564063821723,0.0,0.0
topk2-rho25,current,layer,96,0.2810710271199544,0.26141707102457684,-0.019653956095377605,-0.01544189453125,-0.05572509765625,-0.03449012929223973,0.0,0.0
topk4-any-state,previous,layer,64,0.381028413772583,0.35533571243286133,-0.02569270133972168,-0.02984619140625,-0.050628662109375,-0.047258787320260454,0.0,0.0
topk2-rho75,current,layer,96,0.2810710271199544,0.2544809977213542,-0.02659002939860026,-0.0243988037109375,-0.0683441162109375,-0.043889801879218295,0.0,0.0
topk8-any,current,layer,96,0.2810710271199544,0.24709844589233398,-0.033972581227620445,-0.00977325439453125,-0.094879150390625,-0.06345363156700794,0.0,0.0
bitmap-rho75,current,layer,96,0.2810710271199544,0.24685446421305338,-0.03421656290690104,-0.0327911376953125,-0.0677032470703125,-0.054033152625236724,0.0,0.0
topk2-rho50,current,layer,96,0.2810710271199544,0.2463847796122233,-0.03468624750773112,-0.0277557373046875,-0.0926971435546875,-0.06115116079344616,0.0,0.0
bucket4-rho75,current,layer,96,0.2810710271199544,0.24469916025797525,-0.036371866861979164,-0.03258514404296875,-0.065338134765625,-0.052689395750093904,0.0,0.0
bitmap-rho25,current,layer,96,0.2810710271199544,0.2395777702331543,-0.04149325688680013,-0.035797119140625,-0.084930419921875,-0.05747725202537398,0.0,0.0
topk4-rho75,current,layer,96,0.2810710271199544,0.2390874226888021,-0.041983604431152344,-0.03401947021484375,-0.09649658203125,-0.06587535714332295,0.0,0.0
bitmap-rho50,current,layer,96,0.2810710271199544,0.23787148793538412,-0.04319953918457031,-0.03916168212890625,-0.0803680419921875,-0.07069651467690383,0.0,0.0
topk4-rho25,previous,layer,64,0.381028413772583,0.32587313652038574,-0.055155277252197266,-0.00955963134765625,-0.1745147705078125,-0.10634486686734161,0.0,0.0
topk8-rho75,current,layer,96,0.2810710271199544,0.22533512115478516,-0.05573590596516927,-0.04932403564453125,-0.097930908203125,-0.08188969419066283,0.0,0.0
bucket4-rho50,current,layer,96,0.2810710271199544,0.21987422307332358,-0.06119680404663086,-0.0572357177734375,-0.109161376953125,-0.09707430799565218,0.0,0.0
bitmap-rho75,previous,layer,64,0.381028413772583,0.3196227550506592,-0.06140565872192383,-0.06072235107421875,-0.100830078125,-0.10508275920346627,0.0,0.0
bucket6-rho75,current,layer,96,0.2810710271199544,0.2178827921549479,-0.06318823496500652,-0.06085968017578125,-0.12115478515625,-0.09472427186095873,0.0,0.0
topk4-rho75,previous,layer,64,0.381028413772583,0.3126354217529297,-0.06839299201965332,-0.06304168701171875,-0.1303558349609375,-0.12539117686299134,0.0,0.0
bitmap-rho50,previous,layer,64,0.381028413772583,0.30973291397094727,-0.07129549980163574,-0.066925048828125,-0.129119873046875,-0.11412155082116861,0.0,0.0
bucket4-rho25,current,layer,96,0.2810710271199544,0.20824368794759116,-0.07282733917236328,-0.0693511962890625,-0.128204345703125,-0.11758049705403259,0.0,0.0
simhash8-rho75,current,layer,96,0.2810710271199544,0.20632155736287436,-0.07474946975708008,-0.07282257080078125,-0.14434814453125,-0.11127511924675577,0.0,0.0
topk4-rho25,current,layer,96,0.2810710271199544,0.2053364117940267,-0.07573461532592773,-0.0754241943359375,-0.1743316650390625,-0.13345420421708182,0.0,0.0
bucket8-rho75,current,layer,96,0.2810710271199544,0.20511356989542642,-0.075957457224528,-0.07410430908203125,-0.1488037109375,-0.11326361219474612,0.0,0.0
topk4-rho25-state,previous,layer,64,0.381028413772583,0.30408430099487305,-0.07694411277770996,-0.039093017578125,-0.1979217529296875,-0.14644076652399923,0.0,0.0
simhash16-rho75,current,layer,96,0.2810710271199544,0.20380353927612305,-0.07726748784383138,-0.07527923583984375,-0.1456146240234375,-0.11505077099205024,0.0,0.0
bitmap-rho75-state,previous,layer,64,0.381028413772583,0.3035128116607666,-0.0775156021118164,-0.07901763916015625,-0.1219024658203125,-0.1354578823840625,0.0,0.0
topk4-rho50,previous,layer,64,0.381028413772583,0.30330944061279297,-0.07771897315979004,-0.0267333984375,-0.235626220703125,-0.1464406411316339,0.0,0.0
topk4-rho50,current,layer,96,0.2810710271199544,0.1993438402811686,-0.08172718683878581,-0.07903289794921875,-0.193450927734375,-0.1386716737667439,0.0,0.0
bucket4-rho75,previous,layer,64,0.381028413772583,0.2989225387573242,-0.08210587501525879,-0.0779876708984375,-0.13623046875,-0.13939337181910488,0.0,0.0
bitmap-rho50-state,previous,layer,64,0.381028413772583,0.2960207462310791,-0.0850076675415039,-0.0789642333984375,-0.144195556640625,-0.1397771348848495,0.0,0.0
bucket4-any,previous,layer,64,0.381028413772583,0.29560136795043945,-0.08542704582214355,-0.06230926513671875,-0.182647705078125,-0.15891097621480696,0.0,0.0
simhash32-rho75,current,layer,96,0.2810710271199544,0.1942729949951172,-0.08679803212483723,-0.08129119873046875,-0.16070556640625,-0.1278511652370327,0.0,0.0
bucket4-any,current,layer,96,0.2810710271199544,0.18854872385660806,-0.09252230326334636,-0.10915374755859375,-0.1810760498046875,-0.15877309560416977,0.0,0.0
topk8-rho50,current,layer,96,0.2810710271199544,0.18782774607340494,-0.09324328104654948,-0.09471893310546875,-0.21038818359375,-0.15483639754683548,0.0,0.0
topk4-rho75-state,previous,layer,64,0.381028413772583,0.2836027145385742,-0.09742569923400879,-0.10357666015625,-0.1616058349609375,-0.17715966083262047,0.0,0.0
bucket4-rho50,previous,layer,64,0.381028413772583,0.2820746898651123,-0.0989537239074707,-0.11109161376953125,-0.1384429931640625,-0.17035046543164495,0.0,0.0
bucket8-rho75-state,current,layer,96,0.2810710271199544,0.18127361933390299,-0.09979740778605144,-0.09383392333984375,-0.192840576171875,-0.15385152527935034,0.0,0.0
topk4-rho50-state,previous,layer,64,0.381028413772583,0.2807168960571289,-0.1003115177154541,-0.05493927001953125,-0.273773193359375,-0.18745199007747262,0.0,0.0
bucket6-rho50,current,layer,96,0.2810710271199544,0.18039576212565103,-0.10067526499430339,-0.09622955322265625,-0.1731414794921875,-0.16255844300238156,0.0,0.0
bucket4-rho25,previous,layer,64,0.381028413772583,0.2794225215911865,-0.10160589218139648,-0.11557769775390625,-0.1496734619140625,-0.17542083343090514,0.0,0.0
bucket6-rho25,current,layer,96,0.2810710271199544,0.17186816533406576,-0.10920286178588867,-0.10515594482421875,-0.1981201171875,-0.17859173832548722,0.0,0.0
bitmap-rho25,previous,layer,64,0.381028413772583,0.2659914493560791,-0.1150369644165039,-0.1076507568359375,-0.2167816162109375,-0.1897900074496646,0.0,0.0
bucket4-any-state,previous,layer,64,0.381028413772583,0.2655327320098877,-0.11549568176269531,-0.1073455810546875,-0.228668212890625,-0.2129178160016725,0.0,0.0
simhash8-rho50,current,layer,96,0.2810710271199544,0.16504669189453125,-0.11602433522542317,-0.10422515869140625,-0.1960601806640625,-0.18697595967848518,0.0,0.0
bucket6-any,previous,layer,64,0.381028413772583,0.26307225227355957,-0.11795616149902344,-0.0919036865234375,-0.2435150146484375,-0.21857071673355355,0.0,0.0
topk8-rho25,current,layer,96,0.2810710271199544,0.16205596923828125,-0.11901505788167317,-0.129547119140625,-0.2786407470703125,-0.21041551672112785,0.0,0.0
bucket8-rho50,current,layer,96,0.2810710271199544,0.16202926635742188,-0.11904176076253255,-0.10860443115234375,-0.1974945068359375,-0.19174699321509037,0.0,0.0
bucket4-rho75-state,previous,layer,64,0.381028413772583,0.260852575302124,-0.12017583847045898,-0.11566162109375,-0.1999664306640625,-0.20527593077636755,0.0,0.0
simhash16-rho50,current,layer,96,0.2810710271199544,0.1569202740987142,-0.12415075302124023,-0.11724090576171875,-0.204620361328125,-0.19978692727060532,0.0,0.0
bucket6-rho75,previous,layer,64,0.381028413772583,0.25553059577941895,-0.12549781799316406,-0.12738800048828125,-0.1946868896484375,-0.21626446681342978,0.0,0.0
bucket6-any,current,layer,96,0.2810710271199544,0.1552270253499349,-0.12584400177001953,-0.144683837890625,-0.2478485107421875,-0.21579418820638918,0.0,0.0
simhash8-rho25,current,layer,96,0.2810710271199544,0.15408881505330405,-0.1269822120666504,-0.11188507080078125,-0.2376861572265625,-0.20839992653147826,0.0,0.0
bitmap-rho25-state,previous,layer,64,0.381028413772583,0.25277018547058105,-0.12825822830200195,-0.1251373291015625,-0.2301483154296875,-0.2146717206852712,0.0,0.0
bucket8-rho25,current,layer,96,0.2810710271199544,0.15096632639567056,-0.13010470072428384,-0.1225128173828125,-0.23797607421875,-0.213409074002956,0.0,0.0
bitmap-any,current,layer,96,0.2810710271199544,0.1482203801472982,-0.13285064697265625,-0.14887237548828125,-0.2523651123046875,-0.22634247942963395,0.0,0.0
simhash16-rho25,current,layer,96,0.2810710271199544,0.1441814104715983,-0.1368896166483561,-0.12953948974609375,-0.2389373779296875,-0.22341094540883658,0.0,0.0
bucket4-rho25-state,previous,layer,64,0.381028413772583,0.24280548095703125,-0.13822293281555176,-0.16010284423828125,-0.2003173828125,-0.23974522081128688,0.0,0.0
bucket4-rho50-state,previous,layer,64,0.381028413772583,0.24267888069152832,-0.1383495330810547,-0.1491546630859375,-0.1989593505859375,-0.2391505633700397,0.0,0.0
bucket8-any,previous,layer,64,0.381028413772583,0.24253106117248535,-0.13849735260009766,-0.10904693603515625,-0.2894134521484375,-0.25686160831023885,0.0,0.0
bucket6-rho25,previous,layer,64,0.381028413772583,0.23904013633728027,-0.14198827743530273,-0.1580047607421875,-0.215850830078125,-0.24832229988205495,0.0,0.0
bucket8-rho50-state,current,layer,96,0.2810710271199544,0.13852405548095703,-0.1425469716389974,-0.13855743408203125,-0.2524261474609375,-0.23229972077925992,0.0,0.0
simhash32-rho50,current,layer,96,0.2810710271199544,0.1371897061665853,-0.14388132095336914,-0.13904571533203125,-0.23382568359375,-0.2305233199258236,0.0,0.0
bucket6-any-state,previous,layer,64,0.381028413772583,0.23662209510803223,-0.14440631866455078,-0.1348114013671875,-0.2878265380859375,-0.26564831868298233,0.0,0.0
bucket6-rho50,previous,layer,64,0.381028413772583,0.23428845405578613,-0.14673995971679688,-0.1504669189453125,-0.2142333984375,-0.2556061489775453,0.0,0.0
simhash8-any,current,layer,96,0.2810710271199544,0.13328774770100912,-0.1477832794189453,-0.166015625,-0.2907867431640625,-0.2539541382642329,0.0,0.0
bucket8-any,current,layer,96,0.2810710271199544,0.13269313176472983,-0.1483778953552246,-0.16861724853515625,-0.28521728515625,-0.25483643417619156,0.0,0.0
bucket8-rho25-state,current,layer,96,0.2810710271199544,0.1312403678894043,-0.14983065923055014,-0.147979736328125,-0.2686767578125,-0.24767318313532496,0.0,0.0
bitmap-any,previous,layer,64,0.381028413772583,0.23075175285339355,-0.15027666091918945,-0.12635040283203125,-0.30938720703125,-0.2801505775880396,0.0,0.0
bucket8-rho75,previous,layer,64,0.381028413772583,0.22580981254577637,-0.15521860122680664,-0.153778076171875,-0.242401123046875,-0.2650617311004929,0.0,0.0
bucket8-any-state,previous,layer,64,0.381028413772583,0.22034049034118652,-0.16068792343139648,-0.149261474609375,-0.32122802734375,-0.2962328841614296,0.0,0.0
simhash16-rho75,previous,layer,64,0.381028413772583,0.21932578086853027,-0.16170263290405273,-0.1567535400390625,-0.24578857421875,-0.27527508761331804,0.0,0.0
bucket6-rho75-state,previous,layer,64,0.381028413772583,0.21852874755859375,-0.16249966621398926,-0.16423797607421875,-0.2517852783203125,-0.2806858461988817,0.0,0.0
simhash32-rho25,current,layer,96,0.2810710271199544,0.11725409825642903,-0.1638169288635254,-0.16306304931640625,-0.29443359375,-0.26827580861812644,0.0,0.0
bucket8-any-state,current,layer,96,0.2810710271199544,0.11688232421875,-0.16418870290120444,-0.19234466552734375,-0.318756103515625,-0.28375095197925854,0.0,0.0
bitmap-any-state,previous,layer,64,0.381028413772583,0.21678924560546875,-0.16423916816711426,-0.15073394775390625,-0.3257904052734375,-0.3044130258337797,0.0,0.0
simhash16-any,previous,layer,64,0.381028413772583,0.21639633178710938,-0.16463208198547363,-0.121185302734375,-0.3587188720703125,-0.3073929624849052,0.0,0.0
bucket8-rho25,previous,layer,64,0.381028413772583,0.21460580825805664,-0.16642260551452637,-0.1825103759765625,-0.245147705078125,-0.290007573690781,0.0,0.0
simhash16-any,current,layer,96,0.2810710271199544,0.11107126871744792,-0.1699997584025065,-0.19744110107421875,-0.3208160400390625,-0.29135786448702333,0.0,0.0
bucket6-rho25-state,previous,layer,64,0.381028413772583,0.20790839195251465,-0.17312002182006836,-0.19594573974609375,-0.2557373046875,-0.30314775697074803,0.0,0.0
bucket8-rho50,previous,layer,64,0.381028413772583,0.20553302764892578,-0.17549538612365723,-0.18148040771484375,-0.25286865234375,-0.3027852733750972,0.0,0.0
simhash16-any-state,previous,layer,64,0.381028413772583,0.20024585723876953,-0.18078255653381348,-0.157318115234375,-0.3762359619140625,-0.335278000321021,0.0,0.0
simhash16-rho25,previous,layer,64,0.381028413772583,0.19745206832885742,-0.18357634544372559,-0.20562744140625,-0.2581634521484375,-0.3192480987350439,0.0,0.0
bucket6-rho50-state,previous,layer,64,0.381028413772583,0.19708776473999023,-0.18394064903259277,-0.19190216064453125,-0.2716827392578125,-0.3206400280958083,0.0,0.0
simhash16-rho50,previous,layer,64,0.381028413772583,0.193220853805542,-0.18780755996704102,-0.2008056640625,-0.25689697265625,-0.3234910416843637,0.0,0.0
bucket8-rho75-state,previous,layer,64,0.381028413772583,0.19307851791381836,-0.18794989585876465,-0.18951416015625,-0.2860565185546875,-0.3227905305882573,0.0,0.0
bucket8-rho25-state,previous,layer,64,0.381028413772583,0.18934154510498047,-0.19168686866760254,-0.21820831298828125,-0.284210205078125,-0.33556934727997956,0.0,0.0
simhash16-rho75-state,previous,layer,64,0.381028413772583,0.18835186958312988,-0.19267654418945312,-0.19249725341796875,-0.28564453125,-0.33067395943135786,0.0,0.0
simhash32-any,current,layer,96,0.2810710271199544,0.08300050099690755,-0.19807052612304688,-0.238800048828125,-0.3862762451171875,-0.3426648613865585,0.0,0.0
simhash16-rho25-state,previous,layer,64,0.381028413772583,0.17781448364257812,-0.20321393013000488,-0.23150634765625,-0.2894439697265625,-0.35617346367164526,0.0,0.0
bucket8-rho50-state,previous,layer,64,0.381028413772583,0.17467093467712402,-0.20635747909545898,-0.21874237060546875,-0.3088226318359375,-0.3573478941368037,0.0,0.0
simhash16-rho50-state,previous,layer,64,0.381028413772583,0.16625308990478516,-0.21477532386779785,-0.2318267822265625,-0.311279296875,-0.37177415126730284,0.0,0.0
