run_id,group_name,batch_size,block_size,trial,batch_id,block_index,step,step_latency_ms,active_requests_before_step,active_requests_after_step,finished_requests_after_step,accepted_tokens_this_step,unfinished_tokens_before_step,unfinished_tokens_after_step,padded_sequence_length,max_logical_sequence_length_before_step
length_heterogeneity_h100_20260623_195133,equal,4,16,0,0,0,1,1830.0668260053499,4,3,1,46,64,18,516,500
length_heterogeneity_h100_20260623_195133,equal,4,16,0,0,0,2,67.41188500018325,3,3,0,6,18,12,516,516
length_heterogeneity_h100_20260623_195133,equal,4,16,0,0,0,3,67.80520999745931,3,3,0,5,12,7,516,516
length_heterogeneity_h100_20260623_195133,equal,4,16,0,0,0,4,68.015053999261,3,3,0,4,7,3,516,516
length_heterogeneity_h100_20260623_195133,equal,4,16,0,0,0,5,68.32637799379881,3,0,3,3,3,0,516,516
length_heterogeneity_h100_20260623_195133,equal,4,16,0,0,1,1,114.79211700498126,4,0,4,64,64,0,532,516
length_heterogeneity_h100_20260623_195133,equal,4,16,0,0,2,1,110.35923199960962,4,0,4,64,64,0,548,532
length_heterogeneity_h100_20260623_195133,equal,4,16,0,0,3,1,107.10464800649788,4,0,4,64,64,0,564,548
length_heterogeneity_h100_20260623_195133,equal,4,16,1,1,0,1,67.4648189888103,4,3,1,48,64,16,516,500
length_heterogeneity_h100_20260623_195133,equal,4,16,1,1,0,2,68.46852699527517,3,3,0,4,16,12,516,516
length_heterogeneity_h100_20260623_195133,equal,4,16,1,1,0,3,69.82485900516622,3,3,0,4,12,8,516,516
length_heterogeneity_h100_20260623_195133,equal,4,16,1,1,0,4,69.50600200798362,3,2,1,5,8,3,516,516
length_heterogeneity_h100_20260623_195133,equal,4,16,1,1,0,5,69.13480900402647,2,1,1,2,3,1,516,516
length_heterogeneity_h100_20260623_195133,equal,4,16,1,1,0,6,69.32637600402813,1,0,1,1,1,0,516,516
length_heterogeneity_h100_20260623_195133,equal,4,16,1,1,1,1,71.13177199789789,4,1,3,60,64,4,532,516
length_heterogeneity_h100_20260623_195133,equal,4,16,1,1,1,2,71.85867898806464,1,1,0,1,4,3,532,532
length_heterogeneity_h100_20260623_195133,equal,4,16,1,1,1,3,71.97254600760061,1,1,0,1,3,2,532,532
length_heterogeneity_h100_20260623_195133,equal,4,16,1,1,1,4,72.13276698894333,1,1,0,1,2,1,532,532
length_heterogeneity_h100_20260623_195133,equal,4,16,1,1,1,5,72.52878000144847,1,0,1,1,1,0,532,532
length_heterogeneity_h100_20260623_195133,equal,4,16,1,1,2,1,75.1101439964259,4,1,3,49,64,15,548,532
length_heterogeneity_h100_20260623_195133,equal,4,16,1,1,2,2,81.9985259877285,1,1,0,13,15,2,548,548
length_heterogeneity_h100_20260623_195133,equal,4,16,1,1,2,3,79.35853900562506,1,0,1,2,2,0,548,548
length_heterogeneity_h100_20260623_195133,equal,4,16,1,1,3,1,77.8288230067119,4,0,4,64,64,0,564,548
length_heterogeneity_h100_20260623_195133,equal,4,16,2,2,0,1,67.80112200067379,4,3,1,46,64,18,516,500
length_heterogeneity_h100_20260623_195133,equal,4,16,2,2,0,2,68.45062499633059,3,3,0,7,18,11,516,516
length_heterogeneity_h100_20260623_195133,equal,4,16,2,2,0,3,69.87598299747333,3,3,0,4,11,7,516,516
length_heterogeneity_h100_20260623_195133,equal,4,16,2,2,0,4,68.67964898992795,3,3,0,4,7,3,516,516
length_heterogeneity_h100_20260623_195133,equal,4,16,2,2,0,5,69.43172799947206,3,0,3,3,3,0,516,516
length_heterogeneity_h100_20260623_195133,equal,4,16,2,2,1,1,71.33497101312969,4,0,4,64,64,0,532,516
length_heterogeneity_h100_20260623_195133,equal,4,16,2,2,2,1,73.93874898843933,4,0,4,64,64,0,548,532
length_heterogeneity_h100_20260623_195133,equal,4,16,2,2,3,1,75.42973000090569,4,0,4,64,64,0,564,548
length_heterogeneity_h100_20260623_195133,equal,4,16,3,3,0,1,67.57775199366733,4,3,1,48,64,16,516,500
length_heterogeneity_h100_20260623_195133,equal,4,16,3,3,0,2,68.49803699878976,3,3,0,6,16,10,516,516
length_heterogeneity_h100_20260623_195133,equal,4,16,3,3,0,3,68.89901999966241,3,2,1,4,10,6,516,516
length_heterogeneity_h100_20260623_195133,equal,4,16,3,3,0,4,69.17800700466614,2,2,0,3,6,3,516,516
length_heterogeneity_h100_20260623_195133,equal,4,16,3,3,0,5,69.24599599733483,2,1,1,2,3,1,516,516
length_heterogeneity_h100_20260623_195133,equal,4,16,3,3,0,6,69.0177299984498,1,0,1,1,1,0,516,516
length_heterogeneity_h100_20260623_195133,equal,4,16,3,3,1,1,71.2820129992906,4,1,3,50,64,14,532,516
length_heterogeneity_h100_20260623_195133,equal,4,16,3,3,1,2,71.95179400150664,1,1,0,9,14,5,532,532
length_heterogeneity_h100_20260623_195133,equal,4,16,3,3,1,3,72.41827699181158,1,0,1,5,5,0,532,532
length_heterogeneity_h100_20260623_195133,equal,4,16,3,3,2,1,74.33971299906261,4,0,4,64,64,0,548,532
length_heterogeneity_h100_20260623_195133,equal,4,16,3,3,3,1,75.46171700232662,4,0,4,64,64,0,564,548
length_heterogeneity_h100_20260623_195133,equal,4,16,4,4,0,1,68.09388700639829,4,3,1,46,64,18,516,500
length_heterogeneity_h100_20260623_195133,equal,4,16,4,4,0,2,68.99425500887446,3,3,0,6,18,12,516,516
length_heterogeneity_h100_20260623_195133,equal,4,16,4,4,0,3,69.28086499101482,3,3,0,5,12,7,516,516
length_heterogeneity_h100_20260623_195133,equal,4,16,4,4,0,4,68.7318339914782,3,3,0,4,7,3,516,516
length_heterogeneity_h100_20260623_195133,equal,4,16,4,4,0,5,68.73853100114502,3,0,3,3,3,0,516,516
length_heterogeneity_h100_20260623_195133,equal,4,16,4,4,1,1,71.44004400470294,4,0,4,64,64,0,532,516
length_heterogeneity_h100_20260623_195133,equal,4,16,4,4,2,1,74.15072699950542,4,0,4,64,64,0,548,532
length_heterogeneity_h100_20260623_195133,equal,4,16,4,4,3,1,75.93909100978635,4,0,4,64,64,0,564,548
length_heterogeneity_h100_20260623_195133,equal,4,16,5,5,0,1,68.02183500258252,4,3,1,47,64,17,516,500
length_heterogeneity_h100_20260623_195133,equal,4,16,5,5,0,2,68.39913300063927,3,3,0,5,17,12,516,516
length_heterogeneity_h100_20260623_195133,equal,4,16,5,5,0,3,69.32760600466281,3,3,0,4,12,8,516,516
length_heterogeneity_h100_20260623_195133,equal,4,16,5,5,0,4,69.99367800017353,3,2,1,5,8,3,516,516
length_heterogeneity_h100_20260623_195133,equal,4,16,5,5,0,5,69.31715999962762,2,1,1,2,3,1,516,516
length_heterogeneity_h100_20260623_195133,equal,4,16,5,5,0,6,69.06103099754546,1,0,1,1,1,0,516,516
length_heterogeneity_h100_20260623_195133,equal,4,16,5,5,1,1,71.88628100266214,4,1,3,60,64,4,532,516
length_heterogeneity_h100_20260623_195133,equal,4,16,5,5,1,2,72.00499300961383,1,1,0,1,4,3,532,532
length_heterogeneity_h100_20260623_195133,equal,4,16,5,5,1,3,72.59446498937905,1,1,0,1,3,2,532,532
length_heterogeneity_h100_20260623_195133,equal,4,16,5,5,1,4,72.1871400019154,1,1,0,1,2,1,532,532
length_heterogeneity_h100_20260623_195133,equal,4,16,5,5,1,5,72.08645901118871,1,0,1,1,1,0,532,532
length_heterogeneity_h100_20260623_195133,equal,4,16,5,5,2,1,77.30286200239789,4,1,3,49,64,15,548,532
length_heterogeneity_h100_20260623_195133,equal,4,16,5,5,2,2,85.69202999933623,1,0,1,15,15,0,548,548
length_heterogeneity_h100_20260623_195133,equal,4,16,5,5,3,1,79.17057099984959,4,0,4,64,64,0,564,548
length_heterogeneity_h100_20260623_195133,equal,4,16,6,6,0,1,67.89405600284226,4,3,1,46,64,18,516,500
length_heterogeneity_h100_20260623_195133,equal,4,16,6,6,0,2,68.40624200413004,3,3,0,6,18,12,516,516
length_heterogeneity_h100_20260623_195133,equal,4,16,6,6,0,3,69.31960799556691,3,3,0,5,12,7,516,516
length_heterogeneity_h100_20260623_195133,equal,4,16,6,6,0,4,69.93300499743782,3,3,0,4,7,3,516,516
length_heterogeneity_h100_20260623_195133,equal,4,16,6,6,0,5,68.90855199890211,3,0,3,3,3,0,516,516
length_heterogeneity_h100_20260623_195133,equal,4,16,6,6,1,1,71.93752599414438,4,0,4,64,64,0,532,516
length_heterogeneity_h100_20260623_195133,equal,4,16,6,6,2,1,74.25324400537647,4,0,4,64,64,0,548,532
length_heterogeneity_h100_20260623_195133,equal,4,16,6,6,3,1,76.25815099163447,4,0,4,64,64,0,564,548
length_heterogeneity_h100_20260623_195133,equal,4,16,7,7,0,1,67.88979699194897,4,3,1,48,64,16,516,500
length_heterogeneity_h100_20260623_195133,equal,4,16,7,7,0,2,69.20285300293472,3,3,0,5,16,11,516,516
length_heterogeneity_h100_20260623_195133,equal,4,16,7,7,0,3,69.67590100248344,3,2,1,4,11,7,516,516
length_heterogeneity_h100_20260623_195133,equal,4,16,7,7,0,4,70.7392920012353,2,2,0,4,7,3,516,516
length_heterogeneity_h100_20260623_195133,equal,4,16,7,7,0,5,71.4852660021279,2,1,1,2,3,1,516,516
length_heterogeneity_h100_20260623_195133,equal,4,16,7,7,0,6,70.76998100092169,1,0,1,1,1,0,516,516
length_heterogeneity_h100_20260623_195133,equal,4,16,7,7,1,1,71.94052200065926,4,1,3,50,64,14,532,516
length_heterogeneity_h100_20260623_195133,equal,4,16,7,7,1,2,72.30378399253823,1,1,0,11,14,3,532,532
length_heterogeneity_h100_20260623_195133,equal,4,16,7,7,1,3,72.57362300879322,1,0,1,3,3,0,532,532
length_heterogeneity_h100_20260623_195133,equal,4,16,7,7,2,1,74.39319299010094,4,0,4,64,64,0,548,532
length_heterogeneity_h100_20260623_195133,equal,4,16,7,7,3,1,75.46119800827,4,0,4,64,64,0,564,548
length_heterogeneity_h100_20260623_195133,equal,4,16,8,8,0,1,67.69507098942995,4,3,1,45,64,19,516,500
length_heterogeneity_h100_20260623_195133,equal,4,16,8,8,0,2,68.73135399655439,3,3,0,4,19,15,516,516
length_heterogeneity_h100_20260623_195133,equal,4,16,8,8,0,3,69.4995200028643,3,3,0,7,15,8,516,516
length_heterogeneity_h100_20260623_195133,equal,4,16,8,8,0,4,69.41018499492202,3,3,0,4,8,4,516,516
length_heterogeneity_h100_20260623_195133,equal,4,16,8,8,0,5,69.63536099647172,3,1,2,3,4,1,516,516
length_heterogeneity_h100_20260623_195133,equal,4,16,8,8,0,6,68.89233700348996,1,0,1,1,1,0,516,516
length_heterogeneity_h100_20260623_195133,equal,4,16,8,8,1,1,72.02805699489545,4,0,4,64,64,0,532,516
length_heterogeneity_h100_20260623_195133,equal,4,16,8,8,2,1,74.23069300421048,4,0,4,64,64,0,548,532
length_heterogeneity_h100_20260623_195133,equal,4,16,8,8,3,1,75.26995400257874,4,0,4,64,64,0,564,548
length_heterogeneity_h100_20260623_195133,equal,4,16,9,9,0,1,67.85528399632312,4,3,1,48,64,16,516,500
length_heterogeneity_h100_20260623_195133,equal,4,16,9,9,0,2,68.46763400244527,3,3,0,5,16,11,516,516
length_heterogeneity_h100_20260623_195133,equal,4,16,9,9,0,3,69.26678099262062,3,2,1,4,11,7,516,516
length_heterogeneity_h100_20260623_195133,equal,4,16,9,9,0,4,70.18677999440115,2,2,0,5,7,2,516,516
length_heterogeneity_h100_20260623_195133,equal,4,16,9,9,0,5,69.84077500237618,2,0,2,2,2,0,516,516
length_heterogeneity_h100_20260623_195133,equal,4,16,9,9,1,1,71.87867499305867,4,1,3,50,64,14,532,516
length_heterogeneity_h100_20260623_195133,equal,4,16,9,9,1,2,71.97402100428008,1,1,0,10,14,4,532,532
length_heterogeneity_h100_20260623_195133,equal,4,16,9,9,1,3,72.58365899906494,1,0,1,4,4,0,532,532
length_heterogeneity_h100_20260623_195133,equal,4,16,9,9,2,1,74.58624000719283,4,0,4,64,64,0,548,532
length_heterogeneity_h100_20260623_195133,equal,4,16,9,9,3,1,75.31227500294335,4,0,4,64,64,0,564,548
length_heterogeneity_h100_20260623_195133,moderate,4,16,0,10,0,1,698.6334420071216,4,4,0,14,64,50,716,700
length_heterogeneity_h100_20260623_195133,moderate,4,16,0,10,0,2,95.73446000285912,4,3,1,21,50,29,716,711
length_heterogeneity_h100_20260623_195133,moderate,4,16,0,10,0,3,96.61531100573484,3,2,1,13,29,16,716,712
length_heterogeneity_h100_20260623_195133,moderate,4,16,0,10,0,4,95.77457299747039,2,1,1,4,16,12,716,713
length_heterogeneity_h100_20260623_195133,moderate,4,16,0,10,0,5,96.00592398783192,1,1,0,5,12,7,716,716
length_heterogeneity_h100_20260623_195133,moderate,4,16,0,10,0,6,97.11305100063328,1,0,1,7,7,0,716,716
length_heterogeneity_h100_20260623_195133,moderate,4,16,0,10,1,1,136.37815600668546,4,0,4,64,64,0,732,716
length_heterogeneity_h100_20260623_195133,moderate,4,16,0,10,2,1,132.56228700629435,4,0,4,64,64,0,748,732
length_heterogeneity_h100_20260623_195133,moderate,4,16,0,10,3,1,133.93272100074682,4,0,4,64,64,0,764,748
length_heterogeneity_h100_20260623_195133,moderate,4,16,1,11,0,1,94.45498599961866,4,4,0,13,64,51,716,700
length_heterogeneity_h100_20260623_195133,moderate,4,16,1,11,0,2,96.0914210008923,4,4,0,6,51,45,716,710
length_heterogeneity_h100_20260623_195133,moderate,4,16,1,11,0,3,97.18099699239247,4,2,2,31,45,14,716,713
length_heterogeneity_h100_20260623_195133,moderate,4,16,1,11,0,4,97.29368799889926,2,1,1,2,14,12,716,715
length_heterogeneity_h100_20260623_195133,moderate,4,16,1,11,0,5,97.68075399915688,1,1,0,9,12,3,716,716
length_heterogeneity_h100_20260623_195133,moderate,4,16,1,11,0,6,97.08575399417896,1,0,1,3,3,0,716,716
length_heterogeneity_h100_20260623_195133,moderate,4,16,1,11,1,1,99.65092400670983,4,0,4,64,64,0,732,716
length_heterogeneity_h100_20260623_195133,moderate,4,16,1,11,2,1,101.91112299798988,4,0,4,64,64,0,748,732
length_heterogeneity_h100_20260623_195133,moderate,4,16,1,11,3,1,111.04396299924701,4,0,4,64,64,0,764,748
length_heterogeneity_h100_20260623_195133,moderate,4,16,2,12,0,1,94.34640499239322,4,4,0,14,64,50,716,700
length_heterogeneity_h100_20260623_195133,moderate,4,16,2,12,0,2,95.81860300386325,4,3,1,21,50,29,716,711
length_heterogeneity_h100_20260623_195133,moderate,4,16,2,12,0,3,96.64517299097497,3,2,1,13,29,16,716,712
length_heterogeneity_h100_20260623_195133,moderate,4,16,2,12,0,4,97.75828500278294,2,1,1,4,16,12,716,713
length_heterogeneity_h100_20260623_195133,moderate,4,16,2,12,0,5,98.21493799972814,1,1,0,5,12,7,716,716
length_heterogeneity_h100_20260623_195133,moderate,4,16,2,12,0,6,97.13251100038178,1,0,1,7,7,0,716,716
length_heterogeneity_h100_20260623_195133,moderate,4,16,2,12,1,1,99.63871999934781,4,0,4,64,64,0,732,716
length_heterogeneity_h100_20260623_195133,moderate,4,16,2,12,2,1,101.57040400372352,4,0,4,64,64,0,748,732
length_heterogeneity_h100_20260623_195133,moderate,4,16,2,12,3,1,111.36449499463197,4,0,4,64,64,0,764,748
length_heterogeneity_h100_20260623_195133,moderate,4,16,3,13,0,1,94.33409600751474,4,4,0,14,64,50,716,700
length_heterogeneity_h100_20260623_195133,moderate,4,16,3,13,0,2,96.54912799305748,4,4,0,5,50,45,716,711
length_heterogeneity_h100_20260623_195133,moderate,4,16,3,13,0,3,96.49346000514925,4,2,2,30,45,15,716,713
length_heterogeneity_h100_20260623_195133,moderate,4,16,3,13,0,4,96.67661298590247,2,2,0,2,15,13,716,714
length_heterogeneity_h100_20260623_195133,moderate,4,16,3,13,0,5,97.85798500524834,2,1,1,9,13,4,716,715
length_heterogeneity_h100_20260623_195133,moderate,4,16,3,13,0,6,96.72733700426761,1,0,1,4,4,0,716,716
length_heterogeneity_h100_20260623_195133,moderate,4,16,3,13,1,1,100.9455470048124,4,0,4,64,64,0,732,716
length_heterogeneity_h100_20260623_195133,moderate,4,16,3,13,2,1,101.38707899022847,4,0,4,64,64,0,748,732
length_heterogeneity_h100_20260623_195133,moderate,4,16,3,13,3,1,110.0195549952332,4,0,4,64,64,0,764,748
length_heterogeneity_h100_20260623_195133,moderate,4,16,4,14,0,1,95.29952899902128,4,4,0,14,64,50,716,700
length_heterogeneity_h100_20260623_195133,moderate,4,16,4,14,0,2,97.8392600081861,4,3,1,23,50,27,716,711
length_heterogeneity_h100_20260623_195133,moderate,4,16,4,14,0,3,96.72210700227879,3,2,1,11,27,16,716,712
length_heterogeneity_h100_20260623_195133,moderate,4,16,4,14,0,4,97.0454560010694,2,1,1,4,16,12,716,713
length_heterogeneity_h100_20260623_195133,moderate,4,16,4,14,0,5,98.42540298996028,1,1,0,5,12,7,716,716
length_heterogeneity_h100_20260623_195133,moderate,4,16,4,14,0,6,97.19709499040619,1,0,1,7,7,0,716,716
length_heterogeneity_h100_20260623_195133,moderate,4,16,4,14,1,1,100.22487700916827,4,0,4,64,64,0,732,716
length_heterogeneity_h100_20260623_195133,moderate,4,16,4,14,2,1,101.37878500972874,4,0,4,64,64,0,748,732
length_heterogeneity_h100_20260623_195133,moderate,4,16,4,14,3,1,111.25121999066323,4,0,4,64,64,0,764,748
length_heterogeneity_h100_20260623_195133,moderate,4,16,5,15,0,1,95.63510501175188,4,4,0,13,64,51,716,700
length_heterogeneity_h100_20260623_195133,moderate,4,16,5,15,0,2,96.38433100190014,4,4,0,6,51,45,716,710
length_heterogeneity_h100_20260623_195133,moderate,4,16,5,15,0,3,97.70659400965087,4,2,2,31,45,14,716,713
length_heterogeneity_h100_20260623_195133,moderate,4,16,5,15,0,4,97.37162599049043,2,1,1,2,14,12,716,715
length_heterogeneity_h100_20260623_195133,moderate,4,16,5,15,0,5,96.8145709921373,1,1,0,8,12,4,716,716
length_heterogeneity_h100_20260623_195133,moderate,4,16,5,15,0,6,97.09023700270336,1,0,1,4,4,0,716,716
length_heterogeneity_h100_20260623_195133,moderate,4,16,5,15,1,1,100.24232299474534,4,0,4,64,64,0,732,716
length_heterogeneity_h100_20260623_195133,moderate,4,16,5,15,2,1,100.96526399138384,4,0,4,64,64,0,748,732
length_heterogeneity_h100_20260623_195133,moderate,4,16,5,15,3,1,110.5049439938739,4,0,4,64,64,0,764,748
length_heterogeneity_h100_20260623_195133,moderate,4,16,6,16,0,1,94.86266900785267,4,4,0,14,64,50,716,700
length_heterogeneity_h100_20260623_195133,moderate,4,16,6,16,0,2,95.99461499601603,4,3,1,22,50,28,716,711
length_heterogeneity_h100_20260623_195133,moderate,4,16,6,16,0,3,96.90054299426265,3,2,1,12,28,16,716,712
length_heterogeneity_h100_20260623_195133,moderate,4,16,6,16,0,4,98.01527399395127,2,1,1,4,16,12,716,713
length_heterogeneity_h100_20260623_195133,moderate,4,16,6,16,0,5,98.06499700061977,1,1,0,5,12,7,716,716
length_heterogeneity_h100_20260623_195133,moderate,4,16,6,16,0,6,97.07349599921145,1,0,1,7,7,0,716,716
length_heterogeneity_h100_20260623_195133,moderate,4,16,6,16,1,1,101.5402630000608,4,0,4,64,64,0,732,716
length_heterogeneity_h100_20260623_195133,moderate,4,16,6,16,2,1,101.02182099944912,4,0,4,64,64,0,748,732
length_heterogeneity_h100_20260623_195133,moderate,4,16,6,16,3,1,105.14843699638732,4,0,4,64,64,0,764,748
length_heterogeneity_h100_20260623_195133,moderate,4,16,7,17,0,1,94.53043898975011,4,4,0,13,64,51,716,700
length_heterogeneity_h100_20260623_195133,moderate,4,16,7,17,0,2,96.21979399526026,4,4,0,6,51,45,716,710
length_heterogeneity_h100_20260623_195133,moderate,4,16,7,17,0,3,97.17609600920696,4,2,2,31,45,14,716,713
length_heterogeneity_h100_20260623_195133,moderate,4,16,7,17,0,4,96.66156099410728,2,1,1,2,14,12,716,715
length_heterogeneity_h100_20260623_195133,moderate,4,16,7,17,0,5,96.96093101229053,1,1,0,8,12,4,716,716
length_heterogeneity_h100_20260623_195133,moderate,4,16,7,17,0,6,97.39627900125924,1,0,1,4,4,0,716,716
length_heterogeneity_h100_20260623_195133,moderate,4,16,7,17,1,1,99.41468499891926,4,0,4,64,64,0,732,716
length_heterogeneity_h100_20260623_195133,moderate,4,16,7,17,2,1,100.67443299340084,4,0,4,64,64,0,748,732
length_heterogeneity_h100_20260623_195133,moderate,4,16,7,17,3,1,113.21378400316462,4,0,4,64,64,0,764,748
length_heterogeneity_h100_20260623_195133,moderate,4,16,8,18,0,1,94.50962200935464,4,4,0,14,64,50,716,700
length_heterogeneity_h100_20260623_195133,moderate,4,16,8,18,0,2,96.20742998959031,4,3,1,22,50,28,716,711
length_heterogeneity_h100_20260623_195133,moderate,4,16,8,18,0,3,97.37034700810909,3,2,1,12,28,16,716,712
length_heterogeneity_h100_20260623_195133,moderate,4,16,8,18,0,4,97.55622499505989,2,1,1,4,16,12,716,713
length_heterogeneity_h100_20260623_195133,moderate,4,16,8,18,0,5,96.57036200223956,1,1,0,5,12,7,716,716
length_heterogeneity_h100_20260623_195133,moderate,4,16,8,18,0,6,96.5827580075711,1,0,1,7,7,0,716,716
length_heterogeneity_h100_20260623_195133,moderate,4,16,8,18,1,1,100.27004899166059,4,0,4,64,64,0,732,716
length_heterogeneity_h100_20260623_195133,moderate,4,16,8,18,2,1,100.76987600768916,4,0,4,64,64,0,748,732
length_heterogeneity_h100_20260623_195133,moderate,4,16,8,18,3,1,113.4865639905911,4,0,4,64,64,0,764,748
length_heterogeneity_h100_20260623_195133,moderate,4,16,9,19,0,1,95.40822899725754,4,4,0,13,64,51,716,700
length_heterogeneity_h100_20260623_195133,moderate,4,16,9,19,0,2,97.50913199968636,4,4,0,6,51,45,716,710
length_heterogeneity_h100_20260623_195133,moderate,4,16,9,19,0,3,97.10739000001922,4,2,2,31,45,14,716,713
length_heterogeneity_h100_20260623_195133,moderate,4,16,9,19,0,4,97.08580700680614,2,1,1,2,14,12,716,715
length_heterogeneity_h100_20260623_195133,moderate,4,16,9,19,0,5,96.33925299567636,1,1,0,8,12,4,716,716
length_heterogeneity_h100_20260623_195133,moderate,4,16,9,19,0,6,97.36354100459721,1,0,1,4,4,0,716,716
length_heterogeneity_h100_20260623_195133,moderate,4,16,9,19,1,1,99.67313001106959,4,0,4,64,64,0,732,716
length_heterogeneity_h100_20260623_195133,moderate,4,16,9,19,2,1,100.1038120011799,4,0,4,64,64,0,748,732
length_heterogeneity_h100_20260623_195133,moderate,4,16,9,19,3,1,116.08385998988524,4,0,4,64,64,0,764,748
length_heterogeneity_h100_20260623_195133,extreme,4,16,0,20,0,1,263.2460979948519,4,4,0,17,64,47,1716,1700
length_heterogeneity_h100_20260623_195133,extreme,4,16,0,20,0,2,234.073872998124,4,1,3,46,47,1,1716,1714
length_heterogeneity_h100_20260623_195133,extreme,4,16,0,20,0,3,233.7319960060995,1,0,1,1,1,0,1716,1715
length_heterogeneity_h100_20260623_195133,extreme,4,16,0,20,1,1,277.0107770047616,4,1,3,54,64,10,1732,1716
length_heterogeneity_h100_20260623_195133,extreme,4,16,0,20,1,2,238.00066699914169,1,0,1,10,10,0,1732,1722
length_heterogeneity_h100_20260623_195133,extreme,4,16,0,20,2,1,264.2106480052462,4,0,4,64,64,0,1748,1732
length_heterogeneity_h100_20260623_195133,extreme,4,16,0,20,3,1,268.9835130004212,4,0,4,64,64,0,1764,1748
length_heterogeneity_h100_20260623_195133,extreme,4,16,1,21,0,1,231.33773100562394,4,4,0,16,64,48,1716,1700
length_heterogeneity_h100_20260623_195133,extreme,4,16,1,21,0,2,233.61900400777813,4,1,3,47,48,1,1716,1713
length_heterogeneity_h100_20260623_195133,extreme,4,16,1,21,0,3,241.29613599507138,1,0,1,1,1,0,1716,1715
length_heterogeneity_h100_20260623_195133,extreme,4,16,1,21,1,1,248.64001698733773,4,1,3,62,64,2,1732,1716
length_heterogeneity_h100_20260623_195133,extreme,4,16,1,21,1,2,238.33322900463827,1,1,0,1,2,1,1732,1730
length_heterogeneity_h100_20260623_195133,extreme,4,16,1,21,1,3,234.31453200464603,1,0,1,1,1,0,1732,1731
length_heterogeneity_h100_20260623_195133,extreme,4,16,1,21,2,1,238.08152899437118,4,1,3,59,64,5,1748,1732
length_heterogeneity_h100_20260623_195133,extreme,4,16,1,21,2,2,242.0137919980334,1,1,0,1,5,4,1748,1743
length_heterogeneity_h100_20260623_195133,extreme,4,16,1,21,2,3,244.47655900439713,1,1,0,1,4,3,1748,1744
length_heterogeneity_h100_20260623_195133,extreme,4,16,1,21,2,4,237.76182300935034,1,0,1,3,3,0,1748,1745
length_heterogeneity_h100_20260623_195133,extreme,4,16,1,21,3,1,245.5484219972277,4,0,4,64,64,0,1764,1748
length_heterogeneity_h100_20260623_195133,extreme,4,16,2,22,0,1,232.36604299745522,4,4,0,16,64,48,1716,1700
length_heterogeneity_h100_20260623_195133,extreme,4,16,2,22,0,2,237.40370500308927,4,1,3,47,48,1,1716,1713
length_heterogeneity_h100_20260623_195133,extreme,4,16,2,22,0,3,236.6710520000197,1,0,1,1,1,0,1716,1715
length_heterogeneity_h100_20260623_195133,extreme,4,16,2,22,1,1,247.3116180044599,4,1,3,54,64,10,1732,1716
length_heterogeneity_h100_20260623_195133,extreme,4,16,2,22,1,2,238.6565659980988,1,0,1,10,10,0,1732,1722
length_heterogeneity_h100_20260623_195133,extreme,4,16,2,22,2,1,237.414233997697,4,0,4,64,64,0,1748,1732
length_heterogeneity_h100_20260623_195133,extreme,4,16,2,22,3,1,241.42525700153783,4,0,4,64,64,0,1764,1748
length_heterogeneity_h100_20260623_195133,extreme,4,16,3,23,0,1,231.59580200444907,4,4,0,16,64,48,1716,1700
length_heterogeneity_h100_20260623_195133,extreme,4,16,3,23,0,2,235.9446260088589,4,1,3,47,48,1,1716,1713
length_heterogeneity_h100_20260623_195133,extreme,4,16,3,23,0,3,236.65346000052523,1,0,1,1,1,0,1716,1715
length_heterogeneity_h100_20260623_195133,extreme,4,16,3,23,1,1,247.32696000137366,4,1,3,62,64,2,1732,1716
length_heterogeneity_h100_20260623_195133,extreme,4,16,3,23,1,2,239.9750720069278,1,1,0,1,2,1,1732,1730
length_heterogeneity_h100_20260623_195133,extreme,4,16,3,23,1,3,235.17162499774713,1,0,1,1,1,0,1732,1731
length_heterogeneity_h100_20260623_195133,extreme,4,16,3,23,2,1,237.60952999873552,4,1,3,59,64,5,1748,1732
length_heterogeneity_h100_20260623_195133,extreme,4,16,3,23,2,2,246.6954569972586,1,1,0,1,5,4,1748,1743
length_heterogeneity_h100_20260623_195133,extreme,4,16,3,23,2,3,243.2978829892818,1,1,0,1,4,3,1748,1744
length_heterogeneity_h100_20260623_195133,extreme,4,16,3,23,2,4,237.92003399285022,1,0,1,3,3,0,1748,1745
length_heterogeneity_h100_20260623_195133,extreme,4,16,3,23,3,1,242.27521200373303,4,0,4,64,64,0,1764,1748
length_heterogeneity_h100_20260623_195133,extreme,4,16,4,24,0,1,231.56264900171664,4,4,0,17,64,47,1716,1700
length_heterogeneity_h100_20260623_195133,extreme,4,16,4,24,0,2,236.84446899278555,4,1,3,46,47,1,1716,1714
length_heterogeneity_h100_20260623_195133,extreme,4,16,4,24,0,3,239.4329899980221,1,0,1,1,1,0,1716,1715
length_heterogeneity_h100_20260623_195133,extreme,4,16,4,24,1,1,249.04188800428528,4,1,3,56,64,8,1732,1716
length_heterogeneity_h100_20260623_195133,extreme,4,16,4,24,1,2,236.74054500588682,1,0,1,8,8,0,1732,1724
length_heterogeneity_h100_20260623_195133,extreme,4,16,4,24,2,1,236.3298889977159,4,0,4,64,64,0,1748,1732
length_heterogeneity_h100_20260623_195133,extreme,4,16,4,24,3,1,242.75658901024144,4,0,4,64,64,0,1764,1748
length_heterogeneity_h100_20260623_195133,extreme,4,16,5,25,0,1,231.81881400523707,4,4,0,16,64,48,1716,1700
length_heterogeneity_h100_20260623_195133,extreme,4,16,5,25,0,2,234.64682199119125,4,1,3,47,48,1,1716,1713
length_heterogeneity_h100_20260623_195133,extreme,4,16,5,25,0,3,237.63673499342985,1,0,1,1,1,0,1716,1715
length_heterogeneity_h100_20260623_195133,extreme,4,16,5,25,1,1,246.5354949963512,4,1,3,62,64,2,1732,1716
length_heterogeneity_h100_20260623_195133,extreme,4,16,5,25,1,2,240.2809339982923,1,1,0,1,2,1,1732,1730
length_heterogeneity_h100_20260623_195133,extreme,4,16,5,25,1,3,236.0426759987604,1,0,1,1,1,0,1732,1731
length_heterogeneity_h100_20260623_195133,extreme,4,16,5,25,2,1,239.6961199992802,4,1,3,59,64,5,1748,1732
length_heterogeneity_h100_20260623_195133,extreme,4,16,5,25,2,2,247.6048870012164,1,1,0,1,5,4,1748,1743
length_heterogeneity_h100_20260623_195133,extreme,4,16,5,25,2,3,241.72925199673045,1,1,0,1,4,3,1748,1744
length_heterogeneity_h100_20260623_195133,extreme,4,16,5,25,2,4,236.50317901046947,1,0,1,3,3,0,1748,1745
length_heterogeneity_h100_20260623_195133,extreme,4,16,5,25,3,1,243.01573800039478,4,0,4,64,64,0,1764,1748
length_heterogeneity_h100_20260623_195133,extreme,4,16,6,26,0,1,232.61302900209557,4,4,0,17,64,47,1716,1700
length_heterogeneity_h100_20260623_195133,extreme,4,16,6,26,0,2,238.67149000579957,4,1,3,46,47,1,1716,1714
length_heterogeneity_h100_20260623_195133,extreme,4,16,6,26,0,3,236.90407600952312,1,0,1,1,1,0,1716,1715
length_heterogeneity_h100_20260623_195133,extreme,4,16,6,26,1,1,248.02885600365698,4,1,3,54,64,10,1732,1716
length_heterogeneity_h100_20260623_195133,extreme,4,16,6,26,1,2,238.77147200983018,1,0,1,10,10,0,1732,1722
length_heterogeneity_h100_20260623_195133,extreme,4,16,6,26,2,1,237.596407008823,4,0,4,64,64,0,1748,1732
length_heterogeneity_h100_20260623_195133,extreme,4,16,6,26,3,1,240.7707539969124,4,0,4,64,64,0,1764,1748
length_heterogeneity_h100_20260623_195133,extreme,4,16,7,27,0,1,232.5474239914911,4,4,0,15,64,49,1716,1700
length_heterogeneity_h100_20260623_195133,extreme,4,16,7,27,0,2,236.81498400401324,4,1,3,48,49,1,1716,1712
length_heterogeneity_h100_20260623_195133,extreme,4,16,7,27,0,3,238.5315889987396,1,0,1,1,1,0,1716,1715
length_heterogeneity_h100_20260623_195133,extreme,4,16,7,27,1,1,248.65234199387487,4,1,3,62,64,2,1732,1716
length_heterogeneity_h100_20260623_195133,extreme,4,16,7,27,1,2,238.02792601054534,1,1,0,1,2,1,1732,1730
length_heterogeneity_h100_20260623_195133,extreme,4,16,7,27,1,3,237.37606000213418,1,0,1,1,1,0,1732,1731
length_heterogeneity_h100_20260623_195133,extreme,4,16,7,27,2,1,237.20312799559906,4,1,3,59,64,5,1748,1732
length_heterogeneity_h100_20260623_195133,extreme,4,16,7,27,2,2,244.84184899483807,1,1,0,1,5,4,1748,1743
length_heterogeneity_h100_20260623_195133,extreme,4,16,7,27,2,3,241.5217640082119,1,1,0,1,4,3,1748,1744
length_heterogeneity_h100_20260623_195133,extreme,4,16,7,27,2,4,238.30222801188938,1,0,1,3,3,0,1748,1745
length_heterogeneity_h100_20260623_195133,extreme,4,16,7,27,3,1,242.7648120064987,4,0,4,64,64,0,1764,1748
length_heterogeneity_h100_20260623_195133,extreme,4,16,8,28,0,1,231.61328199785203,4,4,0,17,64,47,1716,1700
length_heterogeneity_h100_20260623_195133,extreme,4,16,8,28,0,2,237.28372700861655,4,1,3,46,47,1,1716,1714
length_heterogeneity_h100_20260623_195133,extreme,4,16,8,28,0,3,238.71977599628735,1,0,1,1,1,0,1716,1715
length_heterogeneity_h100_20260623_195133,extreme,4,16,8,28,1,1,251.17103599768598,4,1,3,55,64,9,1732,1716
length_heterogeneity_h100_20260623_195133,extreme,4,16,8,28,1,2,236.1317729955772,1,0,1,9,9,0,1732,1723
length_heterogeneity_h100_20260623_195133,extreme,4,16,8,28,2,1,236.94425300345756,4,0,4,64,64,0,1748,1732
length_heterogeneity_h100_20260623_195133,extreme,4,16,8,28,3,1,243.45102699589916,4,0,4,64,64,0,1764,1748
length_heterogeneity_h100_20260623_195133,extreme,4,16,9,29,0,1,232.42768499767408,4,4,0,16,64,48,1716,1700
length_heterogeneity_h100_20260623_195133,extreme,4,16,9,29,0,2,236.41048300487455,4,1,3,47,48,1,1716,1713
length_heterogeneity_h100_20260623_195133,extreme,4,16,9,29,0,3,237.71240300266072,1,0,1,1,1,0,1716,1715
length_heterogeneity_h100_20260623_195133,extreme,4,16,9,29,1,1,251.53410399798304,4,1,3,62,64,2,1732,1716
length_heterogeneity_h100_20260623_195133,extreme,4,16,9,29,1,2,238.5891319863731,1,1,0,1,2,1,1732,1730
length_heterogeneity_h100_20260623_195133,extreme,4,16,9,29,1,3,234.1789469937794,1,0,1,1,1,0,1732,1731
length_heterogeneity_h100_20260623_195133,extreme,4,16,9,29,2,1,236.24685799586587,4,1,3,59,64,5,1748,1732
length_heterogeneity_h100_20260623_195133,extreme,4,16,9,29,2,2,243.19595099950675,1,1,0,1,5,4,1748,1743
length_heterogeneity_h100_20260623_195133,extreme,4,16,9,29,2,3,243.48169199947733,1,1,0,1,4,3,1748,1744
length_heterogeneity_h100_20260623_195133,extreme,4,16,9,29,2,4,237.4772019975353,1,0,1,3,3,0,1748,1745
length_heterogeneity_h100_20260623_195133,extreme,4,16,9,29,3,1,241.6549799963832,4,0,4,64,64,0,1764,1748
length_heterogeneity_h100_20260623_195133,equal,8,16,0,30,0,1,166.82900900195818,8,6,2,94,128,34,516,500
length_heterogeneity_h100_20260623_195133,equal,8,16,0,30,0,2,134.71984000352677,6,6,0,12,34,22,516,516
length_heterogeneity_h100_20260623_195133,equal,8,16,0,30,0,3,135.36912099516485,6,6,0,10,22,12,516,516
length_heterogeneity_h100_20260623_195133,equal,8,16,0,30,0,4,135.2387130027637,6,5,1,7,12,5,516,516
length_heterogeneity_h100_20260623_195133,equal,8,16,0,30,0,5,135.7133030105615,5,0,5,5,5,0,516,516
length_heterogeneity_h100_20260623_195133,equal,8,16,0,30,1,1,172.5218310020864,8,1,7,124,128,4,532,516
length_heterogeneity_h100_20260623_195133,equal,8,16,0,30,1,2,152.16137500829063,1,1,0,1,4,3,532,532
length_heterogeneity_h100_20260623_195133,equal,8,16,0,30,1,3,143.78766300796997,1,1,0,1,3,2,532,532
length_heterogeneity_h100_20260623_195133,equal,8,16,0,30,1,4,141.45414800441358,1,1,0,1,2,1,532,532
length_heterogeneity_h100_20260623_195133,equal,8,16,0,30,1,5,141.59204300085548,1,0,1,1,1,0,532,532
length_heterogeneity_h100_20260623_195133,equal,8,16,0,30,2,1,175.7670109946048,8,1,7,114,128,14,548,532
length_heterogeneity_h100_20260623_195133,equal,8,16,0,30,2,2,147.85182000196073,1,1,0,8,14,6,548,548
length_heterogeneity_h100_20260623_195133,equal,8,16,0,30,2,3,152.61655001086183,1,0,1,6,6,0,548,548
length_heterogeneity_h100_20260623_195133,equal,8,16,0,30,3,1,177.46392100525554,8,0,8,128,128,0,564,548
length_heterogeneity_h100_20260623_195133,equal,8,16,1,31,0,1,132.30849600222427,8,7,1,87,128,41,516,500
length_heterogeneity_h100_20260623_195133,equal,8,16,1,31,0,2,135.41406599688344,7,7,0,9,41,32,516,516
length_heterogeneity_h100_20260623_195133,equal,8,16,1,31,0,3,135.46380201296415,7,7,0,14,32,18,516,516
length_heterogeneity_h100_20260623_195133,equal,8,16,1,31,0,4,136.1418980086455,7,5,2,10,18,8,516,516
length_heterogeneity_h100_20260623_195133,equal,8,16,1,31,0,5,135.87409800675232,5,3,2,5,8,3,516,516
length_heterogeneity_h100_20260623_195133,equal,8,16,1,31,0,6,138.3040840009926,3,0,3,3,3,0,516,516
length_heterogeneity_h100_20260623_195133,equal,8,16,1,31,1,1,161.2032109987922,8,1,7,124,128,4,532,516
length_heterogeneity_h100_20260623_195133,equal,8,16,1,31,1,2,144.8452390031889,1,1,0,1,4,3,532,532
length_heterogeneity_h100_20260623_195133,equal,8,16,1,31,1,3,142.06446000025608,1,1,0,1,3,2,532,532
length_heterogeneity_h100_20260623_195133,equal,8,16,1,31,1,4,144.15669099253137,1,1,0,1,2,1,532,532
length_heterogeneity_h100_20260623_195133,equal,8,16,1,31,1,5,142.03264898969792,1,0,1,1,1,0,532,532
length_heterogeneity_h100_20260623_195133,equal,8,16,1,31,2,1,146.03571000043303,8,1,7,113,128,15,548,532
length_heterogeneity_h100_20260623_195133,equal,8,16,1,31,2,2,156.95768500154372,1,1,0,13,15,2,548,548
length_heterogeneity_h100_20260623_195133,equal,8,16,1,31,2,3,154.4352369965054,1,0,1,2,2,0,548,548
length_heterogeneity_h100_20260623_195133,equal,8,16,1,31,3,1,154.8254299996188,8,0,8,128,128,0,564,548
length_heterogeneity_h100_20260623_195133,equal,8,16,2,32,0,1,132.80242199834902,8,6,2,95,128,33,516,500
length_heterogeneity_h100_20260623_195133,equal,8,16,2,32,0,2,134.5826150063658,6,6,0,10,33,23,516,516
length_heterogeneity_h100_20260623_195133,equal,8,16,2,32,0,3,135.2108270075405,6,6,0,11,23,12,516,516
length_heterogeneity_h100_20260623_195133,equal,8,16,2,32,0,4,134.53078700695187,6,4,2,8,12,4,516,516
length_heterogeneity_h100_20260623_195133,equal,8,16,2,32,0,5,135.56635299755726,4,0,4,4,4,0,516,516
length_heterogeneity_h100_20260623_195133,equal,8,16,2,32,1,1,138.36904100026004,8,1,7,127,128,1,532,516
length_heterogeneity_h100_20260623_195133,equal,8,16,2,32,1,2,152.98154699848965,1,0,1,1,1,0,532,532
length_heterogeneity_h100_20260623_195133,equal,8,16,2,32,2,1,150.79937600239646,8,0,8,128,128,0,548,532
length_heterogeneity_h100_20260623_195133,equal,8,16,2,32,3,1,148.88496200728696,8,0,8,128,128,0,564,548
length_heterogeneity_h100_20260623_195133,equal,8,16,3,33,0,1,132.894779992057,8,7,1,87,128,41,516,500
length_heterogeneity_h100_20260623_195133,equal,8,16,3,33,0,2,134.31605100049637,7,7,0,10,41,31,516,516
length_heterogeneity_h100_20260623_195133,equal,8,16,3,33,0,3,134.9999670055695,7,6,1,15,31,16,516,516
length_heterogeneity_h100_20260623_195133,equal,8,16,3,33,0,4,135.7815759984078,6,5,1,8,16,8,516,516
length_heterogeneity_h100_20260623_195133,equal,8,16,3,33,0,5,135.43191300414037,5,3,2,5,8,3,516,516
length_heterogeneity_h100_20260623_195133,equal,8,16,3,33,0,6,136.17725200310815,3,0,3,3,3,0,516,516
length_heterogeneity_h100_20260623_195133,equal,8,16,3,33,1,1,158.09717700176407,8,1,7,114,128,14,532,516
length_heterogeneity_h100_20260623_195133,equal,8,16,3,33,1,2,148.5059750120854,1,1,0,9,14,5,532,532
length_heterogeneity_h100_20260623_195133,equal,8,16,3,33,1,3,142.62064300419297,1,0,1,5,5,0,532,532
length_heterogeneity_h100_20260623_195133,equal,8,16,3,33,2,1,146.8757470138371,8,0,8,128,128,0,548,532
length_heterogeneity_h100_20260623_195133,equal,8,16,3,33,3,1,147.96729999943636,8,0,8,128,128,0,564,548
length_heterogeneity_h100_20260623_195133,equal,8,16,4,34,0,1,131.89346600847784,8,6,2,94,128,34,516,500
length_heterogeneity_h100_20260623_195133,equal,8,16,4,34,0,2,135.35501099249814,6,6,0,11,34,23,516,516
length_heterogeneity_h100_20260623_195133,equal,8,16,4,34,0,3,136.52515500143636,6,6,0,11,23,12,516,516
length_heterogeneity_h100_20260623_195133,equal,8,16,4,34,0,4,135.385073008365,6,4,2,7,12,5,516,516
length_heterogeneity_h100_20260623_195133,equal,8,16,4,34,0,5,135.58830598776694,4,1,3,4,5,1,516,516
length_heterogeneity_h100_20260623_195133,equal,8,16,4,34,0,6,136.31007699586917,1,0,1,1,1,0,516,516
length_heterogeneity_h100_20260623_195133,equal,8,16,4,34,1,1,160.0888459943235,8,1,7,124,128,4,532,516
length_heterogeneity_h100_20260623_195133,equal,8,16,4,34,1,2,144.9416280083824,1,1,0,1,4,3,532,532
length_heterogeneity_h100_20260623_195133,equal,8,16,4,34,1,3,143.61905000987463,1,1,0,1,3,2,532,532
length_heterogeneity_h100_20260623_195133,equal,8,16,4,34,1,4,141.64686000731308,1,1,0,1,2,1,532,532
length_heterogeneity_h100_20260623_195133,equal,8,16,4,34,1,5,144.99044200056233,1,0,1,1,1,0,532,532
length_heterogeneity_h100_20260623_195133,equal,8,16,4,34,2,1,146.2906450033188,8,1,7,123,128,5,548,532
length_heterogeneity_h100_20260623_195133,equal,8,16,4,34,2,2,153.5806009924272,1,1,0,3,5,2,548,548
length_heterogeneity_h100_20260623_195133,equal,8,16,4,34,2,3,154.49162799632177,1,1,0,1,2,1,548,548
length_heterogeneity_h100_20260623_195133,equal,8,16,4,34,2,4,152.7208449988393,1,0,1,1,1,0,548,548
length_heterogeneity_h100_20260623_195133,equal,8,16,4,34,3,1,150.6555509986356,8,1,7,119,128,9,564,548
length_heterogeneity_h100_20260623_195133,equal,8,16,4,34,3,2,153.01036099845078,1,1,0,1,9,8,564,564
length_heterogeneity_h100_20260623_195133,equal,8,16,4,34,3,3,148.99529100512154,1,1,0,1,8,7,564,564
length_heterogeneity_h100_20260623_195133,equal,8,16,4,34,3,4,153.14739300811198,1,0,1,7,7,0,564,564
length_heterogeneity_h100_20260623_195133,equal,8,16,5,35,0,1,132.2706609935267,8,7,1,86,128,42,516,500
length_heterogeneity_h100_20260623_195133,equal,8,16,5,35,0,2,135.18109699361958,7,7,0,9,42,33,516,516
length_heterogeneity_h100_20260623_195133,equal,8,16,5,35,0,3,135.48733900825027,7,7,0,15,33,18,516,516
length_heterogeneity_h100_20260623_195133,equal,8,16,5,35,0,4,134.88244800828397,7,5,2,10,18,8,516,516
length_heterogeneity_h100_20260623_195133,equal,8,16,5,35,0,5,135.07023800048046,5,3,2,5,8,3,516,516
length_heterogeneity_h100_20260623_195133,equal,8,16,5,35,0,6,135.45073500426952,3,0,3,3,3,0,516,516
length_heterogeneity_h100_20260623_195133,equal,8,16,5,35,1,1,154.74845901189838,8,1,7,124,128,4,532,516
length_heterogeneity_h100_20260623_195133,equal,8,16,5,35,1,2,145.48851099971216,1,1,0,1,4,3,532,532
length_heterogeneity_h100_20260623_195133,equal,8,16,5,35,1,3,143.2264899922302,1,1,0,1,3,2,532,532
length_heterogeneity_h100_20260623_195133,equal,8,16,5,35,1,4,143.4414539980935,1,1,0,1,2,1,532,532
length_heterogeneity_h100_20260623_195133,equal,8,16,5,35,1,5,141.69948099879548,1,0,1,1,1,0,532,532
length_heterogeneity_h100_20260623_195133,equal,8,16,5,35,2,1,147.72004500264302,8,1,7,113,128,15,548,532
length_heterogeneity_h100_20260623_195133,equal,8,16,5,35,2,2,152.44819900544826,1,0,1,15,15,0,548,548
length_heterogeneity_h100_20260623_195133,equal,8,16,5,35,3,1,159.17306099436246,8,0,8,128,128,0,564,548
length_heterogeneity_h100_20260623_195133,equal,8,16,6,36,0,1,132.5732850091299,8,6,2,94,128,34,516,500
length_heterogeneity_h100_20260623_195133,equal,8,16,6,36,0,2,135.25232300162315,6,6,0,11,34,23,516,516
length_heterogeneity_h100_20260623_195133,equal,8,16,6,36,0,3,135.34607799374498,6,6,0,12,23,11,516,516
length_heterogeneity_h100_20260623_195133,equal,8,16,6,36,0,4,136.54658700397704,6,4,2,7,11,4,516,516
length_heterogeneity_h100_20260623_195133,equal,8,16,6,36,0,5,135.09720801084768,4,0,4,4,4,0,516,516
length_heterogeneity_h100_20260623_195133,equal,8,16,6,36,1,1,139.6603010070976,8,1,7,124,128,4,532,516
length_heterogeneity_h100_20260623_195133,equal,8,16,6,36,1,2,162.30352300044615,1,1,0,1,4,3,532,532
length_heterogeneity_h100_20260623_195133,equal,8,16,6,36,1,3,145.80857199325692,1,1,0,1,3,2,532,532
length_heterogeneity_h100_20260623_195133,equal,8,16,6,36,1,4,142.70514801319223,1,1,0,1,2,1,532,532
length_heterogeneity_h100_20260623_195133,equal,8,16,6,36,1,5,141.87692198902369,1,0,1,1,1,0,532,532
length_heterogeneity_h100_20260623_195133,equal,8,16,6,36,2,1,146.93429099861532,8,1,7,122,128,6,548,532
length_heterogeneity_h100_20260623_195133,equal,8,16,6,36,2,2,148.14005899825133,1,1,0,5,6,1,548,548
length_heterogeneity_h100_20260623_195133,equal,8,16,6,36,2,3,156.10347599431407,1,0,1,1,1,0,548,548
length_heterogeneity_h100_20260623_195133,equal,8,16,6,36,3,1,158.61186099937186,8,1,7,119,128,9,564,548
length_heterogeneity_h100_20260623_195133,equal,8,16,6,36,3,2,154.43703799974173,1,1,0,1,9,8,564,564
length_heterogeneity_h100_20260623_195133,equal,8,16,6,36,3,3,150.11422499082983,1,1,0,1,8,7,564,564
length_heterogeneity_h100_20260623_195133,equal,8,16,6,36,3,4,149.2829180060653,1,0,1,7,7,0,564,564
length_heterogeneity_h100_20260623_195133,equal,8,16,7,37,0,1,132.06075099878944,8,7,1,87,128,41,516,500
length_heterogeneity_h100_20260623_195133,equal,8,16,7,37,0,2,134.35871800174937,7,7,0,9,41,32,516,516
length_heterogeneity_h100_20260623_195133,equal,8,16,7,37,0,3,134.987954996177,7,6,1,15,32,17,516,516
length_heterogeneity_h100_20260623_195133,equal,8,16,7,37,0,4,135.41654699656647,6,5,1,9,17,8,516,516
length_heterogeneity_h100_20260623_195133,equal,8,16,7,37,0,5,134.88936000794638,5,3,2,5,8,3,516,516
length_heterogeneity_h100_20260623_195133,equal,8,16,7,37,0,6,134.97152300260495,3,0,3,3,3,0,516,516
length_heterogeneity_h100_20260623_195133,equal,8,16,7,37,1,1,160.8973019901896,8,1,7,114,128,14,532,516
length_heterogeneity_h100_20260623_195133,equal,8,16,7,37,1,2,144.76906499476172,1,1,0,11,14,3,532,532
length_heterogeneity_h100_20260623_195133,equal,8,16,7,37,1,3,144.1147580044344,1,0,1,3,3,0,532,532
length_heterogeneity_h100_20260623_195133,equal,8,16,7,37,2,1,147.00883999466896,8,0,8,128,128,0,548,532
length_heterogeneity_h100_20260623_195133,equal,8,16,7,37,3,1,151.07827799511142,8,0,8,128,128,0,564,548
length_heterogeneity_h100_20260623_195133,equal,8,16,8,38,0,1,132.30859600298572,8,6,2,93,128,35,516,500
length_heterogeneity_h100_20260623_195133,equal,8,16,8,38,0,2,134.5941519975895,6,6,0,9,35,26,516,516
length_heterogeneity_h100_20260623_195133,equal,8,16,8,38,0,3,134.77690001309384,6,6,0,13,26,13,516,516
length_heterogeneity_h100_20260623_195133,equal,8,16,8,38,0,4,135.36326600296889,6,4,2,7,13,6,516,516
length_heterogeneity_h100_20260623_195133,equal,8,16,8,38,0,5,135.26399999682326,4,2,2,4,6,2,516,516
length_heterogeneity_h100_20260623_195133,equal,8,16,8,38,0,6,136.31682099367026,2,0,2,2,2,0,516,516
length_heterogeneity_h100_20260623_195133,equal,8,16,8,38,1,1,156.66754700941965,8,1,7,124,128,4,532,516
length_heterogeneity_h100_20260623_195133,equal,8,16,8,38,1,2,145.15888600726612,1,1,0,1,4,3,532,532
length_heterogeneity_h100_20260623_195133,equal,8,16,8,38,1,3,145.35294199595228,1,1,0,1,3,2,532,532
length_heterogeneity_h100_20260623_195133,equal,8,16,8,38,1,4,141.77090500015765,1,1,0,1,2,1,532,532
length_heterogeneity_h100_20260623_195133,equal,8,16,8,38,1,5,141.50860399240628,1,0,1,1,1,0,532,532
length_heterogeneity_h100_20260623_195133,equal,8,16,8,38,2,1,145.5565850046696,8,1,7,123,128,5,548,532
length_heterogeneity_h100_20260623_195133,equal,8,16,8,38,2,2,156.86206000100356,1,1,0,3,5,2,548,548
length_heterogeneity_h100_20260623_195133,equal,8,16,8,38,2,3,154.65669299010187,1,1,0,1,2,1,548,548
length_heterogeneity_h100_20260623_195133,equal,8,16,8,38,2,4,155.04485298879445,1,0,1,1,1,0,548,548
length_heterogeneity_h100_20260623_195133,equal,8,16,8,38,3,1,149.39188600692432,8,1,7,119,128,9,564,548
length_heterogeneity_h100_20260623_195133,equal,8,16,8,38,3,2,148.99286899890285,1,1,0,1,9,8,564,564
length_heterogeneity_h100_20260623_195133,equal,8,16,8,38,3,3,149.85243500268552,1,1,0,1,8,7,564,564
length_heterogeneity_h100_20260623_195133,equal,8,16,8,38,3,4,152.7061499946285,1,0,1,7,7,0,564,564
length_heterogeneity_h100_20260623_195133,equal,8,16,9,39,0,1,132.53910400089808,8,7,1,87,128,41,516,500
length_heterogeneity_h100_20260623_195133,equal,8,16,9,39,0,2,135.17558200692292,7,7,0,9,41,32,516,516
length_heterogeneity_h100_20260623_195133,equal,8,16,9,39,0,3,135.45680198876653,7,6,1,15,32,17,516,516
length_heterogeneity_h100_20260623_195133,equal,8,16,9,39,0,4,134.73691999388393,6,5,1,10,17,7,516,516
length_heterogeneity_h100_20260623_195133,equal,8,16,9,39,0,5,135.2179280074779,5,2,3,5,7,2,516,516
length_heterogeneity_h100_20260623_195133,equal,8,16,9,39,0,6,136.33065899193753,2,0,2,2,2,0,516,516
length_heterogeneity_h100_20260623_195133,equal,8,16,9,39,1,1,157.77806099504232,8,1,7,114,128,14,532,516
length_heterogeneity_h100_20260623_195133,equal,8,16,9,39,1,2,145.33541499986313,1,1,0,10,14,4,532,532
length_heterogeneity_h100_20260623_195133,equal,8,16,9,39,1,3,143.6120839935029,1,0,1,4,4,0,532,532
length_heterogeneity_h100_20260623_195133,equal,8,16,9,39,2,1,148.5053149954183,8,0,8,128,128,0,548,532
length_heterogeneity_h100_20260623_195133,equal,8,16,9,39,3,1,148.19875099055935,8,0,8,128,128,0,564,548
length_heterogeneity_h100_20260623_195133,moderate,8,16,0,40,0,1,220.77062900643796,8,8,0,27,128,101,716,700
length_heterogeneity_h100_20260623_195133,moderate,8,16,0,40,0,2,190.95419799850788,8,6,2,43,101,58,716,711
length_heterogeneity_h100_20260623_195133,moderate,8,16,0,40,0,3,189.0627529937774,6,3,3,41,58,17,716,713
length_heterogeneity_h100_20260623_195133,moderate,8,16,0,40,0,4,189.8227079946082,3,2,1,3,17,14,716,715
length_heterogeneity_h100_20260623_195133,moderate,8,16,0,40,0,5,209.58349399734288,2,2,0,5,14,9,716,716
length_heterogeneity_h100_20260623_195133,moderate,8,16,0,40,0,6,197.7294569951482,2,1,1,3,9,6,716,716
length_heterogeneity_h100_20260623_195133,moderate,8,16,0,40,0,7,193.1794690026436,1,1,0,4,6,2,716,716
length_heterogeneity_h100_20260623_195133,moderate,8,16,0,40,0,8,189.86680899979547,1,1,0,1,2,1,716,716
length_heterogeneity_h100_20260623_195133,moderate,8,16,0,40,0,9,195.63479100179393,1,0,1,1,1,0,716,716
length_heterogeneity_h100_20260623_195133,moderate,8,16,0,40,1,1,232.35982700134628,8,0,8,128,128,0,732,716
length_heterogeneity_h100_20260623_195133,moderate,8,16,0,40,2,1,226.73944200505503,8,0,8,128,128,0,748,732
length_heterogeneity_h100_20260623_195133,moderate,8,16,0,40,3,1,232.1410489967093,8,0,8,128,128,0,764,748
length_heterogeneity_h100_20260623_195133,moderate,8,16,1,41,0,1,186.4994130010018,8,8,0,23,128,105,716,700
length_heterogeneity_h100_20260623_195133,moderate,8,16,1,41,0,2,191.53697100409772,8,7,1,35,105,70,716,711
length_heterogeneity_h100_20260623_195133,moderate,8,16,1,41,0,3,189.39870499889366,7,3,4,46,70,24,716,712
length_heterogeneity_h100_20260623_195133,moderate,8,16,1,41,0,4,189.74347499897704,3,2,1,5,24,19,716,713
length_heterogeneity_h100_20260623_195133,moderate,8,16,1,41,0,5,208.65159800450783,2,2,0,3,19,16,716,716
length_heterogeneity_h100_20260623_195133,moderate,8,16,1,41,0,6,195.2345550089376,2,2,0,7,16,9,716,716
length_heterogeneity_h100_20260623_195133,moderate,8,16,1,41,0,7,192.413206998026,2,2,0,3,9,6,716,716
length_heterogeneity_h100_20260623_195133,moderate,8,16,1,41,0,8,190.24671700026374,2,2,0,2,6,4,716,716
length_heterogeneity_h100_20260623_195133,moderate,8,16,1,41,0,9,193.3854280068772,2,1,1,3,4,1,716,716
length_heterogeneity_h100_20260623_195133,moderate,8,16,1,41,0,10,205.85536801081616,1,0,1,1,1,0,716,716
length_heterogeneity_h100_20260623_195133,moderate,8,16,1,41,1,1,201.78886300709564,8,1,7,114,128,14,732,716
length_heterogeneity_h100_20260623_195133,moderate,8,16,1,41,1,2,199.2666059959447,1,1,0,1,14,13,732,732
length_heterogeneity_h100_20260623_195133,moderate,8,16,1,41,1,3,197.1494290046394,1,0,1,13,13,0,732,732
length_heterogeneity_h100_20260623_195133,moderate,8,16,1,41,2,1,200.8391639974434,8,0,8,128,128,0,748,732
length_heterogeneity_h100_20260623_195133,moderate,8,16,1,41,3,1,215.20163500099443,8,0,8,128,128,0,764,748
length_heterogeneity_h100_20260623_195133,moderate,8,16,2,42,0,1,187.63826999929734,8,8,0,28,128,100,716,700
length_heterogeneity_h100_20260623_195133,moderate,8,16,2,42,0,2,189.93224400037434,8,6,2,39,100,61,716,711
length_heterogeneity_h100_20260623_195133,moderate,8,16,2,42,0,3,189.32493800821248,6,3,3,43,61,18,716,713
length_heterogeneity_h100_20260623_195133,moderate,8,16,2,42,0,4,190.14918399625458,3,3,0,3,18,15,716,714
length_heterogeneity_h100_20260623_195133,moderate,8,16,2,42,0,5,209.88031300657894,3,2,1,6,15,9,716,715
length_heterogeneity_h100_20260623_195133,moderate,8,16,2,42,0,6,198.12634300615173,2,1,1,3,9,6,716,716
length_heterogeneity_h100_20260623_195133,moderate,8,16,2,42,0,7,194.17742799851112,1,1,0,4,6,2,716,716
length_heterogeneity_h100_20260623_195133,moderate,8,16,2,42,0,8,190.17852201068308,1,1,0,1,2,1,716,716
length_heterogeneity_h100_20260623_195133,moderate,8,16,2,42,0,9,192.58455799717922,1,0,1,1,1,0,716,716
length_heterogeneity_h100_20260623_195133,moderate,8,16,2,42,1,1,204.09938399097882,8,0,8,128,128,0,732,716
length_heterogeneity_h100_20260623_195133,moderate,8,16,2,42,2,1,202.80965699930675,8,0,8,128,128,0,748,732
length_heterogeneity_h100_20260623_195133,moderate,8,16,2,42,3,1,204.10521900339518,8,0,8,128,128,0,764,748
length_heterogeneity_h100_20260623_195133,moderate,8,16,3,43,0,1,187.56944000779185,8,8,0,23,128,105,716,700
length_heterogeneity_h100_20260623_195133,moderate,8,16,3,43,0,2,190.72176299232524,8,7,1,38,105,67,716,711
length_heterogeneity_h100_20260623_195133,moderate,8,16,3,43,0,3,190.43541300925426,7,3,4,43,67,24,716,712
length_heterogeneity_h100_20260623_195133,moderate,8,16,3,43,0,4,189.63046399585437,3,2,1,5,24,19,716,713
length_heterogeneity_h100_20260623_195133,moderate,8,16,3,43,0,5,211.24986300128512,2,2,0,3,19,16,716,716
length_heterogeneity_h100_20260623_195133,moderate,8,16,3,43,0,6,194.92181699024513,2,2,0,8,16,8,716,716
length_heterogeneity_h100_20260623_195133,moderate,8,16,3,43,0,7,192.98812199849635,2,1,1,5,8,3,716,716
length_heterogeneity_h100_20260623_195133,moderate,8,16,3,43,0,8,189.33429999742657,1,1,0,1,3,2,716,716
length_heterogeneity_h100_20260623_195133,moderate,8,16,3,43,0,9,192.71347500034608,1,1,0,1,2,1,716,716
length_heterogeneity_h100_20260623_195133,moderate,8,16,3,43,0,10,205.14454299700446,1,0,1,1,1,0,716,716
length_heterogeneity_h100_20260623_195133,moderate,8,16,3,43,1,1,201.3604289968498,8,1,7,114,128,14,732,716
length_heterogeneity_h100_20260623_195133,moderate,8,16,3,43,1,2,196.85663800919428,1,1,0,1,14,13,732,732
length_heterogeneity_h100_20260623_195133,moderate,8,16,3,43,1,3,197.39021400164347,1,0,1,13,13,0,732,732
length_heterogeneity_h100_20260623_195133,moderate,8,16,3,43,2,1,202.3531339946203,8,0,8,128,128,0,748,732
length_heterogeneity_h100_20260623_195133,moderate,8,16,3,43,3,1,213.30189899890684,8,0,8,128,128,0,764,748
length_heterogeneity_h100_20260623_195133,moderate,8,16,4,44,0,1,186.13571100286208,8,8,0,27,128,101,716,700
length_heterogeneity_h100_20260623_195133,moderate,8,16,4,44,0,2,188.86320800811518,8,6,2,43,101,58,716,711
length_heterogeneity_h100_20260623_195133,moderate,8,16,4,44,0,3,191.01922700065188,6,3,3,41,58,17,716,713
length_heterogeneity_h100_20260623_195133,moderate,8,16,4,44,0,4,191.61940799676813,3,2,1,3,17,14,716,715
length_heterogeneity_h100_20260623_195133,moderate,8,16,4,44,0,5,208.77711899811402,2,2,0,5,14,9,716,716
length_heterogeneity_h100_20260623_195133,moderate,8,16,4,44,0,6,197.07390300754923,2,1,1,3,9,6,716,716
length_heterogeneity_h100_20260623_195133,moderate,8,16,4,44,0,7,192.24988199130166,1,1,0,4,6,2,716,716
length_heterogeneity_h100_20260623_195133,moderate,8,16,4,44,0,8,195.37884299643338,1,1,0,1,2,1,716,716
length_heterogeneity_h100_20260623_195133,moderate,8,16,4,44,0,9,192.34853000671137,1,0,1,1,1,0,716,716
length_heterogeneity_h100_20260623_195133,moderate,8,16,4,44,1,1,206.7579639988253,8,0,8,128,128,0,732,716
length_heterogeneity_h100_20260623_195133,moderate,8,16,4,44,2,1,204.0203329961514,8,0,8,128,128,0,748,732
length_heterogeneity_h100_20260623_195133,moderate,8,16,4,44,3,1,204.17471799009945,8,1,7,122,128,6,764,748
length_heterogeneity_h100_20260623_195133,moderate,8,16,4,44,3,2,204.88360300078057,1,0,1,6,6,0,764,764
length_heterogeneity_h100_20260623_195133,moderate,8,16,5,45,0,1,186.82669100235216,8,8,0,23,128,105,716,700
length_heterogeneity_h100_20260623_195133,moderate,8,16,5,45,0,2,189.28787700133398,8,7,1,40,105,65,716,711
length_heterogeneity_h100_20260623_195133,moderate,8,16,5,45,0,3,192.74167700496037,7,3,4,41,65,24,716,712
length_heterogeneity_h100_20260623_195133,moderate,8,16,5,45,0,4,190.25135700940154,3,2,1,5,24,19,716,713
length_heterogeneity_h100_20260623_195133,moderate,8,16,5,45,0,5,209.1031840100186,2,2,0,3,19,16,716,716
length_heterogeneity_h100_20260623_195133,moderate,8,16,5,45,0,6,198.6986940028146,2,2,0,8,16,8,716,716
length_heterogeneity_h100_20260623_195133,moderate,8,16,5,45,0,7,190.82999099919107,2,1,1,5,8,3,716,716
length_heterogeneity_h100_20260623_195133,moderate,8,16,5,45,0,8,191.81280299380887,1,1,0,1,3,2,716,716
length_heterogeneity_h100_20260623_195133,moderate,8,16,5,45,0,9,192.4797270039562,1,1,0,1,2,1,716,716
length_heterogeneity_h100_20260623_195133,moderate,8,16,5,45,0,10,206.03706801193766,1,0,1,1,1,0,716,716
length_heterogeneity_h100_20260623_195133,moderate,8,16,5,45,1,1,203.42719199834391,8,1,7,114,128,14,732,716
length_heterogeneity_h100_20260623_195133,moderate,8,16,5,45,1,2,198.16332700429484,1,1,0,1,14,13,732,732
length_heterogeneity_h100_20260623_195133,moderate,8,16,5,45,1,3,196.51027499639895,1,0,1,13,13,0,732,732
length_heterogeneity_h100_20260623_195133,moderate,8,16,5,45,2,1,199.48234199546278,8,0,8,128,128,0,748,732
length_heterogeneity_h100_20260623_195133,moderate,8,16,5,45,3,1,213.61864000209607,8,0,8,128,128,0,764,748
length_heterogeneity_h100_20260623_195133,moderate,8,16,6,46,0,1,187.19109499943443,8,8,0,27,128,101,716,700
length_heterogeneity_h100_20260623_195133,moderate,8,16,6,46,0,2,191.79033901309595,8,6,2,43,101,58,716,711
length_heterogeneity_h100_20260623_195133,moderate,8,16,6,46,0,3,191.65483899996616,6,3,3,41,58,17,716,713
length_heterogeneity_h100_20260623_195133,moderate,8,16,6,46,0,4,189.52767799783032,3,2,1,3,17,14,716,715
length_heterogeneity_h100_20260623_195133,moderate,8,16,6,46,0,5,210.84549199440517,2,2,0,7,14,7,716,716
length_heterogeneity_h100_20260623_195133,moderate,8,16,6,46,0,6,199.12555799237452,2,1,1,5,7,2,716,716
length_heterogeneity_h100_20260623_195133,moderate,8,16,6,46,0,7,192.82053501228802,1,1,0,1,2,1,716,716
length_heterogeneity_h100_20260623_195133,moderate,8,16,6,46,0,8,191.4768529968569,1,0,1,1,1,0,716,716
length_heterogeneity_h100_20260623_195133,moderate,8,16,6,46,1,1,196.24410598771647,8,0,8,128,128,0,732,716
length_heterogeneity_h100_20260623_195133,moderate,8,16,6,46,2,1,206.81260801211465,8,0,8,128,128,0,748,732
length_heterogeneity_h100_20260623_195133,moderate,8,16,6,46,3,1,208.88628100510687,8,1,7,118,128,10,764,748
length_heterogeneity_h100_20260623_195133,moderate,8,16,6,46,3,2,208.6835730005987,1,0,1,10,10,0,764,764
length_heterogeneity_h100_20260623_195133,moderate,8,16,7,47,0,1,187.4938049877528,8,8,0,23,128,105,716,700
length_heterogeneity_h100_20260623_195133,moderate,8,16,7,47,0,2,189.67363399860915,8,7,1,40,105,65,716,711
length_heterogeneity_h100_20260623_195133,moderate,8,16,7,47,0,3,192.71238100191113,7,3,4,41,65,24,716,712
length_heterogeneity_h100_20260623_195133,moderate,8,16,7,47,0,4,193.3617949980544,3,2,1,5,24,19,716,713
length_heterogeneity_h100_20260623_195133,moderate,8,16,7,47,0,5,212.17208499729168,2,2,0,3,19,16,716,716
length_heterogeneity_h100_20260623_195133,moderate,8,16,7,47,0,6,196.50397599616554,2,2,0,7,16,9,716,716
length_heterogeneity_h100_20260623_195133,moderate,8,16,7,47,0,7,192.30840999807697,2,2,0,2,9,7,716,716
length_heterogeneity_h100_20260623_195133,moderate,8,16,7,47,0,8,192.51446600537747,2,2,0,2,7,5,716,716
length_heterogeneity_h100_20260623_195133,moderate,8,16,7,47,0,9,193.5517429956235,2,1,1,3,5,2,716,716
length_heterogeneity_h100_20260623_195133,moderate,8,16,7,47,0,10,204.6490959910443,1,1,0,1,2,1,716,716
length_heterogeneity_h100_20260623_195133,moderate,8,16,7,47,0,11,200.0059520069044,1,0,1,1,1,0,716,716
length_heterogeneity_h100_20260623_195133,moderate,8,16,7,47,1,1,196.57993300643284,8,1,7,113,128,15,732,716
length_heterogeneity_h100_20260623_195133,moderate,8,16,7,47,1,2,195.83646699902602,1,1,0,1,15,14,732,732
length_heterogeneity_h100_20260623_195133,moderate,8,16,7,47,1,3,199.09110199660063,1,0,1,14,14,0,732,732
length_heterogeneity_h100_20260623_195133,moderate,8,16,7,47,2,1,206.37032699596602,8,0,8,128,128,0,748,732
length_heterogeneity_h100_20260623_195133,moderate,8,16,7,47,3,1,209.92350998858456,8,0,8,128,128,0,764,748
length_heterogeneity_h100_20260623_195133,moderate,8,16,8,48,0,1,187.48088700522203,8,8,0,28,128,100,716,700
length_heterogeneity_h100_20260623_195133,moderate,8,16,8,48,0,2,190.1484850095585,8,6,2,40,100,60,716,712
length_heterogeneity_h100_20260623_195133,moderate,8,16,8,48,0,3,193.6373180069495,6,2,4,46,60,14,716,713
length_heterogeneity_h100_20260623_195133,moderate,8,16,8,48,0,4,190.34057400131132,2,1,1,2,14,12,716,716
length_heterogeneity_h100_20260623_195133,moderate,8,16,8,48,0,5,208.50700500886887,1,1,0,6,12,6,716,716
length_heterogeneity_h100_20260623_195133,moderate,8,16,8,48,0,6,197.99811499251518,1,1,0,3,6,3,716,716
length_heterogeneity_h100_20260623_195133,moderate,8,16,8,48,0,7,191.2264580023475,1,1,0,1,3,2,716,716
length_heterogeneity_h100_20260623_195133,moderate,8,16,8,48,0,8,191.79068600351457,1,0,1,2,2,0,716,716
length_heterogeneity_h100_20260623_195133,moderate,8,16,8,48,1,1,196.3063970033545,8,0,8,128,128,0,732,716
length_heterogeneity_h100_20260623_195133,moderate,8,16,8,48,2,1,205.37904000957496,8,0,8,128,128,0,748,732
length_heterogeneity_h100_20260623_195133,moderate,8,16,8,48,3,1,211.99496499320958,8,1,7,124,128,4,764,748
length_heterogeneity_h100_20260623_195133,moderate,8,16,8,48,3,2,203.8331709918566,1,0,1,4,4,0,764,764
length_heterogeneity_h100_20260623_195133,moderate,8,16,9,49,0,1,187.706179000088,8,8,0,23,128,105,716,700
length_heterogeneity_h100_20260623_195133,moderate,8,16,9,49,0,2,189.2068260058295,8,7,1,39,105,66,716,711
length_heterogeneity_h100_20260623_195133,moderate,8,16,9,49,0,3,190.28932999935932,7,3,4,42,66,24,716,712
length_heterogeneity_h100_20260623_195133,moderate,8,16,9,49,0,4,188.82286000007298,3,2,1,5,24,19,716,713
length_heterogeneity_h100_20260623_195133,moderate,8,16,9,49,0,5,209.573646003264,2,2,0,3,19,16,716,716
length_heterogeneity_h100_20260623_195133,moderate,8,16,9,49,0,6,200.13120600196999,2,2,0,7,16,9,716,716
length_heterogeneity_h100_20260623_195133,moderate,8,16,9,49,0,7,190.77475799713284,2,2,0,2,9,7,716,716
length_heterogeneity_h100_20260623_195133,moderate,8,16,9,49,0,8,191.5823869931046,2,2,0,2,7,5,716,716
length_heterogeneity_h100_20260623_195133,moderate,8,16,9,49,0,9,189.85989200882614,2,1,1,3,5,2,716,716
length_heterogeneity_h100_20260623_195133,moderate,8,16,9,49,0,10,206.45991500350647,1,1,0,1,2,1,716,716
length_heterogeneity_h100_20260623_195133,moderate,8,16,9,49,0,11,198.80979500885587,1,0,1,1,1,0,716,716
length_heterogeneity_h100_20260623_195133,moderate,8,16,9,49,1,1,197.46487600787077,8,0,8,128,128,0,732,716
length_heterogeneity_h100_20260623_195133,moderate,8,16,9,49,2,1,198.49184798658825,8,0,8,128,128,0,748,732
length_heterogeneity_h100_20260623_195133,moderate,8,16,9,49,3,1,205.26575899566524,8,0,8,128,128,0,764,748
length_heterogeneity_h100_20260623_195133,extreme,8,16,0,50,0,1,980.9248659876175,8,8,0,21,128,107,3316,3300
length_heterogeneity_h100_20260623_195133,extreme,8,16,0,50,0,2,965.0969900103519,8,1,7,106,107,1,3316,3314
length_heterogeneity_h100_20260623_195133,extreme,8,16,0,50,0,3,977.9725109983701,1,0,1,1,1,0,3316,3315
length_heterogeneity_h100_20260623_195133,extreme,8,16,0,50,1,1,1001.8142699991586,8,1,7,123,128,5,3332,3316
length_heterogeneity_h100_20260623_195133,extreme,8,16,0,50,1,2,981.299052000395,1,1,0,3,5,2,3332,3327
length_heterogeneity_h100_20260623_195133,extreme,8,16,0,50,1,3,984.5435809984338,1,1,0,1,2,1,3332,3330
length_heterogeneity_h100_20260623_195133,extreme,8,16,0,50,1,4,984.6986820048187,1,0,1,1,1,0,3332,3331
length_heterogeneity_h100_20260623_195133,extreme,8,16,0,50,2,1,1019.6695350023219,8,1,7,127,128,1,3348,3332
length_heterogeneity_h100_20260623_195133,extreme,8,16,0,50,2,2,993.879116998869,1,0,1,1,1,0,3348,3347
length_heterogeneity_h100_20260623_195133,extreme,8,16,0,50,3,1,1013.4291150025092,8,1,7,125,128,3,3364,3348
length_heterogeneity_h100_20260623_195133,extreme,8,16,0,50,3,2,1013.470142002916,1,1,0,1,3,2,3364,3361
length_heterogeneity_h100_20260623_195133,extreme,8,16,0,50,3,3,997.6853779953672,1,1,0,1,2,1,3364,3362
length_heterogeneity_h100_20260623_195133,extreme,8,16,0,50,3,4,995.0678579916712,1,0,1,1,1,0,3364,3363
length_heterogeneity_h100_20260623_195133,extreme,8,16,1,51,0,1,956.3850999984425,8,8,0,21,128,107,3316,3300
length_heterogeneity_h100_20260623_195133,extreme,8,16,1,51,0,2,966.2928820034722,8,1,7,106,107,1,3316,3314
length_heterogeneity_h100_20260623_195133,extreme,8,16,1,51,0,3,969.3400929972995,1,0,1,1,1,0,3316,3315
length_heterogeneity_h100_20260623_195133,extreme,8,16,1,51,1,1,982.5112820108188,8,1,7,126,128,2,3332,3316
length_heterogeneity_h100_20260623_195133,extreme,8,16,1,51,1,2,985.3531989938347,1,1,0,1,2,1,3332,3330
length_heterogeneity_h100_20260623_195133,extreme,8,16,1,51,1,3,985.2074379887199,1,0,1,1,1,0,3332,3331
length_heterogeneity_h100_20260623_195133,extreme,8,16,1,51,2,1,999.9288179969881,8,1,7,117,128,11,3348,3332
length_heterogeneity_h100_20260623_195133,extreme,8,16,1,51,2,2,1005.1492089987732,1,0,1,11,11,0,3348,3337
length_heterogeneity_h100_20260623_195133,extreme,8,16,1,51,3,1,992.7690510085085,8,0,8,128,128,0,3364,3348
length_heterogeneity_h100_20260623_195133,extreme,8,16,2,52,0,1,954.818949001492,8,8,0,23,128,105,3316,3300
length_heterogeneity_h100_20260623_195133,extreme,8,16,2,52,0,2,967.5065320043359,8,1,7,104,105,1,3316,3314
length_heterogeneity_h100_20260623_195133,extreme,8,16,2,52,0,3,969.6712769946316,1,0,1,1,1,0,3316,3315
length_heterogeneity_h100_20260623_195133,extreme,8,16,2,52,1,1,984.106942996732,8,1,7,123,128,5,3332,3316
length_heterogeneity_h100_20260623_195133,extreme,8,16,2,52,1,2,983.8566429971252,1,1,0,4,5,1,3332,3327
length_heterogeneity_h100_20260623_195133,extreme,8,16,2,52,1,3,990.1276640011929,1,0,1,1,1,0,3332,3331
length_heterogeneity_h100_20260623_195133,extreme,8,16,2,52,2,1,999.429768009577,8,1,7,117,128,11,3348,3332
length_heterogeneity_h100_20260623_195133,extreme,8,16,2,52,2,2,999.7215609910199,1,0,1,11,11,0,3348,3337
length_heterogeneity_h100_20260623_195133,extreme,8,16,2,52,3,1,1000.4980779922334,8,0,8,128,128,0,3364,3348
length_heterogeneity_h100_20260623_195133,extreme,8,16,3,53,0,1,955.7349910028279,8,8,0,23,128,105,3316,3300
length_heterogeneity_h100_20260623_195133,extreme,8,16,3,53,0,2,967.0816339930752,8,1,7,104,105,1,3316,3314
length_heterogeneity_h100_20260623_195133,extreme,8,16,3,53,0,3,970.110491005471,1,0,1,1,1,0,3316,3315
length_heterogeneity_h100_20260623_195133,extreme,8,16,3,53,1,1,983.4755949996179,8,1,7,126,128,2,3332,3316
length_heterogeneity_h100_20260623_195133,extreme,8,16,3,53,1,2,983.372975999373,1,1,0,1,2,1,3332,3330
length_heterogeneity_h100_20260623_195133,extreme,8,16,3,53,1,3,987.3209409997799,1,0,1,1,1,0,3332,3331
length_heterogeneity_h100_20260623_195133,extreme,8,16,3,53,2,1,1006.8661940022139,8,1,7,116,128,12,3348,3332
length_heterogeneity_h100_20260623_195133,extreme,8,16,3,53,2,2,1004.6271009923657,1,0,1,12,12,0,3348,3336
length_heterogeneity_h100_20260623_195133,extreme,8,16,3,53,3,1,994.6005929959938,8,0,8,128,128,0,3364,3348
length_heterogeneity_h100_20260623_195133,extreme,8,16,4,54,0,1,955.8135510014836,8,8,0,23,128,105,3316,3300
length_heterogeneity_h100_20260623_195133,extreme,8,16,4,54,0,2,969.0353000041796,8,1,7,104,105,1,3316,3314
length_heterogeneity_h100_20260623_195133,extreme,8,16,4,54,0,3,970.022533001611,1,0,1,1,1,0,3316,3315
length_heterogeneity_h100_20260623_195133,extreme,8,16,4,54,1,1,984.8535300116055,8,1,7,123,128,5,3332,3316
length_heterogeneity_h100_20260623_195133,extreme,8,16,4,54,1,2,982.6593859907007,1,1,0,4,5,1,3332,3327
length_heterogeneity_h100_20260623_195133,extreme,8,16,4,54,1,3,988.1629360024817,1,0,1,1,1,0,3332,3331
length_heterogeneity_h100_20260623_195133,extreme,8,16,4,54,2,1,1003.1430899980478,8,1,7,117,128,11,3348,3332
length_heterogeneity_h100_20260623_195133,extreme,8,16,4,54,2,2,1000.2007280127145,1,0,1,11,11,0,3348,3337
length_heterogeneity_h100_20260623_195133,extreme,8,16,4,54,3,1,991.9230569939828,8,0,8,128,128,0,3364,3348
length_heterogeneity_h100_20260623_195133,extreme,8,16,5,55,0,1,959.4627420010511,8,8,0,21,128,107,3316,3300
length_heterogeneity_h100_20260623_195133,extreme,8,16,5,55,0,2,966.4862050121883,8,1,7,106,107,1,3316,3314
length_heterogeneity_h100_20260623_195133,extreme,8,16,5,55,0,3,968.3103959978325,1,0,1,1,1,0,3316,3315
length_heterogeneity_h100_20260623_195133,extreme,8,16,5,55,1,1,982.3514430026989,8,1,7,126,128,2,3332,3316
length_heterogeneity_h100_20260623_195133,extreme,8,16,5,55,1,2,983.0020889930893,1,1,0,1,2,1,3332,3330
length_heterogeneity_h100_20260623_195133,extreme,8,16,5,55,1,3,986.8708780122688,1,0,1,1,1,0,3332,3331
length_heterogeneity_h100_20260623_195133,extreme,8,16,5,55,2,1,1001.7173439991893,8,1,7,117,128,11,3348,3332
length_heterogeneity_h100_20260623_195133,extreme,8,16,5,55,2,2,1003.2863630040083,1,0,1,11,11,0,3348,3337
length_heterogeneity_h100_20260623_195133,extreme,8,16,5,55,3,1,991.9864520052215,8,0,8,128,128,0,3364,3348
length_heterogeneity_h100_20260623_195133,extreme,8,16,6,56,0,1,959.489508997649,8,8,0,23,128,105,3316,3300
length_heterogeneity_h100_20260623_195133,extreme,8,16,6,56,0,2,974.2625060025603,8,1,7,104,105,1,3316,3314
length_heterogeneity_h100_20260623_195133,extreme,8,16,6,56,0,3,969.1442030016333,1,0,1,1,1,0,3316,3315
length_heterogeneity_h100_20260623_195133,extreme,8,16,6,56,1,1,985.8040809922386,8,1,7,123,128,5,3332,3316
length_heterogeneity_h100_20260623_195133,extreme,8,16,6,56,1,2,982.3863889905624,1,1,0,4,5,1,3332,3327
length_heterogeneity_h100_20260623_195133,extreme,8,16,6,56,1,3,990.8629309938988,1,0,1,1,1,0,3332,3331
length_heterogeneity_h100_20260623_195133,extreme,8,16,6,56,2,1,998.6484740074957,8,1,7,117,128,11,3348,3332
length_heterogeneity_h100_20260623_195133,extreme,8,16,6,56,2,2,1004.8490339977434,1,0,1,11,11,0,3348,3337
length_heterogeneity_h100_20260623_195133,extreme,8,16,6,56,3,1,993.9033889968414,8,0,8,128,128,0,3364,3348
length_heterogeneity_h100_20260623_195133,extreme,8,16,7,57,0,1,954.5673989923671,8,8,0,22,128,106,3316,3300
length_heterogeneity_h100_20260623_195133,extreme,8,16,7,57,0,2,972.7838460094063,8,0,8,106,106,0,3316,3315
length_heterogeneity_h100_20260623_195133,extreme,8,16,7,57,1,1,985.0513540004613,8,1,7,117,128,11,3332,3316
length_heterogeneity_h100_20260623_195133,extreme,8,16,7,57,1,2,983.3596739917994,1,0,1,11,11,0,3332,3321
length_heterogeneity_h100_20260623_195133,extreme,8,16,7,57,2,1,1003.6607700021705,8,0,8,128,128,0,3348,3332
length_heterogeneity_h100_20260623_195133,extreme,8,16,7,57,3,1,993.8672749995021,8,0,8,128,128,0,3364,3348
length_heterogeneity_h100_20260623_195133,extreme,8,16,8,58,0,1,958.4655939979712,8,8,0,21,128,107,3316,3300
length_heterogeneity_h100_20260623_195133,extreme,8,16,8,58,0,2,971.2844969908474,8,1,7,106,107,1,3316,3314
length_heterogeneity_h100_20260623_195133,extreme,8,16,8,58,0,3,972.7129800012335,1,0,1,1,1,0,3316,3315
length_heterogeneity_h100_20260623_195133,extreme,8,16,8,58,1,1,983.6457690107636,8,1,7,123,128,5,3332,3316
length_heterogeneity_h100_20260623_195133,extreme,8,16,8,58,1,2,983.3322399936151,1,1,0,4,5,1,3332,3327
length_heterogeneity_h100_20260623_195133,extreme,8,16,8,58,1,3,984.9327229894698,1,0,1,1,1,0,3332,3331
length_heterogeneity_h100_20260623_195133,extreme,8,16,8,58,2,1,1004.1925119876396,8,1,7,116,128,12,3348,3332
length_heterogeneity_h100_20260623_195133,extreme,8,16,8,58,2,2,1001.9368829962332,1,0,1,12,12,0,3348,3336
length_heterogeneity_h100_20260623_195133,extreme,8,16,8,58,3,1,989.9204059911426,8,0,8,128,128,0,3364,3348
length_heterogeneity_h100_20260623_195133,extreme,8,16,9,59,0,1,959.0429370000493,8,8,0,22,128,106,3316,3300
length_heterogeneity_h100_20260623_195133,extreme,8,16,9,59,0,2,966.3491160026751,8,1,7,105,106,1,3316,3314
length_heterogeneity_h100_20260623_195133,extreme,8,16,9,59,0,3,968.7585069914348,1,0,1,1,1,0,3316,3315
length_heterogeneity_h100_20260623_195133,extreme,8,16,9,59,1,1,981.2596879928606,8,1,7,126,128,2,3332,3316
length_heterogeneity_h100_20260623_195133,extreme,8,16,9,59,1,2,987.6914369961014,1,1,0,1,2,1,3332,3330
length_heterogeneity_h100_20260623_195133,extreme,8,16,9,59,1,3,987.8265230072429,1,0,1,1,1,0,3332,3331
length_heterogeneity_h100_20260623_195133,extreme,8,16,9,59,2,1,1001.8941620073747,8,1,7,117,128,11,3348,3332
length_heterogeneity_h100_20260623_195133,extreme,8,16,9,59,2,2,1002.8418949950719,1,0,1,11,11,0,3348,3337
length_heterogeneity_h100_20260623_195133,extreme,8,16,9,59,3,1,993.7563309940742,8,0,8,128,128,0,3364,3348
