split,context,remaining_mask_ratio,noise_phase,layer,head,query_tile,candidate_tiles,new_maximum_candidates,mean_veto_row_relative_mass_error,mean_veto_row_relative_value_error,compact_mean_relative_output_error,compact_masked_mean_relative_output_error,compact_visible_mean_relative_output_error,compact_minimum_row_cosine,veto_oracle_mean_relative_output_error
calibration,0,0.9,high,0,0,2,0,0,0.0,0.0,0.0,0.0,0.0,0.9999998211860657,0.0
calibration,0,0.9,high,0,7,2,0,0,0.0,0.0,0.0,0.0,0.0,0.9999998807907104,0.0
calibration,0,0.9,high,0,15,2,1,0,0.1390824317932129,0.16071993112564087,0.003932170569896698,0.003678982611745596,0.007729989476501942,0.9999262690544128,0.004880983382463455
calibration,0,0.9,high,0,31,2,0,0,0.0,0.0,0.0,0.0,0.0,0.9999998211860657,0.0
calibration,0,0.9,high,15,0,2,2,0,0.6897004246711731,0.7536722421646118,0.010425319895148277,0.010520897805690765,0.008991662412881851,0.9959343671798706,0.008727950975298882
calibration,0,0.9,high,15,7,2,2,0,0.33734041452407837,0.6807659268379211,0.018363144248723984,0.0185239277780056,0.015951409935951233,0.9961330890655518,0.018816974014043808
calibration,0,0.9,high,15,15,2,11,0,0.40421563386917114,0.5324121117591858,0.02259504608809948,0.022885717451572418,0.018234986811876297,0.9509568810462952,0.019464578479528427
calibration,0,0.9,high,15,31,2,10,0,0.6103733777999878,0.6983804702758789,0.012729328125715256,0.012545660138130188,0.015484357252717018,0.9171302318572998,0.01096819806843996
calibration,0,0.9,high,31,0,2,24,5,0.3261920213699341,0.5232017040252686,0.006593707948923111,0.005011015105992556,0.03033411130309105,0.9931023716926575,0.0048567187041044235
calibration,0,0.9,high,31,7,2,7,0,0.5329149961471558,0.1799098402261734,0.0032494415063410997,0.001831177738495171,0.024523399770259857,0.9994691610336304,0.002384795807301998
calibration,0,0.9,high,31,15,2,2,0,0.38193172216415405,0.18069873750209808,0.004223999101668596,0.0030979362782090902,0.02111494354903698,0.9995056986808777,0.004392835311591625
calibration,0,0.9,high,31,31,2,8,0,0.45197415351867676,0.23639822006225586,0.005950994789600372,0.004135797265917063,0.03317895531654358,0.9974237680435181,0.007016622461378574
calibration,0,0.5,mid,0,0,2,0,0,0.0,0.0,0.0,0.0,0.0,0.9999998807907104,0.0
calibration,0,0.5,mid,0,7,2,0,0,0.0,0.0,0.0,0.0,0.0,0.9999998211860657,0.0
calibration,0,0.5,mid,0,15,2,4,0,0.389033704996109,0.41714608669281006,0.05021528899669647,0.028789198026061058,0.06585054844617844,0.9898594617843628,0.052637189626693726
calibration,0,0.5,mid,0,31,2,0,0,0.0,0.0,0.0,0.0,0.0,0.9999997615814209,0.0
calibration,0,0.5,mid,15,0,2,18,9,0.3614440858364105,0.7888285517692566,0.04786517471075058,0.05332379788160324,0.043881855905056,0.9915654063224792,0.054036371409893036
calibration,0,0.5,mid,15,7,2,11,7,0.3059343993663788,0.8796465992927551,0.11075632274150848,0.11496122181415558,0.10768787562847137,0.39596039056777954,0.1204662024974823
calibration,0,0.5,mid,15,15,2,18,6,0.4731382727622986,0.7444437146186829,0.029050853103399277,0.035637907683849335,0.02424408681690693,0.9821739792823792,0.03103872947394848
calibration,0,0.5,mid,15,31,2,13,8,0.4125105142593384,0.639529287815094,0.022992152720689774,0.017404869198799133,0.027069363743066788,0.9941350221633911,0.020457204431295395
calibration,0,0.5,mid,31,0,2,33,24,0.2178400456905365,0.7991971969604492,0.11145090311765671,0.08677558600902557,0.12945722043514252,0.6732645034790039,0.05181881785392761
calibration,0,0.5,mid,31,7,2,19,6,0.426913857460022,0.4611104130744934,0.051621779799461365,0.04742565378546715,0.05468381568789482,0.9910968542098999,0.06200272962450981
calibration,0,0.5,mid,31,15,2,15,7,0.36012330651283264,0.2611066997051239,0.030711272731423378,0.020155111327767372,0.03841441869735718,0.9921987056732178,0.03367030248045921
calibration,0,0.5,mid,31,31,2,29,13,0.4361456334590912,0.5112006068229675,0.10873137414455414,0.08879705518484116,0.12327804416418076,0.9138698577880859,0.14057359099388123
calibration,0,0.15,low,0,0,2,35,35,0.5808717608451843,0.704112708568573,0.05277029797434807,0.058599285781383514,0.05149347335100174,0.9802061319351196,0.05551258102059364
calibration,0,0.15,low,0,7,2,7,7,0.45083218812942505,0.8992401361465454,0.0373586006462574,0.051641516387462616,0.034229960292577744,0.9983994364738464,0.03853297233581543
calibration,0,0.15,low,0,15,2,30,30,0.4271336793899536,0.4584905803203583,0.11612905561923981,0.07593245059251785,0.12493402510881424,0.9875003099441528,0.12264236807823181
calibration,0,0.15,low,0,31,2,2,2,0.13410170376300812,0.39629554748535156,0.016769716516137123,0.015190653502941132,0.017115607857704163,0.9995231032371521,0.01659318432211876
calibration,0,0.15,low,15,0,2,27,27,0.4655829071998596,0.9105257987976074,0.10781565308570862,0.1208220049738884,0.10496664047241211,0.980948805809021,0.13505768775939941
calibration,0,0.15,low,15,7,2,34,34,0.4728794991970062,0.7759613990783691,0.28766581416130066,0.3077991306781769,0.2832556962966919,0.43936532735824585,0.4547611176967621
calibration,0,0.15,low,15,15,2,17,17,0.42625218629837036,0.7386937737464905,0.060825414955616,0.05840950086712837,0.0613546185195446,0.7996656894683838,0.05881752073764801
calibration,0,0.15,low,15,31,2,19,19,0.7036027908325195,0.7028213143348694,0.05927155539393425,0.04417641833424568,0.06257811188697815,0.9884250164031982,0.06150011718273163
calibration,0,0.15,low,31,0,2,34,34,0.17447969317436218,0.7237676978111267,0.1735275536775589,0.14360873401165009,0.18008120357990265,0.7767488360404968,0.09285885095596313
calibration,0,0.15,low,31,7,2,30,30,0.5366439819335938,0.4493977725505829,0.13105721771717072,0.10781640559434891,0.13614806532859802,0.8904868364334106,0.1784425675868988
calibration,0,0.15,low,31,15,2,22,22,0.44402122497558594,0.2628195285797119,0.04735398292541504,0.017775436863303185,0.05383309721946716,0.9878983497619629,0.05454392358660698
calibration,0,0.15,low,31,31,2,28,28,0.4143989086151123,0.5080441832542419,0.1668594777584076,0.1107902005314827,0.1791413128376007,0.6740524768829346,0.2064993977546692
calibration,1,0.9,high,0,0,13,0,0,0.0,0.0,0.0,0.0,0.0,0.9999998211860657,0.0
calibration,1,0.9,high,0,7,13,0,0,0.0,0.0,0.0,0.0,0.0,0.9999998211860657,0.0
calibration,1,0.9,high,0,15,13,1,0,0.8098031878471375,0.3367869257926941,0.005999328568577766,0.0056286221370100975,0.01353701576590538,0.9993306398391724,0.007002568803727627
calibration,1,0.9,high,0,31,13,0,0,0.0,0.0,0.0,0.0,0.0,0.9999997615814209,0.0
calibration,1,0.9,high,15,0,13,11,0,0.9628768563270569,1.1266282796859741,0.05490746349096298,0.05342067778110504,0.08513876795768738,0.9754002094268799,0.05776015296578407
calibration,1,0.9,high,15,7,13,8,0,0.23586712777614594,0.7206884622573853,0.051740862429142,0.05177569016814232,0.05103258788585663,0.9920328259468079,0.06062706559896469
calibration,1,0.9,high,15,15,13,13,0,0.34727704524993896,0.5504021048545837,0.04675764963030815,0.04790455475449562,0.02343718335032463,0.9855694770812988,0.04780321568250656
calibration,1,0.9,high,15,31,13,7,0,0.7146711349487305,0.7455634474754333,0.04074576124548912,0.04092875123023987,0.037024907767772675,0.9869772791862488,0.04105113446712494
calibration,1,0.9,high,31,0,13,6,1,0.13507764041423798,0.5965930223464966,0.01433797087520361,0.011448943987488747,0.07308149337768555,0.9615328907966614,0.010749796405434608
calibration,1,0.9,high,31,7,13,26,2,0.3677803575992584,0.17734622955322266,0.015576520934700966,0.012269668281078339,0.08281584084033966,0.9959601759910583,0.032631777226924896
calibration,1,0.9,high,31,15,13,10,0,0.6325343251228333,0.12762056291103363,0.011392725631594658,0.007996234111487865,0.08045469224452972,0.9930891990661621,0.011469590477645397
calibration,1,0.9,high,31,31,13,13,2,0.3535839915275574,0.17758996784687042,0.012763396836817265,0.011609585024416447,0.03622420132160187,0.9988577365875244,0.019618652760982513
calibration,1,0.5,mid,0,0,13,5,0,0.6978241205215454,0.28635522723197937,0.018884768709540367,0.024432461708784103,0.010230370797216892,0.9989311099052429,0.023228654637932777
calibration,1,0.5,mid,0,7,13,0,0,0.0,0.0,0.0,0.0,0.0,0.9999997615814209,0.0
calibration,1,0.5,mid,0,15,13,4,1,0.9361581206321716,0.547390341758728,0.08830304443836212,0.07761533558368683,0.10497588664293289,0.7380719184875488,0.08439100533723831
calibration,1,0.5,mid,0,31,13,0,0,0.0,0.0,0.0,0.0,0.0,0.9999997615814209,0.0
calibration,1,0.5,mid,15,0,13,6,2,0.4352918863296509,0.7474091649055481,0.028754062950611115,0.029773982241749763,0.027162989601492882,0.961204469203949,0.027985669672489166
calibration,1,0.5,mid,15,7,13,10,3,0.5836023092269897,0.8722051978111267,0.09853889793157578,0.08954298496246338,0.11257253587245941,0.9764720797538757,0.13828471302986145
calibration,1,0.5,mid,15,15,13,14,7,0.43897876143455505,0.6810885071754456,0.04211387783288956,0.04433812201023102,0.03864404931664467,0.6355137825012207,0.038801878690719604
calibration,1,0.5,mid,15,31,13,5,2,0.5074392557144165,0.731067419052124,0.0056401025503873825,0.0059047117829322815,0.005227312445640564,0.9997012615203857,0.005911058746278286
calibration,1,0.5,mid,31,0,13,15,10,0.2820720374584198,0.7189816236495972,0.041675109416246414,0.01162121631205082,0.08855918049812317,0.6663119196891785,0.027432233095169067
calibration,1,0.5,mid,31,7,13,23,6,0.5772542357444763,0.4338158667087555,0.05113905295729637,0.038310080766677856,0.07115224003791809,0.9746827483177185,0.07261104881763458
calibration,1,0.5,mid,31,15,13,5,3,0.409717321395874,0.3023039400577545,0.020944345742464066,0.00862615741789341,0.04016072303056717,0.971058189868927,0.019259313121438026
calibration,1,0.5,mid,31,31,13,17,4,0.530763566493988,0.3190625011920929,0.041242800652980804,0.031914226710796356,0.05579536780714989,0.9933739900588989,0.06475009024143219
calibration,1,0.15,low,0,0,13,16,16,0.6072311401367188,0.7260990142822266,0.03632237762212753,0.05480656400322914,0.033297695219516754,0.9924994707107544,0.03871197625994682
calibration,1,0.15,low,0,7,13,11,11,0.33821091055870056,0.6627734303474426,0.05018395185470581,0.06326989084482193,0.04804261773824692,0.9967173337936401,0.04152291640639305
calibration,1,0.15,low,0,15,13,12,12,0.3539496958255768,0.4689810872077942,0.07678630948066711,0.053806371986866,0.08054666221141815,0.8241209983825684,0.07811231911182404
calibration,1,0.15,low,0,31,13,15,15,0.20699572563171387,0.5274210572242737,0.06191607564687729,0.05418715998530388,0.06318079680204391,0.9949508905410767,0.06179340183734894
calibration,1,0.15,low,15,0,13,16,16,0.41375523805618286,0.9182038307189941,0.11284696310758591,0.12039334326982498,0.11161208897829056,0.902443528175354,0.13023115694522858
calibration,1,0.15,low,15,7,13,30,30,0.5670531392097473,0.6022118926048279,0.31025582551956177,0.2987322509288788,0.312141478061676,0.5930562019348145,0.5319344997406006
calibration,1,0.15,low,15,15,13,11,11,0.3025118112564087,0.9704655408859253,0.06825153529644012,0.05898519232869148,0.06976784765720367,0.3210808336734772,0.0563194565474987
calibration,1,0.15,low,15,31,13,10,10,0.547304630279541,0.6419501900672913,0.022824972867965698,0.025162141770124435,0.022442527115345,0.9980921745300293,0.024777676910161972
calibration,1,0.15,low,31,0,13,22,22,0.28590402007102966,0.7386014461517334,0.1292552500963211,0.10736889392137527,0.13283665478229523,0.7740316390991211,0.08762155473232269
calibration,1,0.15,low,31,7,13,22,22,0.6024950742721558,0.4438834488391876,0.10994936525821686,0.10245361924171448,0.11117594689130783,0.9296226501464844,0.1420130431652069
calibration,1,0.15,low,31,15,13,11,11,0.4239981472492218,0.24109655618667603,0.05431951582431793,0.018257157877087593,0.0602206289768219,0.9680105447769165,0.058777518570423126
calibration,1,0.15,low,31,31,13,19,19,0.4347646236419678,0.45226049423217773,0.12757007777690887,0.10695868730545044,0.13094286620616913,0.8568405508995056,0.16794663667678833
calibration,2,0.9,high,0,0,25,3,0,0.2399640679359436,0.15076792240142822,0.011025268584489822,0.01197409350425005,0.002631810028105974,0.9998576641082764,0.012624155730009079
calibration,2,0.9,high,0,7,25,0,0,0.0,0.0,0.0,0.0,0.0,0.9999998211860657,0.0
calibration,2,0.9,high,0,15,25,22,0,0.42912060022354126,0.33831796050071716,0.0619654580950737,0.06070359796285629,0.07312802970409393,0.9920176267623901,0.07705673575401306
calibration,2,0.9,high,0,31,25,0,0,0.0,0.0,0.0,0.0,0.0,0.9999997615814209,0.0
calibration,2,0.9,high,15,0,25,24,0,0.7268422842025757,0.9764649868011475,0.16588327288627625,0.16171933710575104,0.20271779596805573,0.9352495670318604,0.19505658745765686
calibration,2,0.9,high,15,7,25,30,1,0.3485158681869507,0.8535272479057312,0.13905580341815948,0.13761131465435028,0.15183386206626892,0.8690311908721924,0.19060595333576202
calibration,2,0.9,high,15,15,25,14,0,0.3109619617462158,0.8221713304519653,0.031187301501631737,0.032162729650735855,0.02255849353969097,0.9972352385520935,0.037642672657966614
calibration,2,0.9,high,15,31,25,8,0,1.0631873607635498,0.4620967507362366,0.042768366634845734,0.03959248960018158,0.07086267322301865,0.9728059768676758,0.04473820701241493
calibration,2,0.9,high,31,0,25,24,2,0.37337660789489746,0.45127564668655396,0.0046224878169596195,0.004179326351732016,0.008542761206626892,0.9989312291145325,0.005312728695571423
calibration,2,0.9,high,31,7,25,16,0,0.41602790355682373,0.1746407151222229,0.01068217121064663,0.007777140010148287,0.03638051822781563,0.9988844990730286,0.01357822585850954
calibration,2,0.9,high,31,15,25,16,0,0.7734596729278564,0.3332490622997284,0.01951649598777294,0.012788059189915657,0.07903728634119034,0.9942676424980164,0.02143303118646145
calibration,2,0.9,high,31,31,25,10,0,0.3283884525299072,0.2829490005970001,0.00764481071382761,0.005988089833408594,0.022300416603684425,0.9973928928375244,0.009052029810845852
calibration,2,0.5,mid,0,0,25,9,0,0.3140707314014435,0.23297590017318726,0.035170942544937134,0.04636583477258682,0.024320503696799278,0.9983469247817993,0.04233164340257645
calibration,2,0.5,mid,0,7,25,0,0,0.0,0.0,0.0,0.0,0.0,0.9999998211860657,0.0
calibration,2,0.5,mid,0,15,25,3,1,0.4210509955883026,0.39600870013237,0.07639379799365997,0.05413785204291344,0.09796494990587234,0.9321397542953491,0.07890258729457855
calibration,2,0.5,mid,0,31,25,0,0,0.0,0.0,0.0,0.0,0.0,0.9999998211860657,0.0
calibration,2,0.5,mid,15,0,25,1,1,0.42278051376342773,0.626471996307373,0.004051847383379936,0.004218812566250563,0.0038900210056453943,0.9997559189796448,0.004154223948717117
calibration,2,0.5,mid,15,7,25,18,3,0.5554561614990234,1.1956242322921753,0.20808491110801697,0.18470340967178345,0.23074698448181152,0.49978965520858765,0.34797996282577515
calibration,2,0.5,mid,15,15,25,7,3,0.6424553990364075,0.6705737113952637,0.040597282350063324,0.04093114659190178,0.040273696184158325,0.9570996761322021,0.058862462639808655
calibration,2,0.5,mid,15,31,25,3,1,0.5908956527709961,0.8072590827941895,0.017834722995758057,0.009698106907308102,0.025720983743667603,0.9471035599708557,0.015420314855873585
calibration,2,0.5,mid,31,0,25,25,14,0.17591312527656555,0.7878735661506653,0.1385953277349472,0.12923157215118408,0.14767098426818848,0.6751748919487,0.08220663666725159
calibration,2,0.5,mid,31,7,25,23,11,0.5370569229125977,0.36460408568382263,0.07580314576625824,0.06953881680965424,0.08187472820281982,0.9854795932769775,0.09878621995449066
calibration,2,0.5,mid,31,15,25,2,1,0.4311215281486511,0.24321086704730988,0.030752310529351234,0.027025528252124786,0.03436442092061043,0.9933195114135742,0.03497142344713211
calibration,2,0.5,mid,31,31,25,15,7,0.3800087869167328,0.5496147871017456,0.06898505985736847,0.07521335035562515,0.06294840574264526,0.9605402946472168,0.07775389403104782
calibration,2,0.15,low,0,0,25,0,0,0.0,0.0,0.0,0.0,0.0,0.9999998211860657,0.0
calibration,2,0.15,low,0,7,25,22,22,0.2437412291765213,0.8109108805656433,0.09601061046123505,0.14804740250110626,0.08579777181148529,0.9848313331604004,0.08317647129297256
calibration,2,0.15,low,0,15,25,1,1,0.4887840151786804,0.3814532458782196,0.0680764764547348,0.030074767768383026,0.07553476840257645,0.9239274859428406,0.06984788179397583
calibration,2,0.15,low,0,31,25,12,12,0.23103417456150055,0.28932034969329834,0.0993572473526001,0.08921590447425842,0.10134758800268173,0.9868095517158508,0.10896462202072144
calibration,2,0.15,low,15,0,25,2,2,0.47645848989486694,0.819150447845459,0.0217882189899683,0.0562453456223011,0.015025605447590351,0.957145631313324,0.025065764784812927
calibration,2,0.15,low,15,7,25,20,20,0.5497583150863647,0.6699509024620056,0.27184346318244934,0.2280108630657196,0.2804461121559143,0.5600323677062988,0.5404683351516724
calibration,2,0.15,low,15,15,25,6,6,0.5145727396011353,0.9598307609558105,0.051493749022483826,0.06996417045593262,0.04786871001124382,0.9155488610267639,0.06956198811531067
calibration,2,0.15,low,15,31,25,5,5,0.533579409122467,0.644324779510498,0.03212370723485947,0.02103569358587265,0.034299857914447784,0.8912686109542847,0.03146524727344513
calibration,2,0.15,low,31,0,25,16,16,0.16315487027168274,0.7847355008125305,0.19568279385566711,0.2430853396654129,0.18637949228286743,0.1901964247226715,0.08799996972084045
calibration,2,0.15,low,31,7,25,35,35,0.5411621332168579,0.49447131156921387,0.20534676313400269,0.1863548457622528,0.20907415449619293,0.7995997667312622,0.3225668966770172
calibration,2,0.15,low,31,15,25,1,1,0.4920664429664612,0.3025873303413391,0.020274026319384575,0.022649163380265236,0.019807877019047737,0.9946836233139038,0.023004300892353058
calibration,2,0.15,low,31,31,25,23,23,0.36265212297439575,0.5096431374549866,0.20140543580055237,0.22043074667453766,0.19767147302627563,0.6558371186256409,0.3056321144104004
calibration,3,0.9,high,0,0,26,5,0,0.08359314501285553,0.1706826388835907,0.013987056910991669,0.014798684976994991,0.008687613531947136,0.9996896386146545,0.016995012760162354
calibration,3,0.9,high,0,7,26,0,0,0.0,0.0,0.0,0.0,0.0,0.9999998211860657,0.0
calibration,3,0.9,high,0,15,26,16,0,0.4823208749294281,0.3763640820980072,0.03428336977958679,0.033495932817459106,0.03942489251494408,0.9925994873046875,0.04110080748796463
calibration,3,0.9,high,0,31,26,0,0,0.0,0.0,0.0,0.0,0.0,0.9999997615814209,0.0
calibration,3,0.9,high,15,0,26,27,0,0.9414812326431274,0.9036843180656433,0.19173894822597504,0.19458743929862976,0.17313988506793976,0.9480569362640381,0.2399061918258667
calibration,3,0.9,high,15,7,26,44,0,0.35689491033554077,1.1549369096755981,0.18384133279323578,0.17639239132404327,0.23247848451137543,0.783967912197113,0.3006764054298401
calibration,3,0.9,high,15,15,26,16,1,0.35033562779426575,0.8803430795669556,0.07206495106220245,0.06939301639795303,0.08951109647750854,0.7157297134399414,0.056663572788238525
calibration,3,0.9,high,15,31,26,14,1,0.829160749912262,1.2787861824035645,0.03803727775812149,0.03479626402258873,0.05919918790459633,0.9478899836540222,0.03285132348537445
calibration,3,0.9,high,31,0,26,25,4,0.25094038248062134,0.5870020985603333,0.022218303754925728,0.013926882296800613,0.07635640352964401,0.8815146088600159,0.008489239029586315
calibration,3,0.9,high,31,7,26,10,0,0.3668694794178009,0.19639943540096283,0.005751261953264475,0.003501994302496314,0.020437659695744514,0.9989656805992126,0.006100163795053959
calibration,3,0.9,high,31,15,26,28,1,1.4663009643554688,0.2646365165710449,0.03325435891747475,0.02202511578798294,0.10657472163438797,0.9769397377967834,0.034596286714076996
calibration,3,0.9,high,31,31,26,15,1,0.3640671372413635,0.23335601389408112,0.014983091503381729,0.011667925864458084,0.036629170179367065,0.9206363558769226,0.014507538639008999
calibration,3,0.5,mid,0,0,26,12,1,0.6088906526565552,0.367653489112854,0.0376485250890255,0.03904267027974129,0.036418404430150986,0.9968799948692322,0.04723309725522995
calibration,3,0.5,mid,0,7,26,0,0,0.0,0.0,0.0,0.0,0.0,0.9999997615814209,0.0
calibration,3,0.5,mid,0,15,26,4,1,0.3799433410167694,0.46035176515579224,0.09874798357486725,0.05238313227891922,0.1396581381559372,0.664590060710907,0.10260243713855743
calibration,3,0.5,mid,0,31,26,0,0,0.0,0.0,0.0,0.0,0.0,0.9999997615814209,0.0
calibration,3,0.5,mid,15,0,26,2,1,0.5803175568580627,0.7683991193771362,0.015143772587180138,0.014810282737016678,0.015438027679920197,0.9914490580558777,0.01964719220995903
calibration,3,0.5,mid,15,7,26,24,11,0.4657451808452606,0.9138893485069275,0.2571409046649933,0.256441205739975,0.2577582895755768,0.6042314171791077,0.4680284559726715
calibration,3,0.5,mid,15,15,26,6,2,0.2935529351234436,1.0452845096588135,0.058746784925460815,0.07828692346811295,0.041505493223667145,0.6562139987945557,0.05754054710268974
calibration,3,0.5,mid,15,31,26,5,2,0.6606007814407349,1.0402721166610718,0.07486040890216827,0.07626088708639145,0.07362470775842667,0.7935913801193237,0.06630775332450867
calibration,3,0.5,mid,31,0,26,27,16,0.1138608455657959,0.8329094052314758,0.2396920770406723,0.2526632845401764,0.22824694216251373,0.27062055468559265,0.07122860848903656
calibration,3,0.5,mid,31,7,26,27,9,0.46104687452316284,0.45602694153785706,0.09870335459709167,0.082456573843956,0.11303874105215073,0.978111982345581,0.1207062155008316
calibration,3,0.5,mid,31,15,26,2,1,0.4721868634223938,0.23076586425304413,0.02844325453042984,0.018718477338552475,0.03702394291758537,0.936898410320282,0.02588767372071743
calibration,3,0.5,mid,31,31,26,22,12,0.3993819057941437,0.533839762210846,0.11473549902439117,0.11577771604061127,0.11381591111421585,0.9324545860290527,0.125295028090477
calibration,3,0.15,low,0,0,26,3,3,0.3071509301662445,0.3801954686641693,0.04054863378405571,0.06958983093500137,0.03579643368721008,0.9933027625083923,0.040311988443136215
calibration,3,0.15,low,0,7,26,14,14,0.3064512610435486,0.558601975440979,0.12190775573253632,0.189003124833107,0.11092851310968399,0.9795889854431152,0.10890945792198181
calibration,3,0.15,low,0,15,26,1,1,1.1875195503234863,0.8615729808807373,0.07638363540172577,0.040908318012952805,0.0821886882185936,0.7224583029747009,0.07586656510829926
calibration,3,0.15,low,0,31,26,11,11,0.21676410734653473,0.4291093647480011,0.12552326917648315,0.11331723630428314,0.1275206208229065,0.9740601181983948,0.14062277972698212
calibration,3,0.15,low,15,0,26,1,1,0.4147287905216217,0.9279804229736328,0.004463487770408392,0.006303823087364435,0.004162341821938753,0.9957062602043152,0.004678892437368631
calibration,3,0.15,low,15,7,26,17,17,0.40083128213882446,0.7224037051200867,0.27894988656044006,0.20278945565223694,0.29141247272491455,0.3662557005882263,0.4912203848361969
calibration,3,0.15,low,15,15,26,5,5,0.36267444491386414,0.7492606043815613,0.12200599908828735,0.11504355072975159,0.12314530462026596,0.6739643812179565,0.1384001076221466
calibration,3,0.15,low,15,31,26,6,6,0.8359509706497192,1.103937029838562,0.10608218610286713,0.0489170141518116,0.11543647944927216,0.7808449268341064,0.10543829202651978
calibration,3,0.15,low,31,0,26,20,20,0.15003253519535065,0.6821525692939758,0.21555235981941223,0.16332699358463287,0.2240983247756958,0.5227776169776917,0.07976751029491425
calibration,3,0.15,low,31,7,26,24,24,0.4514986574649811,0.5404499769210815,0.1703212857246399,0.07832936197519302,0.18537449836730957,0.7762985825538635,0.20936879515647888
calibration,3,0.15,low,31,15,26,1,1,0.3953462243080139,0.09307383000850677,0.014824403449892998,0.008951912634074688,0.015785356983542442,0.9738719463348389,0.018562044948339462
calibration,3,0.15,low,31,31,26,25,25,0.38879910111427307,0.527508556842804,0.17550218105316162,0.14195501804351807,0.18099170923233032,0.6503393650054932,0.21154719591140747
test,4,0.9,high,0,0,13,2,1,0.6243957877159119,0.12328096479177475,0.0064704641699790955,0.006817271467298269,0.0004756384005304426,0.9999738931655884,0.010246699675917625
test,4,0.9,high,0,7,13,0,0,0.0,0.0,0.0,0.0,0.0,0.9999998211860657,0.0
test,4,0.9,high,0,15,13,2,0,0.6647635698318481,0.40150895714759827,0.003396091051399708,0.0032416614703834057,0.006065512541681528,0.9994912147521973,0.007523961365222931
test,4,0.9,high,0,31,13,0,0,0.0,0.0,0.0,0.0,0.0,0.9999997615814209,0.0
test,4,0.9,high,15,0,13,15,0,1.002040147781372,0.8821810483932495,0.053621646016836166,0.05352684482932091,0.055260248482227325,0.9827218651771545,0.08355145156383514
test,4,0.9,high,15,7,13,4,0,0.219702810049057,0.7707183361053467,0.025564391165971756,0.025825440883636475,0.021051965653896332,0.9951107501983643,0.0332748144865036
test,4,0.9,high,15,15,13,7,0,0.4459451138973236,0.4506111145019531,0.0332130491733551,0.034400809556245804,0.012681784108281136,0.9943913817405701,0.0473487451672554
test,4,0.9,high,15,31,13,11,0,0.4802008271217346,0.7099236845970154,0.043223246932029724,0.04251936450600624,0.05539046972990036,0.9554114937782288,0.05486230552196503
test,4,0.9,high,31,0,13,6,2,0.16621626913547516,0.7084727883338928,0.02269388549029827,0.022646348923444748,0.023515580222010612,0.6320838928222656,0.009841124527156353
test,4,0.9,high,31,7,13,19,0,0.8104506731033325,0.21448148787021637,0.0068657579831779,0.005311164539307356,0.03373801335692406,0.9976820945739746,0.01769736409187317
test,4,0.9,high,31,15,13,6,0,0.8506629467010498,0.18631497025489807,0.01014610193669796,0.008415300399065018,0.040064260363578796,0.9732170104980469,0.011495857499539852
test,4,0.9,high,31,31,13,10,0,0.3976229727268219,0.21060682833194733,0.0046924808993935585,0.003798936028033495,0.02013804391026497,0.9989346861839294,0.010574975050985813
test,4,0.5,mid,0,0,13,2,0,0.32050272822380066,0.10853700339794159,0.006735822185873985,0.009987671859562397,0.001826167805120349,0.9999333024024963,0.00969202071428299
test,4,0.5,mid,0,7,13,0,0,0.0,0.0,0.0,0.0,0.0,0.9999998211860657,0.0
test,4,0.5,mid,0,15,13,8,1,0.5308939814567566,0.4025988280773163,0.07299737632274628,0.06058811768889427,0.0917329266667366,0.8114218711853027,0.09216301888227463
test,4,0.5,mid,0,31,13,0,0,0.0,0.0,0.0,0.0,0.0,0.9999997615814209,0.0
test,4,0.5,mid,15,0,13,6,1,0.31978926062583923,0.731663703918457,0.01701916567981243,0.016314590349793434,0.018082939088344574,0.9981176257133484,0.027391895651817322
test,4,0.5,mid,15,7,13,19,7,0.5178735852241516,0.7669101357460022,0.10309667885303497,0.09459412842988968,0.1159338653087616,0.8847922086715698,0.19332298636436462
test,4,0.5,mid,15,15,13,18,10,0.5379701256752014,0.6762300729751587,0.056965965777635574,0.05482758581638336,0.06019451469182968,0.8028048276901245,0.08553468436002731
test,4,0.5,mid,15,31,13,4,1,0.5559249520301819,0.7479525208473206,0.005953952204436064,0.005964314099401236,0.005938306916505098,0.9996044039726257,0.00806736946105957
test,4,0.5,mid,31,0,13,11,5,0.24024513363838196,0.6638184189796448,0.05728111416101456,0.03803505375981331,0.08633888512849808,0.7637709975242615,0.026850908994674683
test,4,0.5,mid,31,7,13,19,8,0.7024014592170715,0.3924524486064911,0.056720130145549774,0.056835949420928955,0.05654526129364967,0.9827895164489746,0.09201758354902267
test,4,0.5,mid,31,15,13,8,3,0.5232605934143066,0.24372471868991852,0.027416732162237167,0.021728085353970528,0.03600547835230827,0.9858159422874451,0.03854013606905937
test,4,0.5,mid,31,31,13,20,18,0.4482865333557129,0.48293536901474,0.0754016861319542,0.06056835874915123,0.09779709577560425,0.6692599058151245,0.09281830489635468
test,4,0.15,low,0,0,13,15,15,0.5523622035980225,0.6524267792701721,0.030856600031256676,0.03895031288266182,0.028793498873710632,0.9919420480728149,0.03370194509625435
test,4,0.15,low,0,7,13,16,16,0.18453969061374664,0.6253374218940735,0.09644484519958496,0.08257167786359787,0.0999811515212059,0.9925118088722229,0.05497948080301285
test,4,0.15,low,0,15,13,11,11,0.424197256565094,0.38865387439727783,0.08040590584278107,0.04457265883684158,0.08953987807035446,0.948604941368103,0.09566202759742737
test,4,0.15,low,0,31,13,12,12,0.283465713262558,0.38564854860305786,0.06210791692137718,0.06829400360584259,0.06053107604384422,0.9938712120056152,0.06901738047599792
test,4,0.15,low,15,0,13,20,20,0.4971696138381958,0.812389612197876,0.09261337667703629,0.10594025254249573,0.08921633660793304,0.8252606391906738,0.19453084468841553
test,4,0.15,low,15,7,13,26,26,0.4449138641357422,0.5958622694015503,0.22973641753196716,0.23221978545188904,0.22910340130329132,0.2073449194431305,0.45472949743270874
test,4,0.15,low,15,15,13,16,16,0.5232247114181519,0.722505509853363,0.04210434481501579,0.02851220779120922,0.04556901007890701,0.9661030173301697,0.07646495848894119
test,4,0.15,low,15,31,13,17,17,0.5821380615234375,0.5658963322639465,0.04550082981586456,0.06055023521184921,0.041664715856313705,0.8920754790306091,0.06345374882221222
test,4,0.15,low,31,0,13,20,20,0.2568797171115875,0.6449119448661804,0.16221114993095398,0.09099271148443222,0.18036487698554993,0.5219801664352417,0.07905856519937515
test,4,0.15,low,31,7,13,21,21,0.6889265179634094,0.5075931549072266,0.13273632526397705,0.10432101786136627,0.13997943699359894,0.922279953956604,0.18095873296260834
test,4,0.15,low,31,15,13,13,13,0.43572479486465454,0.27870973944664,0.025738107040524483,0.014079378917813301,0.028709936887025833,0.9954869747161865,0.03428804129362106
test,4,0.15,low,31,31,13,21,21,0.40395256876945496,0.6358792781829834,0.11888924986124039,0.09476131200790405,0.12503951787948608,0.47340768575668335,0.1536479890346527
test,5,0.9,high,0,0,19,1,0,0.3013576865196228,0.1170278787612915,0.0019164326367899776,0.002050887793302536,0.0006166991079226136,0.9999933838844299,0.004628065973520279
test,5,0.9,high,0,7,19,0,0,0.0,0.0,0.0,0.0,0.0,0.9999998211860657,0.0
test,5,0.9,high,0,15,19,9,0,0.38292208313941956,0.3401324450969696,0.011438746005296707,0.011110560968518257,0.014611217193305492,0.9992377161979675,0.024993684142827988
test,5,0.9,high,0,31,19,0,0,0.0,0.0,0.0,0.0,0.0,0.9999998211860657,0.0
test,5,0.9,high,15,0,19,20,0,0.7702163457870483,0.8314267992973328,0.06817875802516937,0.06667978316545486,0.08266884833574295,0.9648041725158691,0.12619774043560028
test,5,0.9,high,15,7,19,16,0,0.2618090510368347,0.7635320425033569,0.0611451156437397,0.06066293641924858,0.06580621004104614,0.9884617328643799,0.10610690712928772
test,5,0.9,high,15,15,19,11,0,0.2337062656879425,0.9607723951339722,0.029036100953817368,0.030307108536362648,0.016749709844589233,0.9436562061309814,0.033729325979948044
test,5,0.9,high,15,31,19,8,0,0.3868711292743683,0.558516263961792,0.04345526918768883,0.037060607224702835,0.1052703782916069,0.7579710483551025,0.05336952954530716
test,5,0.9,high,31,0,19,12,1,0.14783459901809692,0.7953334450721741,0.03461697697639465,0.03212786093354225,0.05867844074964523,0.7292788028717041,0.007686696946620941
test,5,0.9,high,31,7,19,18,0,0.522773027420044,0.22374272346496582,0.010288717225193977,0.008235964924097061,0.030131986364722252,0.9968048334121704,0.01824289746582508
test,5,0.9,high,31,15,19,9,0,0.3825559914112091,0.170744851231575,0.008886405266821384,0.005392469000071287,0.04266112670302391,0.9982244968414307,0.013188444077968597
test,5,0.9,high,31,31,19,21,0,0.4013785719871521,0.2099420130252838,0.0074866656213998795,0.005531088914722204,0.026390567421913147,0.9984502792358398,0.016334984451532364
test,5,0.5,mid,0,0,19,6,0,0.4100303649902344,0.28422847390174866,0.018819842487573624,0.02914196252822876,0.011287485249340534,0.9993271827697754,0.026311982423067093
test,5,0.5,mid,0,7,19,0,0,0.0,0.0,0.0,0.0,0.0,0.9999998211860657,0.0
test,5,0.5,mid,0,15,19,3,1,0.2648892104625702,0.4577162265777588,0.06195991113781929,0.04735111817717552,0.07262038439512253,0.8271592259407043,0.07279767096042633
test,5,0.5,mid,0,31,19,0,0,0.0,0.0,0.0,0.0,0.0,0.9999998211860657,0.0
test,5,0.5,mid,15,0,19,4,1,0.6200483441352844,0.6834595799446106,0.015548741444945335,0.011598708108067513,0.018431197851896286,0.9720079302787781,0.023212265223264694
test,5,0.5,mid,15,7,19,20,5,0.6291514039039612,0.7332908511161804,0.16042795777320862,0.16917680203914642,0.15404365956783295,0.879170298576355,0.35724467039108276
test,5,0.5,mid,15,15,19,10,2,0.4416516423225403,0.8185583353042603,0.05356808751821518,0.04921705275774002,0.05674317106604576,0.8449731469154358,0.06121557205915451
test,5,0.5,mid,15,31,19,4,2,0.6547639966011047,0.4569968283176422,0.004117309581488371,0.004107185173779726,0.0041246977634727955,0.9997252225875854,0.005719474516808987
test,5,0.5,mid,31,0,19,10,8,0.17939549684524536,0.7196446061134338,0.10524136573076248,0.08115137368440628,0.12282056361436844,0.08801957964897156,0.03641023114323616
test,5,0.5,mid,31,7,19,18,6,0.6500623226165771,0.34301549196243286,0.05877511203289032,0.0591210275888443,0.058522697538137436,0.9853085875511169,0.08621110767126083
test,5,0.5,mid,31,15,19,3,1,0.7110309600830078,0.4071827530860901,0.02766757644712925,0.023174965754151344,0.030945971608161926,0.9183515310287476,0.022200249135494232
test,5,0.5,mid,31,31,19,26,14,0.5994523167610168,0.41388148069381714,0.11378547549247742,0.12098082900047302,0.10853482782840729,0.9675809741020203,0.13750451803207397
test,5,0.15,low,0,0,19,2,2,0.6609801054000854,0.6735948324203491,0.007112239953130484,0.015652980655431747,0.0056234863586723804,0.9997058510780334,0.00909826997667551
test,5,0.15,low,0,7,19,20,20,0.2665976881980896,0.711288571357727,0.11663743853569031,0.09354504197835922,0.12066271901130676,0.9910650253295898,0.07343805581331253
test,5,0.15,low,0,15,19,5,5,0.3740931451320648,0.4257548749446869,0.0389634445309639,0.01688442938029766,0.042812082916498184,0.9979287385940552,0.04311167821288109
test,5,0.15,low,0,31,19,16,16,0.17224591970443726,0.43448013067245483,0.08418873697519302,0.07010261714458466,0.08664410561323166,0.9913861751556396,0.09007778763771057
test,5,0.15,low,15,0,19,11,11,0.4112645387649536,0.747804582118988,0.04135653376579285,0.05746723338961601,0.03854823857545853,0.9869129657745361,0.08393515646457672
test,5,0.15,low,15,7,19,26,26,0.5293205976486206,0.5805818438529968,0.23754921555519104,0.25604167580604553,0.23432573676109314,0.7801027297973633,0.5533286333084106
test,5,0.15,low,15,15,19,6,6,0.31697845458984375,0.7476884722709656,0.07703238725662231,0.05533672496676445,0.0808141902089119,0.5716972351074219,0.08743321895599365
test,5,0.15,low,15,31,19,6,6,0.4766256511211395,0.45533615350723267,0.015706099569797516,0.01614941656589508,0.015628822147846222,0.9988545179367065,0.02222554199397564
test,5,0.15,low,31,0,19,15,15,0.26069870591163635,0.74400395154953,0.1324911117553711,0.15990862250328064,0.12771190702915192,0.7733259201049805,0.05719036981463432
test,5,0.15,low,31,7,19,19,19,0.7041353583335876,0.47607651352882385,0.1353146731853485,0.15675559639930725,0.1315772533416748,0.9482293725013733,0.19781310856342316
test,5,0.15,low,31,15,19,5,5,0.4675329923629761,0.30981263518333435,0.04817165434360504,0.01666298881173134,0.05366399511694908,0.8886059522628784,0.05040143430233002
test,5,0.15,low,31,31,19,18,18,0.3857811689376831,0.4396563768386841,0.13515114784240723,0.1373027265071869,0.13477608561515808,0.854731023311615,0.16393029689788818
test,6,0.9,high,0,0,23,4,0,0.19813674688339233,0.10691811889410019,0.01111752912402153,0.011991842649877071,0.003998116590082645,0.9998054504394531,0.017130989581346512
test,6,0.9,high,0,7,23,0,0,0.0,0.0,0.0,0.0,0.0,0.9999998211860657,0.0
test,6,0.9,high,0,15,23,26,0,0.5187522768974304,0.3407578766345978,0.04508655518293381,0.03990728035569191,0.08726067841053009,0.987621009349823,0.11484037339687347
test,6,0.9,high,0,31,23,0,0,0.0,0.0,0.0,0.0,0.0,0.9999998211860657,0.0
test,6,0.9,high,15,0,23,17,0,0.8382604718208313,0.9847904443740845,0.06213673949241638,0.060808733105659485,0.07295054197311401,0.984257161617279,0.119636170566082
test,6,0.9,high,15,7,23,21,0,0.3980603814125061,0.8088316321372986,0.0702284574508667,0.07035104930400848,0.06923019886016846,0.9544750452041626,0.13005861639976501
test,6,0.9,high,15,15,23,16,0,0.3913457691669464,0.6756241917610168,0.04500654339790344,0.04453635588288307,0.048835184425115585,0.9728614091873169,0.06331407278776169
test,6,0.9,high,15,31,23,9,0,0.9793961644172668,0.9504437446594238,0.02708132565021515,0.020435281097888947,0.08119910955429077,0.8739680051803589,0.03692250698804855
test,6,0.9,high,31,0,23,21,6,0.27977731823921204,0.6279951930046082,0.02754797972738743,0.015321370214223862,0.12710753083229065,0.730160117149353,0.012106252834200859
test,6,0.9,high,31,7,23,17,1,0.5589367747306824,0.18064461648464203,0.005635126028209925,0.0029625045135617256,0.02739790268242359,0.9989380836486816,0.007457182742655277
test,6,0.9,high,31,15,23,25,1,1.1559869050979614,0.17809604108333588,0.01679069548845291,0.008790779858827591,0.08193287998437881,0.9874811172485352,0.02172960713505745
test,6,0.9,high,31,31,23,17,0,0.5652559399604797,0.22136467695236206,0.016530336812138557,0.01597777009010315,0.021029802039265633,0.9964298605918884,0.01583832874894142
test,6,0.5,mid,0,0,23,19,0,0.4990417957305908,0.5261273980140686,0.035024531185626984,0.0332280732691288,0.037125471979379654,0.9846715927124023,0.05627325922250748
test,6,0.5,mid,0,7,23,0,0,0.0,0.0,0.0,0.0,0.0,0.9999998211860657,0.0
test,6,0.5,mid,0,15,23,4,1,0.7228590846061707,0.44314590096473694,0.054129671305418015,0.02434908226132393,0.08895781636238098,0.9170211553573608,0.0665711984038353
test,6,0.5,mid,0,31,23,0,0,0.0,0.0,0.0,0.0,0.0,0.9999998211860657,0.0
test,6,0.5,mid,15,0,23,1,0,0.46576517820358276,0.7019903063774109,0.0019165436970070004,0.0020867837592959404,0.0017174495151266456,0.9999529123306274,0.0027426956221461296
test,6,0.5,mid,15,7,23,15,5,0.4751260578632355,0.9329748153686523,0.10290375351905823,0.07830493152141571,0.13167187571525574,0.8605774641036987,0.24264046549797058
test,6,0.5,mid,15,15,23,12,4,0.43869921565055847,0.8793676495552063,0.06360682845115662,0.0410689152777195,0.08996473997831345,0.6092352271080017,0.09125369042158127
test,6,0.5,mid,15,31,23,3,0,1.683410882949829,0.5369849801063538,0.010025537572801113,0.008583311922848225,0.011712207458913326,0.989607572555542,0.012836670503020287
test,6,0.5,mid,31,0,23,24,13,0.20500661432743073,0.7774049639701843,0.2272871881723404,0.24491219222545624,0.20667491853237152,0.3054673969745636,0.06886362284421921
test,6,0.5,mid,31,7,23,28,9,0.6759217977523804,0.4215674102306366,0.0839952602982521,0.07693535834550858,0.0922517478466034,0.9660152792930603,0.1311408430337906
test,6,0.5,mid,31,15,23,4,0,0.9566909670829773,0.2647484540939331,0.015842165797948837,0.009649797342717648,0.023084091022610664,0.9734078645706177,0.023488849401474
test,6,0.5,mid,31,31,23,24,11,0.6736248135566711,0.31189075112342834,0.10962503403425217,0.12444724142551422,0.09229058772325516,0.8329999446868896,0.13189570605754852
test,6,0.15,low,0,0,23,3,3,0.5271517038345337,0.666470468044281,0.02365138754248619,0.040581412613391876,0.01869208738207817,0.9990776777267456,0.022626522928476334
test,6,0.15,low,0,7,23,16,16,0.30375435948371887,0.48892754316329956,0.1342071294784546,0.13220030069351196,0.13479498028755188,0.990031361579895,0.11719833314418793
test,6,0.15,low,0,15,23,2,2,0.5282669067382812,0.4165634214878082,0.057182762771844864,0.017701804637908936,0.06874789297580719,0.9276611804962158,0.06799417734146118
test,6,0.15,low,0,31,23,18,18,0.27242541313171387,0.6353023052215576,0.11084000021219254,0.08072471618652344,0.11966165155172348,0.9768491387367249,0.10644564032554626
test,6,0.15,low,15,0,23,4,4,0.2825681269168854,0.7158129811286926,0.007098155561834574,0.007625798229128122,0.0069435941986739635,0.9969407320022583,0.011958540417253971
test,6,0.15,low,15,7,23,16,16,0.31139275431632996,0.6534860134124756,0.15870451927185059,0.10312356054782867,0.17498579621315002,0.8667072057723999,0.38515734672546387
test,6,0.15,low,15,15,23,9,9,0.4946547746658325,0.9271422028541565,0.04741702973842621,0.042170774191617966,0.04895380884408951,0.5892620086669922,0.06708182394504547
test,6,0.15,low,15,31,23,4,4,0.5135872960090637,0.49140501022338867,0.014131532981991768,0.017415350303053856,0.01316960621625185,0.973966121673584,0.019215423613786697
test,6,0.15,low,31,0,23,15,15,0.20347000658512115,0.8442031741142273,0.1898493468761444,0.12501873075962067,0.20884014666080475,0.4415445923805237,0.08246839046478271
test,6,0.15,low,31,7,23,19,19,0.782781720161438,0.5075509548187256,0.1068577766418457,0.10978315025568008,0.1060008555650711,0.9422493577003479,0.17352764308452606
test,6,0.15,low,31,15,23,1,1,0.35102272033691406,0.16698262095451355,0.0025482559576630592,0.0009353184141218662,0.0030207326635718346,0.9998379945755005,0.0033348118886351585
test,6,0.15,low,31,31,23,19,19,0.36842551827430725,0.6059346199035645,0.1724407970905304,0.10718736052513123,0.1915554404258728,0.35317474603652954,0.15959444642066956
test,7,0.9,high,0,0,26,0,0,0.0,0.0,0.0,0.0,0.0,0.9999998211860657,0.0
test,7,0.9,high,0,7,26,0,0,0.0,0.0,0.0,0.0,0.0,0.9999998211860657,0.0
test,7,0.9,high,0,15,26,10,0,0.4407083988189697,0.286905437707901,0.012537095695734024,0.011675731278955936,0.0227012038230896,0.9994320869445801,0.023866403847932816
test,7,0.9,high,0,31,26,0,0,0.0,0.0,0.0,0.0,0.0,0.9999998211860657,0.0
test,7,0.9,high,15,0,26,28,0,0.7124745845794678,0.8741780519485474,0.11742957681417465,0.11722572147846222,0.11983515322208405,0.9649048447608948,0.23133662343025208
test,7,0.9,high,15,7,26,34,2,0.36714813113212585,0.9548826813697815,0.10570357739925385,0.10785668343305588,0.08029679208993912,0.7107032537460327,0.19323113560676575
test,7,0.9,high,15,15,26,14,0,0.3657154440879822,1.0112484693527222,0.03336331248283386,0.034810010343790054,0.016292257234454155,0.9274056553840637,0.03880855441093445
test,7,0.9,high,15,31,26,8,0,0.8274728655815125,0.7998771667480469,0.025501497089862823,0.024078724905848503,0.04229018837213516,0.9766717553138733,0.0315229669213295
test,7,0.9,high,31,0,26,26,4,0.20287561416625977,0.6132792830467224,0.0708022266626358,0.0669582262635231,0.11616142094135284,0.4569685161113739,0.014669854193925858
test,7,0.9,high,31,7,26,9,1,0.5045397281646729,0.139963760972023,0.0031491355039179325,0.0024716181214898825,0.011143839918076992,0.9996070861816406,0.007345781661570072
test,7,0.9,high,31,15,26,12,0,0.7683517932891846,0.2105688899755478,0.011823668144643307,0.00841873325407505,0.05200190097093582,0.9928811192512512,0.01597946509718895
test,7,0.9,high,31,31,26,13,0,0.3273908793926239,0.27717939019203186,0.009390554390847683,0.008809532038867474,0.016246620565652847,0.9918951988220215,0.011363728903234005
test,7,0.5,mid,0,0,26,14,0,0.4119550585746765,0.325835645198822,0.03894695267081261,0.04526062682271004,0.03387823328375816,0.9792360663414001,0.06387384235858917
test,7,0.5,mid,0,7,26,0,0,0.0,0.0,0.0,0.0,0.0,0.9999997615814209,0.0
test,7,0.5,mid,0,15,26,7,1,0.8909170031547546,0.5924488306045532,0.07462497055530548,0.044345445930957794,0.09893389046192169,0.969707727432251,0.08130519837141037
test,7,0.5,mid,0,31,26,0,0,0.0,0.0,0.0,0.0,0.0,0.9999997615814209,0.0
test,7,0.5,mid,15,0,26,1,0,3.23349928855896,0.9552198052406311,0.009836442768573761,0.009439286775887012,0.010155288502573967,0.9861495494842529,0.01373013760894537
test,7,0.5,mid,15,7,26,30,18,0.4367906153202057,0.9227753281593323,0.20328183472156525,0.1911875307559967,0.2129913568496704,0.669387936592102,0.5235768556594849
test,7,0.5,mid,15,15,26,10,2,0.45457425713539124,1.0471218824386597,0.07876740396022797,0.0991368219256401,0.062414489686489105,0.692138671875,0.09352311491966248
test,7,0.5,mid,15,31,26,1,1,1.5985970497131348,1.1634715795516968,0.0064730457961559296,0.011965547688305378,0.0020635719411075115,0.930191159248352,0.002107275417074561
test,7,0.5,mid,31,0,26,29,14,0.2446404993534088,0.7549836039543152,0.22101809084415436,0.22809135913848877,0.2153395712375641,0.5555902123451233,0.07579857856035233
test,7,0.5,mid,31,7,26,25,11,0.6269875764846802,0.42301180958747864,0.10038724541664124,0.10199153423309326,0.0990992933511734,0.9350748658180237,0.12332217395305634
test,7,0.5,mid,31,15,26,4,1,0.5841453671455383,0.24023675918579102,0.023849893361330032,0.020479809492826462,0.026555456221103668,0.9896738529205322,0.034329839050769806
test,7,0.5,mid,31,31,26,22,12,0.3986752927303314,0.4484007954597473,0.15099520981311798,0.14417384564876556,0.15647152066230774,0.2995328903198242,0.17253056168556213
test,7,0.15,low,0,0,26,0,0,0.0,0.0,0.0,0.0,0.0,0.9999998211860657,0.0
test,7,0.15,low,0,7,26,15,15,0.22080853581428528,0.5799556970596313,0.19055518507957458,0.20604081451892853,0.187687486410141,0.9696695804595947,0.13409486413002014
test,7,0.15,low,0,15,26,2,2,1.3848515748977661,0.7689656019210815,0.09599711000919342,0.0379682257771492,0.10674320161342621,0.9434846639633179,0.09954842925071716
test,7,0.15,low,0,31,26,14,14,0.20353026688098907,0.4423955976963043,0.14513972401618958,0.13470476865768433,0.14707212150096893,0.9652551412582397,0.17480236291885376
test,7,0.15,low,15,0,26,1,1,0.22603631019592285,0.7933728694915771,0.003078814595937729,0.0043739983811974525,0.0028389652725309134,0.9998266696929932,0.004553971812129021
test,7,0.15,low,15,7,26,20,20,0.42436483502388,0.7075179815292358,0.19468170404434204,0.19506733119487762,0.19461028277873993,0.746185839176178,0.4617784321308136
test,7,0.15,low,15,15,26,3,3,0.4248635768890381,0.5897257924079895,0.028187239542603493,0.021190917119383812,0.029482854530215263,0.7808847427368164,0.034462831914424896
test,7,0.15,low,15,31,26,1,1,0.3897591531276703,0.6522490382194519,0.014543497934937477,0.004634613171219826,0.016378477215766907,0.9710510969161987,0.018368160352110863
test,7,0.15,low,31,0,26,18,18,0.14105263352394104,0.7271683812141418,0.21320219337940216,0.269603431224823,0.20275752246379852,0.16167503595352173,0.08858317881822586
test,7,0.15,low,31,7,26,36,36,0.616000235080719,0.4867466390132904,0.2284962236881256,0.21427702903747559,0.23112942278385162,0.8666276931762695,0.3178921937942505
test,7,0.15,low,31,15,26,3,3,0.3075365424156189,0.11260295659303665,0.01994902454316616,0.029171336442232132,0.018241189420223236,0.9965331554412842,0.039417143911123276
test,7,0.15,low,31,31,26,24,24,0.39698275923728943,0.5581294894218445,0.26121121644973755,0.26379916071891785,0.26073193550109863,0.4960680902004242,0.3114764988422394
test,8,0.9,high,0,0,1,0,0,0.0,0.0,0.0,0.0,0.0,0.9999998211860657,0.0
test,8,0.9,high,0,7,1,0,0,0.0,0.0,0.0,0.0,0.0,0.9999998807907104,0.0
test,8,0.9,high,0,15,1,0,0,0.0,0.0,0.0,0.0,0.0,0.9999998807907104,0.0
test,8,0.9,high,0,31,1,0,0,0.0,0.0,0.0,0.0,0.0,0.9999998807907104,0.0
test,8,0.9,high,15,0,1,1,0,0.3849012553691864,0.5585784912109375,0.005749129690229893,0.0057734111323952675,0.0055514145642519,0.9982873201370239,0.006332210265100002
test,8,0.9,high,15,7,1,2,0,0.32379525899887085,1.252380609512329,0.01785142347216606,0.014047756791114807,0.048824138939380646,0.9880610704421997,0.01737925410270691
test,8,0.9,high,15,15,1,6,0,0.30923330783843994,0.4159564971923828,0.004978244658559561,0.004898737650364637,0.005625666584819555,0.9988765716552734,0.0076231700368225574
test,8,0.9,high,15,31,1,9,0,0.5005651116371155,0.5481351613998413,0.004254118539392948,0.0028724034782499075,0.015505228191614151,0.9837893843650818,0.004383192863315344
test,8,0.9,high,31,0,1,37,8,0.3116118609905243,0.6639254689216614,0.03457609564065933,0.028312964364886284,0.08557587116956711,0.8942033052444458,0.009317338466644287
test,8,0.9,high,31,7,1,4,0,0.30742499232292175,0.2989991307258606,0.0018621236085891724,0.0015984850469976664,0.00400889478623867,0.9996313452720642,0.00300771277397871
test,8,0.9,high,31,15,1,0,0,0.0,0.0,0.0,0.0,0.0,0.9999998807907104,0.0
test,8,0.9,high,31,31,1,5,0,0.2822408378124237,0.19374045729637146,0.0031968862749636173,0.002747362246736884,0.006857298780232668,0.9998599290847778,0.005766598973423243
test,8,0.5,mid,0,0,1,1,0,0.6741790771484375,0.8710379600524902,0.003542050952091813,0.005212206859141588,0.0021582073532044888,0.9999579191207886,0.005064619705080986
test,8,0.5,mid,0,7,1,0,0,0.0,0.0,0.0,0.0,0.0,0.9999997615814209,0.0
test,8,0.5,mid,0,15,1,3,1,0.6199614405632019,0.5250486731529236,0.04568362608551979,0.030563971027731895,0.05821134150028229,0.8506084084510803,0.047745924443006516
test,8,0.5,mid,0,31,1,0,0,0.0,0.0,0.0,0.0,0.0,0.9999998211860657,0.0
test,8,0.5,mid,15,0,1,22,15,0.3998078405857086,0.7660729289054871,0.03045373037457466,0.03074556775391102,0.0302119217813015,0.9954443573951721,0.06530208140611649
test,8,0.5,mid,15,7,1,18,11,0.30511802434921265,0.8486363291740417,0.06270056217908859,0.06278515607118607,0.06263046711683273,0.9593853950500488,0.1056753396987915
test,8,0.5,mid,15,15,1,19,8,0.4158519506454468,0.6188956499099731,0.03540094941854477,0.036240510642528534,0.03470531105995178,0.7825073003768921,0.041551753878593445
test,8,0.5,mid,15,31,1,21,12,0.7177378535270691,0.6524316072463989,0.04432901367545128,0.03275436908006668,0.053919434547424316,0.8621114492416382,0.04234138876199722
test,8,0.5,mid,31,0,1,27,20,0.19717520475387573,0.7731569409370422,0.1360129714012146,0.14484438300132751,0.1286955177783966,0.3734407424926758,0.039128825068473816
test,8,0.5,mid,31,7,1,19,10,0.3958684802055359,0.5088936686515808,0.04832170903682709,0.042224038392305374,0.053374070674180984,0.9744553565979004,0.060163624584674835
test,8,0.5,mid,31,15,1,22,7,0.48553285002708435,0.3265881836414337,0.023179680109024048,0.018526002764701843,0.027035586535930634,0.9769071936607361,0.02818574383854866
test,8,0.5,mid,31,31,1,24,13,0.33232831954956055,0.365719735622406,0.09956635534763336,0.11065290868282318,0.09038035571575165,0.9232221841812134,0.13911643624305725
test,8,0.15,low,0,0,1,36,36,0.5406244397163391,0.6200965046882629,0.0847712829709053,0.05103981867432594,0.08858440071344376,0.9473153352737427,0.09652666747570038
test,8,0.15,low,0,7,1,5,5,0.29708078503608704,0.8619650602340698,0.026269404217600822,0.03820190578699112,0.0249205119907856,0.9988449811935425,0.031010722741484642
test,8,0.15,low,0,15,1,31,31,0.4696500301361084,0.4952569305896759,0.11997918784618378,0.08322080224752426,0.12413448095321655,0.976297914981842,0.12873485684394836
test,8,0.15,low,0,31,1,10,10,0.1306043565273285,1.0065586566925049,0.04929020255804062,0.04757373780012131,0.04948423430323601,0.9956983923912048,0.05760085955262184
test,8,0.15,low,15,0,1,34,34,0.48402664065361023,0.9118277430534363,0.06517321616411209,0.09213214367628098,0.06212568283081055,0.9777671098709106,0.17469951510429382
test,8,0.15,low,15,7,1,35,35,0.4220917224884033,0.6804174780845642,0.21505898237228394,0.2563386857509613,0.210392564535141,0.7596211433410645,0.48010915517807007
test,8,0.15,low,15,15,1,24,24,0.40082284808158875,0.7295899987220764,0.08407115191221237,0.09828509390354156,0.08246434479951859,0.5123531818389893,0.08199042081832886
test,8,0.15,low,15,31,1,22,22,0.5213079452514648,0.6837988495826721,0.08277067542076111,0.0547834187746048,0.08593445271253586,0.46564793586730957,0.08131943643093109
test,8,0.15,low,31,0,1,26,26,0.18506330251693726,0.6945853233337402,0.15821634232997894,0.18371354043483734,0.15533404052257538,0.5389872789382935,0.05970574915409088
test,8,0.15,low,31,7,1,32,32,0.6447161436080933,0.4287013113498688,0.15659813582897186,0.14640124142169952,0.15775083005428314,0.9379410147666931,0.16876757144927979
test,8,0.15,low,31,15,1,19,19,0.3773787021636963,0.2592516839504242,0.024329718202352524,0.01293183583766222,0.0256181750446558,0.9978125691413879,0.03446436673402786
test,8,0.15,low,31,31,1,29,29,0.39493444561958313,0.6116382479667664,0.18877102434635162,0.1781085729598999,0.18997631967067719,0.49773716926574707,0.24030709266662598
test,9,0.9,high,0,0,14,4,0,0.3079981505870819,0.18095357716083527,0.010719982907176018,0.011348975822329521,0.006317032501101494,0.9997884631156921,0.016673624515533447
test,9,0.9,high,0,7,14,0,0,0.0,0.0,0.0,0.0,0.0,0.9999998211860657,0.0
test,9,0.9,high,0,15,14,10,0,0.39706918597221375,0.35081902146339417,0.019508127123117447,0.01787467673420906,0.030942292883992195,0.999039351940155,0.038967736065387726
test,9,0.9,high,0,31,14,0,0,0.0,0.0,0.0,0.0,0.0,0.9999997615814209,0.0
test,9,0.9,high,15,0,14,17,0,0.641506552696228,0.794956386089325,0.06538364291191101,0.06445854157209396,0.07185932993888855,0.9893734455108643,0.11584991216659546
test,9,0.9,high,15,7,14,13,0,0.3214067816734314,0.8110523223876953,0.03710749372839928,0.03626617416739464,0.042996715754270554,0.9896522164344788,0.07150142639875412
test,9,0.9,high,15,15,14,9,0,0.4228515326976776,0.6159469485282898,0.028372038155794144,0.028910690918564796,0.024601485580205917,0.99306321144104,0.04020608961582184
test,9,0.9,high,15,31,14,6,0,0.41639429330825806,0.8910813927650452,0.016891084611415863,0.012416718527674675,0.04821164906024933,0.8602907657623291,0.01939113438129425
test,9,0.9,high,31,0,14,14,3,0.20911136269569397,0.7204536199569702,0.027192197740077972,0.01832318678498268,0.0892752930521965,0.7982032299041748,0.008349543437361717
test,9,0.9,high,31,7,14,15,1,0.3514314889907837,0.2042132467031479,0.0059799267910420895,0.0017821462824940681,0.035364389419555664,0.9976754188537598,0.007499254308640957
test,9,0.9,high,31,15,14,17,0,1.0657163858413696,0.16147153079509735,0.012752750888466835,0.005778799299150705,0.061570413410663605,0.9902176260948181,0.017386026680469513
test,9,0.9,high,31,31,14,9,0,0.41905951499938965,0.2546517848968506,0.00410882942378521,0.0032092963811010122,0.010405562818050385,0.9997714757919312,0.007799609564244747
test,9,0.5,mid,0,0,14,12,1,0.4376107156276703,0.7094985842704773,0.022717628628015518,0.020472021773457527,0.025262650102376938,0.9915950298309326,0.03494279831647873
test,9,0.5,mid,0,7,14,0,0,0.0,0.0,0.0,0.0,0.0,0.9999998807907104,0.0
test,9,0.5,mid,0,15,14,5,1,0.4293419420719147,0.46454715728759766,0.04754718393087387,0.0362064428627491,0.06040002778172493,0.9908866882324219,0.06400710344314575
test,9,0.5,mid,0,31,14,0,0,0.0,0.0,0.0,0.0,0.0,0.9999998211860657,0.0
test,9,0.5,mid,15,0,14,7,1,0.4857873320579529,0.7963789105415344,0.024236038327217102,0.029123803600668907,0.01869657076895237,0.9755541682243347,0.03573422133922577
test,9,0.5,mid,15,7,14,18,6,0.5404674410820007,0.7026408314704895,0.10775749385356903,0.09733562916517258,0.11956895142793655,0.8712257146835327,0.21231046319007874
test,9,0.5,mid,15,15,14,19,10,0.4259395897388458,0.8809099197387695,0.10878650099039078,0.091666080057621,0.12818965315818787,0.49651557207107544,0.0921383649110794
test,9,0.5,mid,15,31,14,7,3,0.37870219349861145,0.4688246250152588,0.01013882365077734,0.008470980450510979,0.01202904712408781,0.992958664894104,0.012958059087395668
test,9,0.5,mid,31,0,14,25,14,0.291584849357605,0.7894048690795898,0.17345339059829712,0.12549543380737305,0.22780576348304749,0.49535492062568665,0.041710201650857925
test,9,0.5,mid,31,7,14,19,8,0.5241535305976868,0.45979711413383484,0.05578993260860443,0.04637240618467331,0.06646313518285751,0.9772028923034668,0.07978125661611557
test,9,0.5,mid,31,15,14,9,3,0.45981353521347046,0.21285150945186615,0.017815306782722473,0.008782717399299145,0.02805224433541298,0.9845055937767029,0.02616414614021778
test,9,0.5,mid,31,31,14,24,17,0.44943568110466003,0.5169733166694641,0.12312914431095123,0.11458408832550049,0.13281355798244476,0.7737004160881042,0.1030014306306839
test,9,0.15,low,0,0,14,14,14,0.557257354259491,0.6705884337425232,0.038317155092954636,0.04162168130278587,0.03743376582860947,0.9906660318374634,0.04448883980512619
test,9,0.15,low,0,7,14,13,13,0.3106589913368225,0.5614780187606812,0.08688195049762726,0.08885030448436737,0.08635575324296951,0.9921768307685852,0.052323777228593826
test,9,0.15,low,0,15,14,9,9,0.30567845702171326,0.46453040838241577,0.07520792633295059,0.05393907055258751,0.08089365810155869,0.940454363822937,0.08420637249946594
test,9,0.15,low,0,31,14,14,14,0.16098502278327942,0.46354174613952637,0.06891347467899323,0.062096934765577316,0.07073571532964706,0.9936345219612122,0.07587265968322754
test,9,0.15,low,15,0,14,15,15,0.5135867595672607,0.8226066827774048,0.055364761501550674,0.0631931871175766,0.05327201634645462,0.9543899893760681,0.11271931976079941
test,9,0.15,low,15,7,14,17,17,0.5288006067276001,0.5706526041030884,0.1523461490869522,0.12878547608852386,0.15864452719688416,0.8600013256072998,0.2732093632221222
test,9,0.15,low,15,15,14,15,15,0.4623182415962219,0.6276809573173523,0.08816419541835785,0.11233792454004288,0.08170189708471298,0.6221441626548767,0.09000930190086365
test,9,0.15,low,15,31,14,15,15,0.4764941930770874,0.5326783657073975,0.037359315901994705,0.03748799115419388,0.037324920296669006,0.9004830121994019,0.05047128349542618
test,9,0.15,low,31,0,14,22,22,0.22050358355045319,0.7784863710403442,0.21466468274593353,0.16523854434490204,0.22787760198116302,0.4349345564842224,0.07870630919933319
test,9,0.15,low,31,7,14,32,32,0.5817366242408752,0.46355926990509033,0.17961890995502472,0.20119310915470123,0.17385153472423553,0.898918867111206,0.21495962142944336
test,9,0.15,low,31,15,14,14,14,0.478491872549057,0.266951322555542,0.04022717475891113,0.014676010236144066,0.047057680785655975,0.9869868755340576,0.058250293135643005
test,9,0.15,low,31,31,14,27,27,0.424338161945343,0.6308661103248596,0.2090955674648285,0.18977275490760803,0.21426105499267578,0.646450400352478,0.19274652004241943
test,10,0.9,high,0,0,0,0,0,0.0,0.0,0.0,0.0,0.0,0.9999998211860657,0.0
test,10,0.9,high,0,7,0,0,0,0.0,0.0,0.0,0.0,0.0,0.9999998211860657,0.0
test,10,0.9,high,0,15,0,0,0,0.0,0.0,0.0,0.0,0.0,0.9999997615814209,0.0
test,10,0.9,high,0,31,0,0,0,0.0,0.0,0.0,0.0,0.0,0.9999998807907104,0.0
test,10,0.9,high,15,0,0,0,0,0.0,0.0,0.0,0.0,0.0,0.9999997615814209,0.0
test,10,0.9,high,15,7,0,0,0,0.0,0.0,0.0,0.0,0.0,0.9999998211860657,0.0
test,10,0.9,high,15,15,0,9,0,0.42421233654022217,0.42976629734039307,0.012901620008051395,0.013310682028532028,0.005830677226185799,0.9991427063941956,0.017087183892726898
test,10,0.9,high,15,31,0,3,0,0.2820691466331482,0.8735194802284241,0.00112322554923594,0.001113757723942399,0.0012868831399828196,0.999950647354126,0.0009070318192243576
test,10,0.9,high,31,0,0,18,1,0.15261778235435486,0.5341656804084778,0.009813891723752022,0.010377587750554085,6.999255856499076e-05,0.9908614158630371,0.009964818134903908
test,10,0.9,high,31,7,0,5,0,0.31093427538871765,0.15839946269989014,0.0034694704227149487,0.0028082027565687895,0.014899954199790955,0.9997977614402771,0.00715562142431736
test,10,0.9,high,31,15,0,1,0,0.38693538308143616,0.08894461393356323,0.00025721773272380233,0.0002130103821400553,0.00102137285284698,0.9999974370002747,0.0002538605476729572
test,10,0.9,high,31,31,0,19,0,0.3874777853488922,0.22254852950572968,0.014694196172058582,0.012461576610803604,0.05328661575913429,0.9904215335845947,0.021721946075558662
test,10,0.5,mid,0,0,0,2,0,0.5836870670318604,0.636837363243103,0.005231879651546478,0.008263805881142616,0.0019017303129658103,0.9999152421951294,0.006876683793962002
test,10,0.5,mid,0,7,0,0,0,0.0,0.0,0.0,0.0,0.0,0.9999997615814209,0.0
test,10,0.5,mid,0,15,0,3,0,0.32456082105636597,0.3809345066547394,0.00664435513317585,0.004171943292021751,0.009359954856336117,0.9998870491981506,0.007993290200829506
test,10,0.5,mid,0,31,0,0,0,0.0,0.0,0.0,0.0,0.0,0.9999997615814209,0.0
test,10,0.5,mid,15,0,0,20,9,0.39581984281539917,0.7972825169563293,0.024738404899835587,0.024086959660053253,0.025453923270106316,0.9953254461288452,0.05128083378076553
test,10,0.5,mid,15,7,0,14,5,0.3057195544242859,0.8999139070510864,0.03928278386592865,0.03933768346905708,0.039222490042448044,0.910839319229126,0.06699758023023605
test,10,0.5,mid,15,15,0,19,6,0.44851168990135193,0.7882864475250244,0.03409441560506821,0.037017207592725754,0.03088413178920746,0.9437034130096436,0.04262598231434822
test,10,0.5,mid,15,31,0,14,5,0.7130115032196045,0.5670256614685059,0.013611306436359882,0.01182393915951252,0.015574478544294834,0.9952082633972168,0.018369700759649277
test,10,0.5,mid,31,0,0,20,12,0.1727723330259323,0.7688112258911133,0.044721007347106934,0.045135870575904846,0.04426532983779907,0.8422467708587646,0.01772639900445938
test,10,0.5,mid,31,7,0,26,9,0.5837705731391907,0.4208860397338867,0.05926187336444855,0.05546022579073906,0.06343743950128555,0.9848577976226807,0.09891247749328613
test,10,0.5,mid,31,15,0,19,7,0.46242934465408325,0.25647637248039246,0.011322814971208572,0.007698433473706245,0.01530369184911251,0.9991903901100159,0.015099852345883846
test,10,0.5,mid,31,31,0,24,9,0.3684428930282593,0.45851266384124756,0.12312392145395279,0.1261616349220276,0.11978741735219955,0.7322362065315247,0.12283328175544739
test,10,0.15,low,0,0,0,29,29,0.5451409816741943,0.6899154186248779,0.05785337835550308,0.06311888992786407,0.05651119351387024,0.959665060043335,0.05649912357330322
test,10,0.15,low,0,7,0,5,5,0.3149550259113312,0.9826847314834595,0.02462257258594036,0.03798317909240723,0.02121693082153797,0.998650312423706,0.0337706133723259
test,10,0.15,low,0,15,0,30,30,0.4166159927845001,0.4150848686695099,0.1316489577293396,0.07576383650302887,0.14589418470859528,0.9827345013618469,0.1638326346874237
test,10,0.15,low,0,31,0,3,3,0.4944562315940857,0.7991078495979309,0.023837871849536896,0.027554210275411606,0.022890567779541016,0.9988359212875366,0.028488002717494965
test,10,0.15,low,15,0,0,35,35,0.4699094593524933,0.8875742554664612,0.07763461023569107,0.10075382143259048,0.07174147665500641,0.9663515090942383,0.20397886633872986
test,10,0.15,low,15,7,0,29,29,0.4640886187553406,0.6805354356765747,0.15759271383285522,0.13746996223926544,0.16272205114364624,0.8550121784210205,0.3274308443069458
test,10,0.15,low,15,15,0,23,23,0.4210748076438904,0.7183643579483032,0.06304223090410233,0.07018673419952393,0.06122108921408653,0.6582165956497192,0.09131770581007004
test,10,0.15,low,15,31,0,24,24,1.0002591609954834,0.6709820628166199,0.038713954389095306,0.03665364906191826,0.03923913091421127,0.9773333668708801,0.060855261981487274
test,10,0.15,low,31,0,0,6,6,0.2286868393421173,0.7945113778114319,0.01570960320532322,0.012611820362508297,0.0164992343634367,0.9868855476379395,0.006485928315669298
test,10,0.15,low,31,7,0,34,34,0.6428008675575256,0.46565815806388855,0.1437496542930603,0.1369006633758545,0.1454954594373703,0.8533008694648743,0.24020087718963623
test,10,0.15,low,31,15,0,12,12,0.6856489181518555,0.4011791944503784,0.008918996900320053,0.002998142037540674,0.010428234934806824,0.9984992742538452,0.013820976950228214
test,10,0.15,low,31,31,0,20,20,0.33782869577407837,0.5113009214401245,0.11936289817094803,0.10752466320991516,0.12238050252199173,0.9392844438552856,0.12263137102127075
test,11,0.9,high,0,0,6,1,0,0.26387906074523926,0.33298829197883606,0.009336192160844803,0.010423805564641953,0.0011428334983065724,0.9998983144760132,0.013831812888383865
test,11,0.9,high,0,7,6,0,0,0.0,0.0,0.0,0.0,0.0,0.9999998211860657,0.0
test,11,0.9,high,0,15,6,2,0,0.3696129620075226,0.21614110469818115,0.004689941648393869,0.004022546112537384,0.009717653505504131,0.9998929500579834,0.009164562448859215
test,11,0.9,high,0,31,6,0,0,0.0,0.0,0.0,0.0,0.0,0.9999997615814209,0.0
test,11,0.9,high,15,0,6,3,0,0.5455725789070129,0.6786984205245972,0.011429970152676105,0.01068152580410242,0.017068251967430115,0.9929665327072144,0.015453855507075787
test,11,0.9,high,15,7,6,3,0,0.24593502283096313,0.7326040267944336,0.02637992426753044,0.026504522189497948,0.025441287085413933,0.9959446787834167,0.033787526190280914
test,11,0.9,high,15,15,6,11,0,0.4612520933151245,0.41475141048431396,0.020295225083827972,0.02029823698103428,0.02027253247797489,0.9910563230514526,0.029982315376400948
test,11,0.9,high,15,31,6,14,1,0.6465632319450378,0.6235144734382629,0.02188483253121376,0.02042693831026554,0.032867640256881714,0.9797505140304565,0.031420767307281494
test,11,0.9,high,31,0,6,23,0,0.29591354727745056,0.6003906726837158,0.029721206054091454,0.024747544899582863,0.06718945503234863,0.9377965927124023,0.011526135727763176
test,11,0.9,high,31,7,6,14,0,0.3163067102432251,0.19962550699710846,0.007963528856635094,0.005276973359286785,0.028202243149280548,0.9981549978256226,0.008537127636373043
test,11,0.9,high,31,15,6,9,0,0.45832476019859314,0.3491304814815521,0.013647671788930893,0.010801350697875023,0.03508995473384857,0.9970309734344482,0.012597892433404922
test,11,0.9,high,31,31,6,15,0,0.36105814576148987,0.2549562454223633,0.00848323293030262,0.006254155654460192,0.025275619700551033,0.9985419511795044,0.013887615874409676
test,11,0.5,mid,0,0,6,6,0,0.5114617347717285,0.6677085757255554,0.012691507115960121,0.017962172627449036,0.008040920831263065,0.999682605266571,0.01694703847169876
test,11,0.5,mid,0,7,6,0,0,0.0,0.0,0.0,0.0,0.0,0.9999997615814209,0.0
test,11,0.5,mid,0,15,6,5,1,0.47354617714881897,0.4582301676273346,0.02962455525994301,0.017981911078095436,0.039897479116916656,0.9910627007484436,0.03941494971513748
test,11,0.5,mid,0,31,6,0,0,0.0,0.0,0.0,0.0,0.0,0.9999997615814209,0.0
test,11,0.5,mid,15,0,6,12,6,0.3856911361217499,0.7674827575683594,0.02174168825149536,0.024008363485336304,0.01974167861044407,0.9978330731391907,0.04567582905292511
test,11,0.5,mid,15,7,6,14,9,0.40150392055511475,0.8899779319763184,0.10443315654993057,0.08269286155700684,0.12361577153205872,0.8400857448577881,0.15416356921195984
test,11,0.5,mid,15,15,6,15,6,0.3591757118701935,0.5589364767074585,0.05860554426908493,0.0633266493678093,0.05443986877799034,0.7447819709777832,0.0524570569396019
test,11,0.5,mid,15,31,6,14,8,0.45483118295669556,0.6391425728797913,0.016504405066370964,0.014815056696534157,0.017995011061429977,0.9748263359069824,0.02218412049114704
test,11,0.5,mid,31,0,6,39,22,0.26930317282676697,0.7436801195144653,0.21043768525123596,0.23063445091247559,0.19261698424816132,0.6845552921295166,0.07748103141784668
test,11,0.5,mid,31,7,6,26,13,0.5937759280204773,0.3564419150352478,0.07115577906370163,0.07135549932718277,0.07097955048084259,0.9274110794067383,0.10533802956342697
test,11,0.5,mid,31,15,6,20,6,0.42536091804504395,0.29114192724227905,0.03612478822469711,0.03338420018553734,0.03854295238852501,0.9859576225280762,0.054518695920705795
test,11,0.5,mid,31,31,6,28,14,0.5258533954620361,0.4138575494289398,0.11102394014596939,0.11741352826356888,0.10538607835769653,0.9325087666511536,0.14596489071846008
test,11,0.15,low,0,0,6,22,22,0.5294049978256226,0.6895623207092285,0.04264811798930168,0.04333192855119705,0.0425708182156086,0.9850002527236938,0.042380694299936295
test,11,0.15,low,0,7,6,7,7,0.25818148255348206,0.6424615979194641,0.04802048206329346,0.05420064553618431,0.047321856021881104,0.9981242418289185,0.04241449385881424
test,11,0.15,low,0,15,6,19,19,0.4461127519607544,0.46643707156181335,0.08357535302639008,0.041043978184461594,0.08838324248790741,0.9905928373336792,0.09587441384792328
test,11,0.15,low,0,31,6,15,15,0.26476648449897766,0.7234342098236084,0.06873970478773117,0.06489041447639465,0.06917484104633331,0.9935208559036255,0.07879794389009476
test,11,0.15,low,15,0,6,22,22,0.44362667202949524,0.8466549515724182,0.05236852914094925,0.04857293516397476,0.0527975931763649,0.8973950743675232,0.12389367818832397
test,11,0.15,low,15,7,6,25,25,0.4004257321357727,0.6679158806800842,0.17628735303878784,0.12410049885511398,0.18218672275543213,0.820799708366394,0.36141934990882874
test,11,0.15,low,15,15,6,21,21,0.5370014309883118,0.68670254945755,0.08738656342029572,0.06834490597248077,0.08953908085823059,0.7176592946052551,0.09381413459777832
test,11,0.15,low,15,31,6,19,19,0.5633794069290161,0.724384605884552,0.0700615718960762,0.04146018624305725,0.0732947587966919,0.17096804082393646,0.07938545197248459
test,11,0.15,low,31,0,6,33,33,0.2564396858215332,0.6736642122268677,0.2672911286354065,0.29877969622612,0.26373156905174255,0.5441769361495972,0.15328073501586914
test,11,0.15,low,31,7,6,29,29,0.6367820501327515,0.44982415437698364,0.10442142188549042,0.11034081876277924,0.1037522703409195,0.9479681253433228,0.16233868896961212
test,11,0.15,low,31,15,6,26,26,0.6643969416618347,0.30583664774894714,0.048376090824604034,0.0354178249835968,0.049840934574604034,0.9860051870346069,0.07842746376991272
test,11,0.15,low,31,31,6,28,28,0.5033121705055237,0.5176185369491577,0.204306960105896,0.2129066288471222,0.20333479344844818,0.8127272129058838,0.30292806029319763
