split,scope,policy,new_maximum_protection,rows,relative_output_error_count,relative_output_error_mean,relative_output_error_maximum,relative_output_error_minimum,row_cosine_count,row_cosine_mean,row_cosine_maximum,row_cosine_minimum,maximum_absolute_output_error,relative_denominator_error_count,relative_denominator_error_mean,relative_denominator_error_maximum,relative_denominator_error_minimum,relative_numerator_error_count,relative_numerator_error_mean,relative_numerator_error_maximum,relative_numerator_error_minimum,physical_tiles,baseline_kept_tiles,candidate_tiles,replaced_tiles,physical_replacement_fraction,kept_replacement_fraction
calibration,all_rows,all_candidates,all_rows,18432,18432,0.01911441328294964,0.6399818658828735,0.0,18432,0.9994144664152473,1.0000003576278687,0.783967912197113,2.0376696586608887,18432,0.019625037300607398,0.46539872884750366,0.0,18432,0.01936327196631657,0.6228542923927307,0.0,9216,6498,1781,793,0.08604600694444445,0.12203755001538935
calibration,all_rows,all_candidates,none,18432,18432,0.06458967672636153,1.19938063621521,0.0,18432,0.9946045400817335,1.0000003576278687,0.1901964247226715,7.256598949432373,18432,0.07480700946891577,0.6669836044311523,0.0,18432,0.08493628575115254,1.1796576976776123,0.0,9216,6498,1781,1781,0.19325086805555555,0.27408433364112034
calibration,all_rows,all_candidates,veto_rows,18432,18432,0.01911441328294964,0.6399818658828735,0.0,18432,0.9994144664152473,1.0000003576278687,0.783967912197113,2.0376696586608887,18432,0.019625037300607398,0.46539872884750366,0.0,18432,0.01936327196631657,0.6228542923927307,0.0,9216,6498,1781,793,0.08604600694444445,0.12203755001538935
calibration,all_rows,cumulative_exact_mass_0.003,all_rows,18432,18432,1.1038813457361954e-05,0.00633101025596261,0.0,18432,0.9999999829645579,1.0000003576278687,0.9999804496765137,0.011445760726928711,18432,7.070102987604008e-06,0.002486884593963623,0.0,18432,1.0013934463748691e-05,0.006444335449486971,0.0,9216,6498,1781,8,0.0008680555555555555,0.0012311480455524776
calibration,all_rows,cumulative_exact_mass_0.003,none,18432,18432,2.074918381100782e-05,0.008332494646310806,0.0,18432,0.9999999708056243,1.0000003576278687,0.9999670386314392,0.011445760726928711,18432,1.1663657561358479e-05,0.002543032169342041,0.0,18432,1.8826524353870412e-05,0.00814656913280487,0.0,9216,6498,1781,11,0.001193576388888889,0.001692828562634657
calibration,all_rows,cumulative_exact_mass_0.003,veto_rows,18432,18432,1.1038813457361954e-05,0.00633101025596261,0.0,18432,0.9999999829645579,1.0000003576278687,0.9999804496765137,0.011445760726928711,18432,7.070102987604008e-06,0.002486884593963623,0.0,18432,1.0013934463748691e-05,0.006444335449486971,0.0,9216,6498,1781,8,0.0008680555555555555,0.0012311480455524776
calibration,all_rows,cumulative_exact_mass_0.01,all_rows,18432,18432,0.0003627710914882555,0.057103481143713,0.0,18432,0.9999989188573737,1.0000003576278687,0.9984761476516724,0.038601458072662354,18432,0.00022391358571540978,0.009181499481201172,0.0,18432,0.00034757018464858885,0.05582098662853241,0.0,9216,6498,1781,52,0.005642361111111111,0.008002462296091105
calibration,all_rows,cumulative_exact_mass_0.01,none,18432,18432,0.0005407977999881995,0.057103481143713,0.0,18432,0.9999985076234831,1.0000003576278687,0.9984761476516724,0.038601458072662354,18432,0.0003836624544217355,0.01323634386062622,0.0,18432,0.0005332808524087159,0.05582098662853241,0.0,9216,6498,1781,70,0.007595486111111111,0.01077254539858418
calibration,all_rows,cumulative_exact_mass_0.01,veto_rows,18432,18432,0.0003627710914882555,0.057103481143713,0.0,18432,0.9999989188573737,1.0000003576278687,0.9984761476516724,0.038601458072662354,18432,0.00022391358571540978,0.009181499481201172,0.0,18432,0.00034757018464858885,0.05582098662853241,0.0,9216,6498,1781,52,0.005642361111111111,0.008002462296091105
calibration,all_rows,cumulative_exact_mass_0.03,all_rows,18432,18432,0.002275952284549839,0.09119910001754761,0.0,18432,0.9999853527276881,1.0000003576278687,0.9959860444068909,0.24220633506774902,18432,0.0018599893018189403,0.037191152572631836,0.0,18432,0.0023648109733621523,0.09788622707128525,0.0,9216,6498,1781,162,0.017578125,0.024930747922437674
calibration,all_rows,cumulative_exact_mass_0.03,none,18432,18432,0.00465530423605855,0.09119910001754761,0.0,18432,0.9999649246359089,1.0000003576278687,0.9959860444068909,0.24220633506774902,18432,0.004465182256859003,0.04917258024215698,0.0,18432,0.005386051338125901,0.09788622707128525,0.0,9216,6498,1781,252,0.02734375,0.038781163434903045
calibration,all_rows,cumulative_exact_mass_0.03,veto_rows,18432,18432,0.002275952284549839,0.09119910001754761,0.0,18432,0.9999853527276881,1.0000003576278687,0.9959860444068909,0.24220633506774902,18432,0.0018599893018189403,0.037191152572631836,0.0,18432,0.0023648109733621523,0.09788622707128525,0.0,9216,6498,1781,162,0.017578125,0.024930747922437674
calibration,all_rows,cumulative_predicted_error_0.003,all_rows,18432,18432,2.14822050061506e-05,0.01021149754524231,0.0,18432,0.9999999681151368,1.0000003576278687,0.9999493956565857,0.0806732177734375,18432,1.307227972170545e-05,0.008573770523071289,0.0,18432,2.039360797332298e-05,0.010707108303904533,0.0,9216,6498,1781,10,0.0010850694444444445,0.0015389350569405972
calibration,all_rows,cumulative_predicted_error_0.003,none,18432,18432,2.8087108667306094e-05,0.01021149754524231,0.0,18432,0.9999999571559278,1.0000003576278687,0.9999493956565857,0.0806732177734375,18432,1.588884171926313e-05,0.008573770523071289,0.0,18432,2.669148139065952e-05,0.010707108303904533,0.0,9216,6498,1781,12,0.0013020833333333333,0.0018467220683287165
calibration,all_rows,cumulative_predicted_error_0.003,veto_rows,18432,18432,2.14822050061506e-05,0.01021149754524231,0.0,18432,0.9999999681151368,1.0000003576278687,0.9999493956565857,0.0806732177734375,18432,1.307227972170545e-05,0.008573770523071289,0.0,18432,2.039360797332298e-05,0.010707108303904533,0.0,9216,6498,1781,10,0.0010850694444444445,0.0015389350569405972
calibration,all_rows,cumulative_predicted_error_0.01,all_rows,18432,18432,0.00020035272136794113,0.020380884408950806,0.0,18432,0.9999996177050181,1.0000003576278687,0.9997934103012085,0.0989828109741211,18432,0.00015585487643774186,0.019068598747253418,0.0,18432,0.000186539321223254,0.025637999176979065,0.0,9216,6498,1781,50,0.005425347222222222,0.007694675284702986
calibration,all_rows,cumulative_predicted_error_0.01,none,18432,18432,0.00029878044828834585,0.023610057309269905,0.0,18432,0.9999994170341071,1.0000003576278687,0.9997934103012085,0.0989828109741211,18432,0.0002432152169704851,0.019068598747253418,0.0,18432,0.00027541852244079515,0.025637999176979065,0.0,9216,6498,1781,61,0.006618923611111111,0.009387503847337643
calibration,all_rows,cumulative_predicted_error_0.01,veto_rows,18432,18432,0.00020035272136794113,0.020380884408950806,0.0,18432,0.9999996177050181,1.0000003576278687,0.9997934103012085,0.0989828109741211,18432,0.00015585487643774186,0.019068598747253418,0.0,18432,0.000186539321223254,0.025637999176979065,0.0,9216,6498,1781,50,0.005425347222222222,0.007694675284702986
calibration,all_rows,cumulative_predicted_error_0.03,all_rows,18432,18432,0.0015517679421693336,0.09119910001754761,0.0,18432,0.9999923599825706,1.0000003576278687,0.9959860444068909,0.2610197067260742,18432,0.001373836599264501,0.050323426723480225,0.0,18432,0.0016207991415119983,0.09788622707128525,0.0,9216,6498,1781,158,0.017144097222222224,0.024315173899661435
calibration,all_rows,cumulative_predicted_error_0.03,none,18432,18432,0.0036970942985241014,0.09119910001754761,0.0,18432,0.9999754027457028,1.0000003576278687,0.9959860444068909,0.32601118087768555,18432,0.003771334624616429,0.05481308698654175,0.0,18432,0.004316902156113734,0.09788622707128525,0.0,9216,6498,1781,242,0.026258680555555556,0.03724222837796245
calibration,all_rows,cumulative_predicted_error_0.03,veto_rows,18432,18432,0.0015517679421693336,0.09119910001754761,0.0,18432,0.9999923599825706,1.0000003576278687,0.9959860444068909,0.2610197067260742,18432,0.001373836599264501,0.050323426723480225,0.0,18432,0.0016207991415119983,0.09788622707128525,0.0,9216,6498,1781,158,0.017144097222222224,0.024315173899661435
calibration,all_rows,exact_allmax_lt_0.001,all_rows,18432,18432,1.2500443730600799e-06,0.0022843522019684315,0.0,18432,0.9999999921063945,1.0000003576278687,0.9999974966049194,0.0035424232482910156,18432,7.621484756883648e-07,0.0009417533874511719,0.0,18432,1.1182155579544583e-06,0.0023311416152864695,0.0,9216,6498,1781,2,0.00021701388888888888,0.0003077870113881194
calibration,all_rows,exact_allmax_lt_0.001,none,18432,18432,1.2500443730600799e-06,0.0022843522019684315,0.0,18432,0.9999999921063945,1.0000003576278687,0.9999974966049194,0.0035424232482910156,18432,7.621484756883648e-07,0.0009417533874511719,0.0,18432,1.1182155579544583e-06,0.0023311416152864695,0.0,9216,6498,1781,2,0.00021701388888888888,0.0003077870113881194
calibration,all_rows,exact_allmax_lt_0.001,veto_rows,18432,18432,1.2500443730600799e-06,0.0022843522019684315,0.0,18432,0.9999999921063945,1.0000003576278687,0.9999974966049194,0.0035424232482910156,18432,7.621484756883648e-07,0.0009417533874511719,0.0,18432,1.1182155579544583e-06,0.0023311416152864695,0.0,9216,6498,1781,2,0.00021701388888888888,0.0003077870113881194
calibration,all_rows,exact_allmax_lt_0.003,all_rows,18432,18432,1.4169680748908513e-05,0.00633101025596261,0.0,18432,0.9999999806006801,1.0000003576278687,0.9999804496765137,0.011445760726928711,18432,9.688558445001641e-06,0.004357337951660156,0.0,18432,1.2172421263564217e-05,0.006444335449486971,0.0,9216,6498,1781,10,0.0010850694444444445,0.0015389350569405972
calibration,all_rows,exact_allmax_lt_0.003,none,18432,18432,2.388005110255438e-05,0.008332494646310806,0.0,18432,0.9999999684417465,1.0000003576278687,0.9999670386314392,0.011445760726928711,18432,1.4282113018756112e-05,0.004357337951660156,0.0,18432,2.0985011153685936e-05,0.00814656913280487,0.0,9216,6498,1781,13,0.0014105902777777778,0.0020006155740227762
calibration,all_rows,exact_allmax_lt_0.003,veto_rows,18432,18432,1.4169680748908513e-05,0.00633101025596261,0.0,18432,0.9999999806006801,1.0000003576278687,0.9999804496765137,0.011445760726928711,18432,9.688558445001641e-06,0.004357337951660156,0.0,18432,1.2172421263564217e-05,0.006444335449486971,0.0,9216,6498,1781,10,0.0010850694444444445,0.0015389350569405972
calibration,all_rows,exact_allmax_lt_0.01,all_rows,18432,18432,0.00045445319377790546,0.057103481143713,0.0,18432,0.9999986430759438,1.0000003576278687,0.9984761476516724,0.07456547021865845,18432,0.00032106333593320515,0.028027832508087158,0.0,18432,0.00043344521794498993,0.05582098662853241,0.0,9216,6498,1781,83,0.009006076388888888,0.012773160972606955
calibration,all_rows,exact_allmax_lt_0.01,none,18432,18432,0.0007269148375393757,0.057103481143713,0.0,18432,0.9999978065542463,1.0000003576278687,0.9984761476516724,0.07456547021865845,18432,0.0005968186790899684,0.030429303646087646,0.0,18432,0.0007125596270701451,0.05582098662853241,0.0,9216,6498,1781,111,0.012044270833333334,0.017082179132040628
calibration,all_rows,exact_allmax_lt_0.01,veto_rows,18432,18432,0.00045445319377790546,0.057103481143713,0.0,18432,0.9999986430759438,1.0000003576278687,0.9984761476516724,0.07456547021865845,18432,0.00032106333593320515,0.028027832508087158,0.0,18432,0.00043344521794498993,0.05582098662853241,0.0,9216,6498,1781,83,0.009006076388888888,0.012773160972606955
calibration,all_rows,exact_allmax_lt_0.03,all_rows,18432,18432,0.005989513473311444,0.2249094545841217,0.0,18432,0.9999165287881624,1.0000003576278687,0.9755172729492188,0.3455057144165039,18432,0.006819387435421554,0.22629904747009277,0.0,18432,0.006891530360948453,0.24326075613498688,0.0,9216,6498,1781,430,0.04665798611111111,0.06617420744844568
calibration,all_rows,exact_allmax_lt_0.03,none,18432,18432,0.013845203072119276,0.24512512981891632,0.0,18432,0.9996496029230507,1.0000003576278687,0.9709368348121643,0.5980253219604492,18432,0.02501945248999012,0.4928654432296753,0.0,18432,0.025475825008256847,0.5335065722465515,0.0,9216,6498,1781,748,0.08116319444444445,0.11511234225915666
calibration,all_rows,exact_allmax_lt_0.03,veto_rows,18432,18432,0.005989513473311444,0.2249094545841217,0.0,18432,0.9999165287881624,1.0000003576278687,0.9755172729492188,0.3455057144165039,18432,0.006819387435421554,0.22629904747009277,0.0,18432,0.006891530360948453,0.24326075613498688,0.0,9216,6498,1781,430,0.04665798611111111,0.06617420744844568
calibration,all_rows,exact_vetomax_lt_0.001,all_rows,18432,18432,4.953569711912735e-05,0.0412888303399086,0.0,18432,0.999999758897401,1.0000003576278687,0.9991480708122253,0.18846774101257324,18432,3.506202806925608e-05,0.03048849105834961,0.0,18432,4.8548806232175995e-05,0.0535251758992672,0.0,9216,6498,1781,20,0.002170138888888889,0.0030778701138811943
calibration,all_rows,exact_vetomax_lt_0.001,none,18432,18432,9.521170042507613e-05,0.0412888303399086,0.0,18432,0.9999996202499865,1.0000003576278687,0.9991480708122253,0.18846774101257324,18432,0.00011662997874534792,0.03489887714385986,0.0,18432,0.00012331130878332158,0.0535251758992672,0.0,9216,6498,1781,26,0.0028211805555555555,0.0040012311480455524
calibration,all_rows,exact_vetomax_lt_0.001,veto_rows,18432,18432,4.953569711912735e-05,0.0412888303399086,0.0,18432,0.999999758897401,1.0000003576278687,0.9991480708122253,0.18846774101257324,18432,3.506202806925608e-05,0.03048849105834961,0.0,18432,4.8548806232175995e-05,0.0535251758992672,0.0,9216,6498,1781,20,0.002170138888888889,0.0030778701138811943
calibration,all_rows,exact_vetomax_lt_0.003,all_rows,18432,18432,0.00010545842663909807,0.0412888303399086,0.0,18432,0.9999996221934756,1.0000003576278687,0.9991480708122253,0.18832600116729736,18432,7.943107630126178e-05,0.03048849105834961,0.0,18432,0.00010278239567193927,0.05358725041151047,0.0,9216,6498,1781,36,0.00390625,0.00554016620498615
calibration,all_rows,exact_vetomax_lt_0.003,none,18432,18432,0.00044199920860904307,0.054146599024534225,0.0,18432,0.9999971761232397,1.0000003576278687,0.9988768100738525,0.18832600116729736,18432,0.0006468429799295134,0.14434629678726196,0.0,18432,0.0006233694795906606,0.16208599507808685,0.0,9216,6498,1781,69,0.007486979166666667,0.01061865189289012
calibration,all_rows,exact_vetomax_lt_0.003,veto_rows,18432,18432,0.00010545842663909807,0.0412888303399086,0.0,18432,0.9999996221934756,1.0000003576278687,0.9991480708122253,0.18832600116729736,18432,7.943107630126178e-05,0.03048849105834961,0.0,18432,0.00010278239567193927,0.05358725041151047,0.0,9216,6498,1781,36,0.00390625,0.00554016620498615
calibration,all_rows,exact_vetomax_lt_0.01,all_rows,18432,18432,0.0010378860453938358,0.09119910001754761,0.0,18432,0.9999944572983723,1.0000003576278687,0.9959860444068909,0.31047213077545166,18432,0.0007594528368725958,0.08371436595916748,0.0,18432,0.0010008005859895844,0.11218162626028061,0.0,9216,6498,1781,127,0.013780381944444444,0.019544475223145584
calibration,all_rows,exact_vetomax_lt_0.01,none,18432,18432,0.0025768209274450583,0.20852357149124146,0.0,18432,0.9999782434638796,1.0000003576278687,0.9783741235733032,0.31057167053222656,18432,0.0029910851606271332,0.24690121412277222,0.0,18432,0.0032252536563795726,0.2785089612007141,0.0,9216,6498,1781,231,0.025065104166666668,0.035549399815327794
calibration,all_rows,exact_vetomax_lt_0.01,veto_rows,18432,18432,0.0010378860453938358,0.09119910001754761,0.0,18432,0.9999944572983723,1.0000003576278687,0.9959860444068909,0.31047213077545166,18432,0.0007594528368725958,0.08371436595916748,0.0,18432,0.0010008005859895844,0.11218162626028061,0.0,9216,6498,1781,127,0.013780381944444444,0.019544475223145584
calibration,all_rows,exact_vetomax_lt_0.03,all_rows,18432,18432,0.007150041580346987,0.2249094545841217,0.0,18432,0.9998957188185563,1.0000003576278687,0.9755172729492188,2.037630081176758,18432,0.00830779622709896,0.25723791122436523,0.0,18432,0.00824925053403814,0.2709463834762573,0.0,9216,6498,1781,472,0.051215277777777776,0.07263773468759618
calibration,all_rows,exact_vetomax_lt_0.03,none,18432,18432,0.016862010641382055,0.32776737213134766,0.0,18432,0.9995683710278374,1.0000003576278687,0.9520726203918457,2.038536548614502,18432,0.030588119517132226,0.5764473676681519,0.0,18432,0.03108463751902772,0.5956830382347107,0.0,9216,6498,1781,855,0.0927734375,0.13157894736842105
calibration,all_rows,exact_vetomax_lt_0.03,veto_rows,18432,18432,0.007150041580346987,0.2249094545841217,0.0,18432,0.9998957188185563,1.0000003576278687,0.9755172729492188,2.037630081176758,18432,0.00830779622709896,0.25723791122436523,0.0,18432,0.00824925053403814,0.2709463834762573,0.0,9216,6498,1781,472,0.051215277777777776,0.07263773468759618
calibration,all_rows,predicted_error_lt_0.001,all_rows,18432,18432,2.134064624820435e-06,0.0022843522019684315,0.0,18432,0.9999999919188364,1.0000003576278687,0.9999974966049194,0.01002359390258789,18432,1.7423266803638803e-06,0.0020949244499206543,0.0,18432,1.776758829409528e-06,0.0023311416152864695,0.0,9216,6498,1781,4,0.00043402777777777775,0.0006155740227762388
calibration,all_rows,predicted_error_lt_0.001,none,18432,18432,2.134064624820435e-06,0.0022843522019684315,0.0,18432,0.9999999919188364,1.0000003576278687,0.9999974966049194,0.01002359390258789,18432,1.7423266803638803e-06,0.0020949244499206543,0.0,18432,1.776758829409528e-06,0.0023311416152864695,0.0,9216,6498,1781,4,0.00043402777777777775,0.0006155740227762388
calibration,all_rows,predicted_error_lt_0.001,veto_rows,18432,18432,2.134064624820435e-06,0.0022843522019684315,0.0,18432,0.9999999919188364,1.0000003576278687,0.9999974966049194,0.01002359390258789,18432,1.7423266803638803e-06,0.0020949244499206543,0.0,18432,1.776758829409528e-06,0.0023311416152864695,0.0,9216,6498,1781,4,0.00043402777777777775,0.0006155740227762388
calibration,all_rows,predicted_error_lt_0.003,all_rows,18432,18432,2.497938045727295e-05,0.01021149754524231,0.0,18432,0.9999999616540864,1.0000003576278687,0.9999493956565857,0.0806732177734375,18432,1.707480664158033e-05,0.010655462741851807,0.0,18432,2.372395167365273e-05,0.010707108303904533,0.0,9216,6498,1781,13,0.0014105902777777778,0.0020006155740227762
calibration,all_rows,predicted_error_lt_0.003,none,18432,18432,3.1584284118428445e-05,0.01021149754524231,0.0,18432,0.9999999506948775,1.0000003576278687,0.9999493956565857,0.0806732177734375,18432,1.989136863913801e-05,0.010655462741851807,0.0,18432,3.0021825090989275e-05,0.010707108303904533,0.0,9216,6498,1781,15,0.0016276041666666667,0.0023084025854108957
calibration,all_rows,predicted_error_lt_0.003,veto_rows,18432,18432,2.497938045727295e-05,0.01021149754524231,0.0,18432,0.9999999616540864,1.0000003576278687,0.9999493956565857,0.0806732177734375,18432,1.707480664158033e-05,0.010655462741851807,0.0,18432,2.372395167365273e-05,0.010707108303904533,0.0,9216,6498,1781,13,0.0014105902777777778,0.0020006155740227762
calibration,all_rows,predicted_error_lt_0.01,all_rows,18432,18432,0.0003546822493984851,0.036382317543029785,0.0,18432,0.9999989300203096,1.0000003576278687,0.9995385408401489,0.1348557472229004,18432,0.0003366834070119593,0.050323426723480225,0.0,18432,0.0003464524532885336,0.03927646204829216,0.0,9216,6498,1781,84,0.009114583333333334,0.012927054478301015
calibration,all_rows,predicted_error_lt_0.01,none,18432,18432,0.0004852037990825438,0.036382317543029785,0.0,18432,0.999998591238788,1.0000003576278687,0.9995385408401489,0.1348557472229004,18432,0.0004735132226616972,0.05308717489242554,0.0,18432,0.0004601034291083057,0.03927646204829216,0.0,9216,6498,1781,102,0.011067708333333334,0.01569713758079409
calibration,all_rows,predicted_error_lt_0.01,veto_rows,18432,18432,0.0003546822493984851,0.036382317543029785,0.0,18432,0.9999989300203096,1.0000003576278687,0.9995385408401489,0.1348557472229004,18432,0.0003366834070119593,0.050323426723480225,0.0,18432,0.0003464524532885336,0.03927646204829216,0.0,9216,6498,1781,84,0.009114583333333334,0.012927054478301015
calibration,all_rows,predicted_error_lt_0.03,all_rows,18432,18432,0.0032149546365450813,0.14913365244865417,0.0,18432,0.9999735753194222,1.0000003576278687,0.9950087070465088,0.7006323337554932,18432,0.003535626666335803,0.18271619081497192,0.0,18432,0.0035790321564984342,0.18463830649852753,0.0,9216,6498,1781,307,0.03331163194444445,0.04724530624807633
calibration,all_rows,predicted_error_lt_0.03,none,18432,18432,0.008192213108617936,0.19642606377601624,0.0,18432,0.9998919731782129,1.0000003576278687,0.9894898533821106,0.7006323337554932,18432,0.01334366476900565,0.39638686180114746,0.0,18432,0.013087391709180189,0.4399293065071106,0.0,9216,6498,1781,539,0.05848524305555555,0.08294859956909818
calibration,all_rows,predicted_error_lt_0.03,veto_rows,18432,18432,0.0032149546365450813,0.14913365244865417,0.0,18432,0.9999735753194222,1.0000003576278687,0.9950087070465088,0.7006323337554932,18432,0.003535626666335803,0.18271619081497192,0.0,18432,0.0035790321564984342,0.18463830649852753,0.0,9216,6498,1781,307,0.03331163194444445,0.04724530624807633
calibration,all_rows,predicted_maxmass_lt_0.001,all_rows,18432,18432,2.134064624820435e-06,0.0022843522019684315,0.0,18432,0.9999999919188364,1.0000003576278687,0.9999974966049194,0.01002359390258789,18432,1.7423266803638803e-06,0.0020949244499206543,0.0,18432,1.776758829409528e-06,0.0023311416152864695,0.0,9216,6498,1781,4,0.00043402777777777775,0.0006155740227762388
calibration,all_rows,predicted_maxmass_lt_0.001,none,18432,18432,8.73896828597593e-06,0.008332494646310806,0.0,18432,0.9999999809596274,1.0000003576278687,0.9999670386314392,0.01002359390258789,18432,4.55888867792156e-06,0.002543032169342041,0.0,18432,8.074632246746071e-06,0.00814656913280487,0.0,9216,6498,1781,6,0.0006510416666666666,0.0009233610341643582
calibration,all_rows,predicted_maxmass_lt_0.001,veto_rows,18432,18432,2.134064624820435e-06,0.0022843522019684315,0.0,18432,0.9999999919188364,1.0000003576278687,0.9999974966049194,0.01002359390258789,18432,1.7423266803638803e-06,0.0020949244499206543,0.0,18432,1.776758829409528e-06,0.0023311416152864695,0.0,9216,6498,1781,4,0.00043402777777777775,0.0006155740227762388
calibration,all_rows,predicted_maxmass_lt_0.003,all_rows,18432,18432,4.019832136471278e-05,0.018877537921071053,0.0,18432,0.9999998976094907,1.0000003576278687,0.9998444318771362,0.042429447174072266,18432,2.732313199279209e-05,0.009328961372375488,0.0,18432,4.019798693710728e-05,0.017697010189294815,0.0,9216,6498,1781,13,0.0014105902777777778,0.0020006155740227762
calibration,all_rows,predicted_maxmass_lt_0.003,none,18432,18432,5.064471816761542e-05,0.019427455961704254,0.0,18432,0.9999998635871129,1.0000003576278687,0.9998157024383545,0.042429447174072266,18432,3.3438357705664304e-05,0.009328961372375488,0.0,18432,4.9850938507746356e-05,0.01993032544851303,0.0,9216,6498,1781,17,0.0018446180555555555,0.0026161895967990153
calibration,all_rows,predicted_maxmass_lt_0.003,veto_rows,18432,18432,4.019832136471278e-05,0.018877537921071053,0.0,18432,0.9999998976094907,1.0000003576278687,0.9998444318771362,0.042429447174072266,18432,2.732313199279209e-05,0.009328961372375488,0.0,18432,4.019798693710728e-05,0.017697010189294815,0.0,9216,6498,1781,13,0.0014105902777777778,0.0020006155740227762
calibration,all_rows,predicted_maxmass_lt_0.01,all_rows,18432,18432,0.000589656600505288,0.05755496397614479,0.0,18432,0.9999977714453254,1.0000003576278687,0.9984761476516724,0.1691756248474121,18432,0.0005119597222397311,0.07383877038955688,0.0,18432,0.0005957622567649722,0.07549549639225006,0.0,9216,6498,1781,104,0.011284722222222222,0.01600492459218221
calibration,all_rows,predicted_maxmass_lt_0.01,none,18432,18432,0.0007697855465671577,0.07906527817249298,0.0,18432,0.999996590848443,1.0000003576278687,0.9968808889389038,0.1691756248474121,18432,0.0006712995301414696,0.07383877038955688,0.0,18432,0.0007635345213440976,0.080274797976017,0.0,9216,6498,1781,126,0.013671875,0.019390581717451522
calibration,all_rows,predicted_maxmass_lt_0.01,veto_rows,18432,18432,0.000589656600505288,0.05755496397614479,0.0,18432,0.9999977714453254,1.0000003576278687,0.9984761476516724,0.1691756248474121,18432,0.0005119597222397311,0.07383877038955688,0.0,18432,0.0005957622567649722,0.07549549639225006,0.0,9216,6498,1781,104,0.011284722222222222,0.01600492459218221
calibration,all_rows,predicted_maxmass_lt_0.03,all_rows,18432,18432,0.004572854020914495,0.1671907901763916,0.0,18432,0.9999402169907827,1.0000003576278687,0.9861092567443848,0.6324384212493896,18432,0.005155999181119518,0.23152929544448853,0.0,18432,0.005208104843418923,0.24021072685718536,0.0,9216,6498,1781,371,0.04025607638888889,0.057094490612496156
calibration,all_rows,predicted_maxmass_lt_0.03,none,18432,18432,0.012041384279332627,0.2307676076889038,0.0,18432,0.9997030579284506,1.0000003576278687,0.9740601181983948,0.6324384212493896,18432,0.02412317244711125,0.47831928730010986,0.0,18432,0.02455105549252575,0.4981895387172699,0.0,9216,6498,1781,671,0.07280815972222222,0.10326254232071407
calibration,all_rows,predicted_maxmass_lt_0.03,veto_rows,18432,18432,0.004572854020914495,0.1671907901763916,0.0,18432,0.9999402169907827,1.0000003576278687,0.9861092567443848,0.6324384212493896,18432,0.005155999181119518,0.23152929544448853,0.0,18432,0.005208104843418923,0.24021072685718536,0.0,9216,6498,1781,371,0.04025607638888889,0.057094490612496156
calibration,veto_only,all_candidates,all_rows,18432,18432,0.02561762415226947,0.7832424640655518,0.0,18432,0.9992180507073903,1.0000003576278687,0.798367977142334,2.0063014030456543,18432,0.027683141612214968,0.4676182270050049,0.0,18432,0.023879094271738868,0.6231613159179688,0.0,9216,6498,1781,793,0.08604600694444445,0.12203755001538935
calibration,veto_only,all_candidates,none,18432,18432,0.08652121960427826,1.4304132461547852,0.0,18432,0.9930517979131158,1.0000003576278687,0.18010124564170837,7.3261213302612305,18432,0.10651014235595034,0.7746012806892395,0.0,18432,0.10132197130001577,1.1573066711425781,0.0,9216,6498,1781,1781,0.19325086805555555,0.27408433364112034
calibration,veto_only,all_candidates,veto_rows,18432,18432,0.02561762415226947,0.7832424640655518,0.0,18432,0.9992180507073903,1.0000003576278687,0.798367977142334,2.0063014030456543,18432,0.027683141612214968,0.4676182270050049,0.0,18432,0.023879094271738868,0.6231613159179688,0.0,9216,6498,1781,793,0.08604600694444445,0.12203755001538935
calibration,veto_only,cumulative_exact_mass_0.003,all_rows,18432,18432,1.2856715209975674e-05,0.007090788334608078,0.0,18432,0.9999999805812776,1.0000003576278687,0.9999755620956421,0.013735771179199219,18432,8.649606671598223e-06,0.00300520658493042,0.0,18432,1.1437741245031396e-05,0.007182918954640627,0.0,9216,6498,1781,8,0.0008680555555555555,0.0012311480455524776
calibration,veto_only,cumulative_exact_mass_0.003,none,18432,18432,2.404172048654187e-05,0.00978765543550253,0.0,18432,0.9999999651012735,1.0000003576278687,0.9999552965164185,0.013735771179199219,18432,1.4150153017706341e-05,0.00300520658493042,0.0,18432,2.1476713578326317e-05,0.009462506510317326,0.0,9216,6498,1781,11,0.001193576388888889,0.001692828562634657
calibration,veto_only,cumulative_exact_mass_0.003,veto_rows,18432,18432,1.2856715209975674e-05,0.007090788334608078,0.0,18432,0.9999999805812776,1.0000003576278687,0.9999755620956421,0.013735771179199219,18432,8.649606671598223e-06,0.00300520658493042,0.0,18432,1.1437741245031396e-05,0.007182918954640627,0.0,9216,6498,1781,8,0.0008680555555555555,0.0012311480455524776
calibration,veto_only,cumulative_exact_mass_0.01,all_rows,18432,18432,0.00043092399196183125,0.06246698275208473,0.0,18432,0.9999986248634135,1.0000003576278687,0.9982194900512695,0.04576539993286133,18432,0.00029238663005849556,0.010774314403533936,0.0,18432,0.00040504035129795303,0.060250166803598404,0.0,9216,6498,1781,52,0.005642361111111111,0.008002462296091105
calibration,veto_only,cumulative_exact_mass_0.01,none,18432,18432,0.0006321006073863934,0.06246698275208473,0.0,18432,0.9999981321323301,1.0000003576278687,0.9982194900512695,0.04576539993286133,18432,0.00048144128393485316,0.015294134616851807,0.0,18432,0.0006125835788330486,0.060250166803598404,0.0,9216,6498,1781,70,0.007595486111111111,0.01077254539858418
calibration,veto_only,cumulative_exact_mass_0.01,veto_rows,18432,18432,0.00043092399196183125,0.06246698275208473,0.0,18432,0.9999986248634135,1.0000003576278687,0.9982194900512695,0.04576539993286133,18432,0.00029238663005849556,0.010774314403533936,0.0,18432,0.00040504035129795303,0.060250166803598404,0.0,9216,6498,1781,52,0.005642361111111111,0.008002462296091105
calibration,veto_only,cumulative_exact_mass_0.03,all_rows,18432,18432,0.00272343377103865,0.09995105862617493,0.0,18432,0.9999812416725844,1.0000003576278687,0.9951351284980774,0.24220633506774902,18432,0.0023984735663462845,0.04211759567260742,0.0,18432,0.002783444200294021,0.10798822343349457,0.0,9216,6498,1781,162,0.017578125,0.024930747922437674
calibration,veto_only,cumulative_exact_mass_0.03,none,18432,18432,0.005411964528385114,0.09995105862617493,0.0,18432,0.999956552450183,1.0000003576278687,0.9951351284980774,0.24220633506774902,18432,0.005433245872457822,0.04950803518295288,0.0,18432,0.006096091216120487,0.10798822343349457,0.0,9216,6498,1781,252,0.02734375,0.038781163434903045
calibration,veto_only,cumulative_exact_mass_0.03,veto_rows,18432,18432,0.00272343377103865,0.09995105862617493,0.0,18432,0.9999812416725844,1.0000003576278687,0.9951351284980774,0.24220633506774902,18432,0.0023984735663462845,0.04211759567260742,0.0,18432,0.002783444200294021,0.10798822343349457,0.0,9216,6498,1781,162,0.017578125,0.024930747922437674
calibration,veto_only,cumulative_predicted_error_0.003,all_rows,18432,18432,2.5583767645911615e-05,0.010820889845490456,0.0,18432,0.9999999625013314,1.0000003576278687,0.9999421834945679,0.057227134704589844,18432,1.8207870501404006e-05,0.013314485549926758,0.0,18432,2.3296107934558672e-05,0.011476761661469936,0.0,9216,6498,1781,10,0.0010850694444444445,0.0015389350569405972
calibration,veto_only,cumulative_predicted_error_0.003,none,18432,18432,3.3111493444892174e-05,0.010820889845490456,0.0,18432,0.9999999486576093,1.0000003576278687,0.9999421834945679,0.057227134704589844,18432,2.1490882823450698e-05,0.013314485549926758,0.0,18432,3.042809786604549e-05,0.011476761661469936,0.0,9216,6498,1781,12,0.0013020833333333333,0.0018467220683287165
calibration,veto_only,cumulative_predicted_error_0.003,veto_rows,18432,18432,2.5583767645911615e-05,0.010820889845490456,0.0,18432,0.9999999625013314,1.0000003576278687,0.9999421834945679,0.057227134704589844,18432,1.8207870501404006e-05,0.013314485549926758,0.0,18432,2.3296107934558672e-05,0.011476761661469936,0.0,9216,6498,1781,10,0.0010850694444444445,0.0015389350569405972
calibration,veto_only,cumulative_predicted_error_0.01,all_rows,18432,18432,0.0002406997828240071,0.0223336610943079,0.0,18432,0.9999995023891743,1.0000003576278687,0.9997507333755493,0.11635708808898926,18432,0.0002003485796093527,0.02465718984603882,0.0,18432,0.00021875244639180615,0.02611887827515602,0.0,9216,6498,1781,50,0.005425347222222222,0.007694675284702986
calibration,veto_only,cumulative_predicted_error_0.01,none,18432,18432,0.000351937414403936,0.026519542559981346,0.0,18432,0.9999992549419403,1.0000003576278687,0.9997456669807434,0.11635708808898926,18432,0.0003008280731996314,0.02465718984603882,0.0,18432,0.0003185057547098827,0.02611887827515602,0.0,9216,6498,1781,61,0.006618923611111111,0.009387503847337643
calibration,veto_only,cumulative_predicted_error_0.01,veto_rows,18432,18432,0.0002406997828240071,0.0223336610943079,0.0,18432,0.9999995023891743,1.0000003576278687,0.9997507333755493,0.11635708808898926,18432,0.0002003485796093527,0.02465718984603882,0.0,18432,0.00021875244639180615,0.02611887827515602,0.0,9216,6498,1781,50,0.005425347222222222,0.007694675284702986
calibration,veto_only,cumulative_predicted_error_0.03,all_rows,18432,18432,0.0018701500066347107,0.09995105862617493,0.0,18432,0.999990112125589,1.0000003576278687,0.9951351284980774,0.2610194683074951,18432,0.0017991851588400702,0.0564153790473938,0.0,18432,0.0019112105511423767,0.10798822343349457,0.0,9216,6498,1781,158,0.017144097222222224,0.024315173899661435
calibration,veto_only,cumulative_predicted_error_0.03,none,18432,18432,0.004269097148150434,0.09995105862617493,0.0,18432,0.9999701674840051,1.0000003576278687,0.9951351284980774,0.3666808605194092,18432,0.004567226239790519,0.07223331928253174,0.0,18432,0.004837469307839558,0.10798822343349457,0.0,9216,6498,1781,242,0.026258680555555556,0.03724222837796245
calibration,veto_only,cumulative_predicted_error_0.03,veto_rows,18432,18432,0.0018701500066347107,0.09995105862617493,0.0,18432,0.999990112125589,1.0000003576278687,0.9951351284980774,0.2610194683074951,18432,0.0017991851588400702,0.0564153790473938,0.0,18432,0.0019112105511423767,0.10798822343349457,0.0,9216,6498,1781,158,0.017144097222222224,0.024315173899661435
calibration,veto_only,exact_allmax_lt_0.001,all_rows,18432,18432,1.4748674664328213e-06,0.0023966834414750338,0.0,18432,0.999999992099927,1.0000003576278687,0.9999972581863403,0.004524946212768555,18432,9.971554391086102e-07,0.000989377498626709,0.0,18432,1.2764766064935623e-06,0.0024471082724630833,0.0,9216,6498,1781,2,0.00021701388888888888,0.0003077870113881194
calibration,veto_only,exact_allmax_lt_0.001,none,18432,18432,1.4748674664328213e-06,0.0023966834414750338,0.0,18432,0.999999992099927,1.0000003576278687,0.9999972581863403,0.004524946212768555,18432,9.971554391086102e-07,0.000989377498626709,0.0,18432,1.2764766064935623e-06,0.0024471082724630833,0.0,9216,6498,1781,2,0.00021701388888888888,0.0003077870113881194
calibration,veto_only,exact_allmax_lt_0.001,veto_rows,18432,18432,1.4748674664328213e-06,0.0023966834414750338,0.0,18432,0.999999992099927,1.0000003576278687,0.9999972581863403,0.004524946212768555,18432,9.971554391086102e-07,0.000989377498626709,0.0,18432,1.2764766064935623e-06,0.0024471082724630833,0.0,9216,6498,1781,2,0.00021701388888888888,0.0003077870113881194
calibration,veto_only,exact_allmax_lt_0.003,all_rows,18432,18432,1.6402806124414566e-05,0.007090788334608078,0.0,18432,0.9999999776676608,1.0000003576278687,0.9999755620956421,0.013735771179199219,18432,1.1651595640513631e-05,0.005596637725830078,0.0,18432,1.3834964560489775e-05,0.007182918954640627,0.0,9216,6498,1781,10,0.0010850694444444445,0.0015389350569405972
calibration,veto_only,exact_allmax_lt_0.003,none,18432,18432,2.7587811400980763e-05,0.00978765543550253,0.0,18432,0.9999999621876567,1.0000003576278687,0.9999552965164185,0.013735771179199219,18432,1.715214198662175e-05,0.005596637725830078,0.0,18432,2.3873936893784697e-05,0.009462506510317326,0.0,9216,6498,1781,13,0.0014105902777777778,0.0020006155740227762
calibration,veto_only,exact_allmax_lt_0.003,veto_rows,18432,18432,1.6402806124414566e-05,0.007090788334608078,0.0,18432,0.9999999776676608,1.0000003576278687,0.9999755620956421,0.013735771179199219,18432,1.1651595640513631e-05,0.005596637725830078,0.0,18432,1.3834964560489775e-05,0.007182918954640627,0.0,9216,6498,1781,10,0.0010850694444444445,0.0015389350569405972
calibration,veto_only,exact_allmax_lt_0.01,all_rows,18432,18432,0.0005699284572883652,0.06246698275208473,0.0,18432,0.9999981523562584,1.0000003576278687,0.9982194900512695,0.09539616107940674,18432,0.00043960347668164305,0.030822277069091797,0.0,18432,0.0005334418678876672,0.060250166803598404,0.0,9216,6498,1781,83,0.009006076388888888,0.012773160972606955
calibration,veto_only,exact_allmax_lt_0.01,none,18432,18432,0.0008842230534343655,0.06246698275208473,0.0,18432,0.9999970782017853,1.0000003576278687,0.9982194900512695,0.09539616107940674,18432,0.0007694190005875296,0.03742855787277222,0.0,18432,0.0008488845388838233,0.060250166803598404,0.0,9216,6498,1781,111,0.012044270833333334,0.017082179132040628
calibration,veto_only,exact_allmax_lt_0.01,veto_rows,18432,18432,0.0005699284572883652,0.06246698275208473,0.0,18432,0.9999981523562584,1.0000003576278687,0.9982194900512695,0.09539616107940674,18432,0.00043960347668164305,0.030822277069091797,0.0,18432,0.0005334418678876672,0.060250166803598404,0.0,9216,6498,1781,83,0.009006076388888888,0.012773160972606955
calibration,veto_only,exact_allmax_lt_0.03,all_rows,18432,18432,0.007697699285031608,0.24718965590000153,0.0,18432,0.9998783872158836,1.0000003576278687,0.970890998840332,0.4317336082458496,18432,0.009017496395649182,0.2643287777900696,0.0,18432,0.008458540350864713,0.28373169898986816,0.0,9216,6498,1781,430,0.04665798611111111,0.06617420744844568
calibration,veto_only,exact_allmax_lt_0.03,none,18432,18432,0.01652393724172103,0.2601945102214813,0.0,18432,0.99953216072754,1.0000003576278687,0.9672605395317078,0.6694369316101074,18432,0.029321774235641997,0.5191057920455933,0.0,18432,0.028356937360945467,0.5612364411354065,0.0,9216,6498,1781,748,0.08116319444444445,0.11511234225915666
calibration,veto_only,exact_allmax_lt_0.03,veto_rows,18432,18432,0.007697699285031608,0.24718965590000153,0.0,18432,0.9998783872158836,1.0000003576278687,0.970890998840332,0.4317336082458496,18432,0.009017496395649182,0.2643287777900696,0.0,18432,0.008458540350864713,0.28373169898986816,0.0,9216,6498,1781,430,0.04665798611111111,0.06617420744844568
calibration,veto_only,exact_vetomax_lt_0.001,all_rows,18432,18432,5.845764778455556e-05,0.04528264328837395,0.0,18432,0.9999997191868412,1.0000003576278687,0.998975396156311,0.1985487937927246,18432,5.06141869765189e-05,0.0629151463508606,0.0,18432,5.651040625026392e-05,0.06263478845357895,0.0,9216,6498,1781,20,0.002170138888888889,0.0030778701138811943
calibration,veto_only,exact_vetomax_lt_0.001,none,18432,18432,0.00011021834789726974,0.04528264328837395,0.0,18432,0.9999995444377419,1.0000003576278687,0.998975396156311,0.1985487937927246,18432,0.00014450565989439687,0.0629151463508606,0.0,18432,0.00013898742218745123,0.06263478845357895,0.0,9216,6498,1781,26,0.0028211805555555555,0.0040012311480455524
calibration,veto_only,exact_vetomax_lt_0.001,veto_rows,18432,18432,5.845764778455556e-05,0.04528264328837395,0.0,18432,0.9999997191868412,1.0000003576278687,0.998975396156311,0.1985487937927246,18432,5.06141869765189e-05,0.0629151463508606,0.0,18432,5.651040625026392e-05,0.06263478845357895,0.0,9216,6498,1781,20,0.002170138888888889,0.0030778701138811943
calibration,veto_only,exact_vetomax_lt_0.003,all_rows,18432,18432,0.00012491197974953114,0.04528264328837395,0.0,18432,0.9999995268202232,1.0000003576278687,0.998975396156311,0.19829061627388,18432,0.0001107714488171041,0.0632181167602539,0.0,18432,0.00012005654740713728,0.06272847950458527,0.0,9216,6498,1781,36,0.00390625,0.00554016620498615
calibration,veto_only,exact_vetomax_lt_0.003,none,18432,18432,0.0005281856892411805,0.061450157314538956,0.0,18432,0.9999962925956223,1.0000003576278687,0.9985849857330322,0.19829061627388,18432,0.0007893463771324605,0.17439669370651245,0.0,18432,0.000707329259229819,0.18043896555900574,0.0,9216,6498,1781,69,0.007486979166666667,0.01061865189289012
calibration,veto_only,exact_vetomax_lt_0.003,veto_rows,18432,18432,0.00012491197974953114,0.04528264328837395,0.0,18432,0.9999995268202232,1.0000003576278687,0.998975396156311,0.19829061627388,18432,0.0001107714488171041,0.0632181167602539,0.0,18432,0.00012005654740713728,0.06272847950458527,0.0,9216,6498,1781,36,0.00390625,0.00554016620498615
calibration,veto_only,exact_vetomax_lt_0.01,all_rows,18432,18432,0.0012904648901666677,0.09995105862617493,0.0,18432,0.9999924985976476,1.0000003576278687,0.9951351284980774,0.38183021545410156,18432,0.0010416024144635433,0.09511977434158325,0.0,18432,0.001221455813916303,0.12723325192928314,0.0,9216,6498,1781,127,0.013780381944444444,0.019544475223145584
calibration,veto_only,exact_vetomax_lt_0.01,none,18432,18432,0.003056217657741561,0.1153794378042221,0.0,18432,0.9999735867151887,1.0000003576278687,0.9935349225997925,0.3959119915962219,18432,0.0036840786051470786,0.30030447244644165,0.0,18432,0.0036908217621123116,0.3119724690914154,0.0,9216,6498,1781,231,0.025065104166666668,0.035549399815327794
calibration,veto_only,exact_vetomax_lt_0.01,veto_rows,18432,18432,0.0012904648901666677,0.09995105862617493,0.0,18432,0.9999924985976476,1.0000003576278687,0.9951351284980774,0.38183021545410156,18432,0.0010416024144635433,0.09511977434158325,0.0,18432,0.001221455813916303,0.12723325192928314,0.0,9216,6498,1781,127,0.013780381944444444,0.019544475223145584
calibration,veto_only,exact_vetomax_lt_0.03,all_rows,18432,18432,0.009124487623639392,0.24718965590000153,0.0,18432,0.9998505724037791,1.0000003576278687,0.970890998840332,0.630244255065918,18432,0.010953599642056765,0.2992473840713501,0.0,18432,0.010115788031901884,0.31517887115478516,0.0,9216,6498,1781,472,0.051215277777777776,0.07263773468759618
calibration,veto_only,exact_vetomax_lt_0.03,none,18432,18432,0.020114655436966365,0.3993024230003357,0.0,18432,0.9994344895757321,1.0000003576278687,0.933875560760498,0.6694369316101074,18432,0.036345531921445705,0.6079307794570923,0.0,18432,0.03479062964876092,0.6251308917999268,0.0,9216,6498,1781,855,0.0927734375,0.13157894736842105
calibration,veto_only,exact_vetomax_lt_0.03,veto_rows,18432,18432,0.009124487623639392,0.24718965590000153,0.0,18432,0.9998505724037791,1.0000003576278687,0.970890998840332,0.630244255065918,18432,0.010953599642056765,0.2992473840713501,0.0,18432,0.010115788031901884,0.31517887115478516,0.0,9216,6498,1781,472,0.051215277777777776,0.07263773468759618
calibration,veto_only,predicted_error_lt_0.001,all_rows,18432,18432,2.6831587488046557e-06,0.002403978956863284,0.0,18432,0.9999999916795382,1.0000003576278687,0.9999972581863403,0.011930465698242188,18432,2.368870708677504e-06,0.0025097131729125977,0.0,18432,2.1041254475816e-06,0.0024471082724630833,0.0,9216,6498,1781,4,0.00043402777777777775,0.0006155740227762388
calibration,veto_only,predicted_error_lt_0.001,none,18432,18432,2.6831587488046557e-06,0.002403978956863284,0.0,18432,0.9999999916795382,1.0000003576278687,0.9999972581863403,0.011930465698242188,18432,2.368870708677504e-06,0.0025097131729125977,0.0,18432,2.1041254475816e-06,0.0024471082724630833,0.0,9216,6498,1781,4,0.00043402777777777775,0.0006155740227762388
calibration,veto_only,predicted_error_lt_0.001,veto_rows,18432,18432,2.6831587488046557e-06,0.002403978956863284,0.0,18432,0.9999999916795382,1.0000003576278687,0.9999972581863403,0.011930465698242188,18432,2.368870708677504e-06,0.0025097131729125977,0.0,18432,2.1041254475816e-06,0.0024471082724630833,0.0,9216,6498,1781,4,0.00043402777777777775,0.0006155740227762388
calibration,veto_only,predicted_error_lt_0.003,all_rows,18432,18432,3.0217897067411614e-05,0.010820889845490456,0.0,18432,0.9999999538865976,1.0000003576278687,0.9999421834945679,0.057227134704589844,18432,2.394894707120127e-05,0.013314485549926758,0.0,18432,2.7224307697633217e-05,0.011476761661469936,0.0,9216,6498,1781,13,0.0014105902777777778,0.0020006155740227762
calibration,veto_only,predicted_error_lt_0.003,none,18432,18432,3.774562286639217e-05,0.010820889845490456,0.0,18432,0.9999999400428755,1.0000003576278687,0.9999421834945679,0.057227134704589844,18432,2.7231959393247962e-05,0.013314485549926758,0.0,18432,3.4356297629120034e-05,0.011476761661469936,0.0,9216,6498,1781,15,0.0016276041666666667,0.0023084025854108957
calibration,veto_only,predicted_error_lt_0.003,veto_rows,18432,18432,3.0217897067411614e-05,0.010820889845490456,0.0,18432,0.9999999538865976,1.0000003576278687,0.9999421834945679,0.057227134704589844,18432,2.394894707120127e-05,0.013314485549926758,0.0,18432,2.7224307697633217e-05,0.011476761661469936,0.0,9216,6498,1781,13,0.0014105902777777778,0.0020006155740227762
calibration,veto_only,predicted_error_lt_0.01,all_rows,18432,18432,0.00043108223909225175,0.03860684484243393,0.0,18432,0.9999986003579883,1.0000003576278687,0.9995385408401489,0.14232397079467773,18432,0.00042754482840084366,0.053815245628356934,0.0,18432,0.00040870754814344254,0.0397731252014637,0.0,9216,6498,1781,84,0.009114583333333334,0.012927054478301015
calibration,veto_only,predicted_error_lt_0.01,none,18432,18432,0.0005812429513420166,0.03860684484243393,0.0,18432,0.9999981803573772,1.0000003576278687,0.9995385408401489,0.14232397079467773,18432,0.000587841754572259,0.05756467580795288,0.0,18432,0.0005371918429162956,0.0397731252014637,0.0,9216,6498,1781,102,0.011067708333333334,0.01569713758079409
calibration,veto_only,predicted_error_lt_0.01,veto_rows,18432,18432,0.00043108223909225175,0.03860684484243393,0.0,18432,0.9999986003579883,1.0000003576278687,0.9995385408401489,0.14232397079467773,18432,0.00042754482840084366,0.053815245628356934,0.0,18432,0.00040870754814344254,0.0397731252014637,0.0,9216,6498,1781,84,0.009114583333333334,0.012927054478301015
calibration,veto_only,predicted_error_lt_0.03,all_rows,18432,18432,0.003990051274355883,0.1792708784341812,0.0,18432,0.9999640005892919,1.0000003576278687,0.9935789108276367,0.8384790420532227,18432,0.004602420687054594,0.21241223812103271,0.0,18432,0.0043038958702831705,0.18521153926849365,0.0,9216,6498,1781,307,0.03331163194444445,0.04724530624807633
calibration,veto_only,predicted_error_lt_0.03,none,18432,18432,0.009539658118500638,0.1792708784341812,0.0,18432,0.9998700666862229,1.0000003576278687,0.992501437664032,0.8384790420532227,18432,0.015650640409957204,0.48288631439208984,0.0,18432,0.014521365573696408,0.4934696555137634,0.0,9216,6498,1781,539,0.05848524305555555,0.08294859956909818
calibration,veto_only,predicted_error_lt_0.03,veto_rows,18432,18432,0.003990051274355883,0.1792708784341812,0.0,18432,0.9999640005892919,1.0000003576278687,0.9935789108276367,0.8384790420532227,18432,0.004602420687054594,0.21241223812103271,0.0,18432,0.0043038958702831705,0.18521153926849365,0.0,9216,6498,1781,307,0.03331163194444445,0.04724530624807633
calibration,veto_only,predicted_maxmass_lt_0.001,all_rows,18432,18432,2.6831587488046557e-06,0.002403978956863284,0.0,18432,0.9999999916795382,1.0000003576278687,0.9999972581863403,0.011930465698242188,18432,2.368870708677504e-06,0.0025097131729125977,0.0,18432,2.1041254475816e-06,0.0024471082724630833,0.0,9216,6498,1781,4,0.00043402777777777775,0.0006155740227762388
calibration,veto_only,predicted_maxmass_lt_0.001,none,18432,18432,1.0210884547785215e-05,0.00978765543550253,0.0,18432,0.9999999778358162,1.0000003576278687,0.9999552965164185,0.011930465698242188,18432,5.651883030724194e-06,0.002913057804107666,0.0,18432,9.236115379068419e-06,0.009462506510317326,0.0,9216,6498,1781,6,0.0006510416666666666,0.0009233610341643582
calibration,veto_only,predicted_maxmass_lt_0.001,veto_rows,18432,18432,2.6831587488046557e-06,0.002403978956863284,0.0,18432,0.9999999916795382,1.0000003576278687,0.9999972581863403,0.011930465698242188,18432,2.368870708677504e-06,0.0025097131729125977,0.0,18432,2.1041254475816e-06,0.0024471082724630833,0.0,9216,6498,1781,4,0.00043402777777777775,0.0006155740227762388
calibration,veto_only,predicted_maxmass_lt_0.003,all_rows,18432,18432,4.613970551357727e-05,0.019924435764551163,0.0,18432,0.9999998706690449,1.0000003576278687,0.9998266100883484,0.04824972152709961,18432,3.219849895685911e-05,0.010691285133361816,0.0,18432,4.56606679221422e-05,0.01868586242198944,0.0,9216,6498,1781,13,0.0014105902777777778,0.0020006155740227762
calibration,veto_only,predicted_maxmass_lt_0.003,none,18432,18432,5.838073761810543e-05,0.02286820486187935,0.0,18432,0.9999998242775392,1.0000003576278687,0.9997456669807434,0.04824972152709961,18432,3.9653965763540735e-05,0.010691285133361816,0.0,18432,5.686050504119098e-05,0.02340555749833584,0.0,9216,6498,1781,17,0.0018446180555555555,0.0026161895967990153
calibration,veto_only,predicted_maxmass_lt_0.003,veto_rows,18432,18432,4.613970551357727e-05,0.019924435764551163,0.0,18432,0.9999998706690449,1.0000003576278687,0.9998266100883484,0.04824972152709961,18432,3.219849895685911e-05,0.010691285133361816,0.0,18432,4.56606679221422e-05,0.01868586242198944,0.0,9216,6498,1781,13,0.0014105902777777778,0.0020006155740227762
calibration,veto_only,predicted_maxmass_lt_0.01,all_rows,18432,18432,0.0007313469013003309,0.06246698275208473,0.0,18432,0.9999970261317989,1.0000003576278687,0.9981716871261597,0.19301152229309082,18432,0.0006521018965738929,0.08380347490310669,0.0,18432,0.0007226573281481416,0.07549549639225006,0.0,9216,6498,1781,104,0.011284722222222222,0.01600492459218221
calibration,veto_only,predicted_maxmass_lt_0.01,none,18432,18432,0.0009381523635872054,0.09213194996118546,0.0,18432,0.999995494529786,1.0000003576278687,0.9957771897315979,0.19301152229309082,18432,0.0008402583577359716,0.08380347490310669,0.0,18432,0.0009132777553666802,0.09343095123767853,0.0,9216,6498,1781,126,0.013671875,0.019390581717451522
calibration,veto_only,predicted_maxmass_lt_0.01,veto_rows,18432,18432,0.0007313469013003309,0.06246698275208473,0.0,18432,0.9999970261317989,1.0000003576278687,0.9981716871261597,0.19301152229309082,18432,0.0006521018965738929,0.08380347490310669,0.0,18432,0.0007226573281481416,0.07549549639225006,0.0,9216,6498,1781,104,0.011284722222222222,0.01600492459218221
calibration,veto_only,predicted_maxmass_lt_0.03,all_rows,18432,18432,0.005850765077412507,0.18731197714805603,0.0,18432,0.9999140171502303,1.0000003576278687,0.982728898525238,0.7161345481872559,18432,0.006784027914464887,0.2328253984451294,0.0,18432,0.006389881765799622,0.24080689251422882,0.0,9216,6498,1781,371,0.04025607638888889,0.057094490612496156
calibration,veto_only,predicted_maxmass_lt_0.03,none,18432,18432,0.013989947305465246,0.2453642040491104,0.0,18432,0.9996315829662813,1.0000003576278687,0.9703247547149658,0.7161345481872559,18432,0.027752801404050034,0.5128909945487976,0.0,18432,0.02696207301311845,0.527707040309906,0.0,9216,6498,1781,671,0.07280815972222222,0.10326254232071407
calibration,veto_only,predicted_maxmass_lt_0.03,veto_rows,18432,18432,0.005850765077412507,0.18731197714805603,0.0,18432,0.9999140171502303,1.0000003576278687,0.982728898525238,0.7161345481872559,18432,0.006784027914464887,0.2328253984451294,0.0,18432,0.006389881765799622,0.24080689251422882,0.0,9216,6498,1781,371,0.04025607638888889,0.057094490612496156
test,all_rows,all_candidates,all_rows,36864,36864,0.014492490023152997,0.7904112339019775,0.0,36864,0.9994130601440298,1.000000238418579,0.6883090138435364,4.862689018249512,36864,0.012674149161385786,0.6881673336029053,0.0,36864,0.015621400953431345,1.0511881113052368,0.0,18432,13749,3665,1481,0.0803493923611111,0.10771692486726307
test,all_rows,all_candidates,none,36864,36864,0.05518531531224288,1.3686494827270508,0.0,36864,0.9945597771483234,1.000000238418579,0.08801957964897156,7.766604423522949,36864,0.05859066039071573,1.5752232074737549,0.0,36864,0.07170091538009468,2.206374168395996,0.0,18432,13749,3665,3665,0.19883897569444445,0.26656484107935124
test,all_rows,all_candidates,veto_rows,36864,36864,0.014492490023152997,0.7904112339019775,0.0,36864,0.9994130601440298,1.000000238418579,0.6883090138435364,4.862689018249512,36864,0.012674149161385786,0.6881673336029053,0.0,36864,0.015621400953431345,1.0511881113052368,0.0,18432,13749,3665,1481,0.0803493923611111,0.10771692486726307
test,all_rows,cumulative_exact_mass_0.003,all_rows,36864,36864,1.0094396881489135e-05,0.009912295266985893,0.0,36864,0.9999999854480848,1.000000238418579,0.999956488609314,0.014132976531982422,36864,6.630463758483529e-06,0.002735137939453125,0.0,36864,8.67675542361843e-06,0.009350658394396305,0.0,18432,13749,3665,18,0.0009765625,0.0013091861226271003
test,all_rows,cumulative_exact_mass_0.003,none,36864,36864,1.556037987459274e-05,0.009912295266985893,0.0,36864,0.9999999815869766,1.000000238418579,0.999956488609314,0.014132976531982422,36864,9.662289004255501e-06,0.0030803680419921875,0.0,36864,1.3565977434375633e-05,0.009350658394396305,0.0,18432,13749,3665,21,0.0011393229166666667,0.0015273838097316168
test,all_rows,cumulative_exact_mass_0.003,veto_rows,36864,36864,1.0094396881489135e-05,0.009912295266985893,0.0,36864,0.9999999854480848,1.000000238418579,0.999956488609314,0.014132976531982422,36864,6.630463758483529e-06,0.002735137939453125,0.0,36864,8.67675542361843e-06,0.009350658394396305,0.0,18432,13749,3665,18,0.0009765625,0.0013091861226271003
test,all_rows,cumulative_exact_mass_0.01,all_rows,36864,36864,0.00024226251376644535,0.04235556721687317,0.0,36864,0.9999994340081079,1.000000238418579,0.9991030693054199,0.14912128448486328,36864,0.00014337298731940487,0.013198375701904297,0.0,36864,0.00023120277657908884,0.04277521371841431,0.0,18432,13749,3665,108,0.005859375,0.0078551167357626
test,all_rows,cumulative_exact_mass_0.01,none,36864,36864,0.0004851080200091913,0.07492811977863312,0.0,36864,0.9999986198721066,1.000000238418579,0.9971944689750671,0.14912128448486328,36864,0.00029741429575046315,0.01820474863052368,0.0,36864,0.00047719093528414354,0.07635879516601562,0.0,18432,13749,3665,162,0.0087890625,0.011782675103643902
test,all_rows,cumulative_exact_mass_0.01,veto_rows,36864,36864,0.00024226251376644535,0.04235556721687317,0.0,36864,0.9999994340081079,1.000000238418579,0.9991030693054199,0.14912128448486328,36864,0.00014337298731940487,0.013198375701904297,0.0,36864,0.00023120277657908884,0.04277521371841431,0.0,18432,13749,3665,108,0.005859375,0.0078551167357626
test,all_rows,cumulative_exact_mass_0.03,all_rows,36864,36864,0.001954456471229195,0.14308904111385345,0.0,36864,0.9999877955819506,1.000000238418579,0.9899608492851257,0.23855257034301758,36864,0.0012775966170011088,0.047556161880493164,0.0,36864,0.0020187509010299565,0.14228251576423645,0.0,18432,13749,3665,347,0.018825954861111112,0.025238199141755763
test,all_rows,cumulative_exact_mass_0.03,none,36864,36864,0.004732949326022847,0.17024530470371246,0.0,36864,0.9999637876980059,1.000000238418579,0.9866424798965454,0.3154582977294922,36864,0.00372364397561695,0.06331813335418701,0.0,36864,0.005473705381081366,0.16335377097129822,0.0,18432,13749,3665,634,0.03439670138888889,0.046112444541421195
test,all_rows,cumulative_exact_mass_0.03,veto_rows,36864,36864,0.001954456471229195,0.14308904111385345,0.0,36864,0.9999877955819506,1.000000238418579,0.9899608492851257,0.23855257034301758,36864,0.0012775966170011088,0.047556161880493164,0.0,36864,0.0020187509010299565,0.14228251576423645,0.0,18432,13749,3665,347,0.018825954861111112,0.025238199141755763
test,all_rows,cumulative_predicted_error_0.003,all_rows,36864,36864,2.1749994009882554e-05,0.00978976022452116,0.0,36864,0.9999999778907901,1.000000238418579,0.9999665021896362,0.06322574615478516,36864,1.5930833695973786e-05,0.006694197654724121,0.0,36864,1.777148510490578e-05,0.00927551556378603,0.0,18432,13749,3665,33,0.0017903645833333333,0.0024001745581496837
test,all_rows,cumulative_predicted_error_0.003,none,36864,36864,2.660822922784701e-05,0.012162144295871258,0.0,36864,0.9999999689025572,1.000000238418579,0.9999332427978516,0.06322574615478516,36864,1.82485641239004e-05,0.006694197654724121,0.0,36864,2.2222881941314255e-05,0.011546742171049118,0.0,18432,13749,3665,35,0.0018988715277777778,0.0025456396828860283
test,all_rows,cumulative_predicted_error_0.003,veto_rows,36864,36864,2.1749994009882554e-05,0.00978976022452116,0.0,36864,0.9999999778907901,1.000000238418579,0.9999665021896362,0.06322574615478516,36864,1.5930833695973786e-05,0.006694197654724121,0.0,36864,1.777148510490578e-05,0.00927551556378603,0.0,18432,13749,3665,33,0.0017903645833333333,0.0024001745581496837
test,all_rows,cumulative_predicted_error_0.01,all_rows,36864,36864,0.00022644875727724685,0.034066297113895416,0.0,36864,0.9999995129765011,1.000000238418579,0.9996898770332336,0.17850732803344727,36864,0.00014827511848933581,0.021754860877990723,0.0,36864,0.00021302337967648015,0.02713329903781414,0.0,18432,13749,3665,115,0.006239149305555556,0.008364244672339807
test,all_rows,cumulative_predicted_error_0.01,none,36864,36864,0.0003787031177546593,0.035551004111766815,0.0,36864,0.9999991294817947,1.000000238418579,0.9993925094604492,0.20909643173217773,36864,0.00024418156600505527,0.023884177207946777,0.0,36864,0.00035005180089653045,0.04062994197010994,0.0,18432,13749,3665,160,0.008680555555555556,0.011637209978907556
test,all_rows,cumulative_predicted_error_0.01,veto_rows,36864,36864,0.00022644875727724685,0.034066297113895416,0.0,36864,0.9999995129765011,1.000000238418579,0.9996898770332336,0.17850732803344727,36864,0.00014827511848933581,0.021754860877990723,0.0,36864,0.00021302337967648015,0.02713329903781414,0.0,18432,13749,3665,115,0.006239149305555556,0.008364244672339807
test,all_rows,cumulative_predicted_error_0.03,all_rows,36864,36864,0.001468535667824274,0.09193290770053864,0.0,36864,0.9999928439663361,1.000000238418579,0.9968817234039307,0.5458207130432129,36864,0.0010108835720327785,0.0750894546508789,0.0,36864,0.0014912348312929621,0.0810169205069542,0.0,18432,13749,3665,326,0.017686631944444444,0.023710815332024147
test,all_rows,cumulative_predicted_error_0.03,none,36864,36864,0.0037145551727205315,0.12490276247262955,0.0,36864,0.9999772155262892,1.000000238418579,0.9922307729721069,0.6340322494506836,36864,0.0031748120171768176,0.08131659030914307,0.0,36864,0.0042496176445244345,0.15240336954593658,0.0,18432,13749,3665,571,0.030978732638888888,0.04153029311222634
test,all_rows,cumulative_predicted_error_0.03,veto_rows,36864,36864,0.001468535667824274,0.09193290770053864,0.0,36864,0.9999928439663361,1.000000238418579,0.9968817234039307,0.5458207130432129,36864,0.0010108835720327785,0.0750894546508789,0.0,36864,0.0014912348312929621,0.0810169205069542,0.0,18432,13749,3665,326,0.017686631944444444,0.023710815332024147
test,all_rows,exact_allmax_lt_0.001,all_rows,36864,36864,3.7274037130438405e-07,0.0018366547301411629,0.0,36864,0.9999999912219614,1.000000238418579,0.9999983310699463,0.002766251564025879,36864,2.0422481207384004e-07,0.0006397366523742676,0.0,36864,3.1576672475206817e-07,0.0017604726599529386,0.0,18432,13749,3665,2,0.00010850694444444444,0.00014546512473634447
test,all_rows,exact_allmax_lt_0.001,none,36864,36864,3.7274037130438405e-07,0.0018366547301411629,0.0,36864,0.9999999912219614,1.000000238418579,0.9999983310699463,0.002766251564025879,36864,2.0422481207384004e-07,0.0006397366523742676,0.0,36864,3.1576672475206817e-07,0.0017604726599529386,0.0,18432,13749,3665,2,0.00010850694444444444,0.00014546512473634447
test,all_rows,exact_allmax_lt_0.001,veto_rows,36864,36864,3.7274037130438405e-07,0.0018366547301411629,0.0,36864,0.9999999912219614,1.000000238418579,0.9999983310699463,0.002766251564025879,36864,2.0422481207384004e-07,0.0006397366523742676,0.0,36864,3.1576672475206817e-07,0.0017604726599529386,0.0,18432,13749,3665,2,0.00010850694444444444,0.00014546512473634447
test,all_rows,exact_allmax_lt_0.003,all_rows,36864,36864,1.5780669653338367e-05,0.01107989251613617,0.0,36864,0.9999999781866791,1.000000238418579,0.9999415874481201,0.060085296630859375,36864,1.0969502101134924e-05,0.0070427656173706055,0.0,36864,1.2967759634788521e-05,0.01177316065877676,0.0,18432,13749,3665,31,0.001681857638888889,0.002254709433413339
test,all_rows,exact_allmax_lt_0.003,none,36864,36864,2.124665264644197e-05,0.01107989251613617,0.0,36864,0.9999999743255709,1.000000238418579,0.9999415874481201,0.060085296630859375,36864,1.4001327346906894e-05,0.0070427656173706055,0.0,36864,1.7856981645545727e-05,0.01177316065877676,0.0,18432,13749,3665,34,0.0018446180555555555,0.002472907120517856
test,all_rows,exact_allmax_lt_0.003,veto_rows,36864,36864,1.5780669653338367e-05,0.01107989251613617,0.0,36864,0.9999999781866791,1.000000238418579,0.9999415874481201,0.060085296630859375,36864,1.0969502101134924e-05,0.0070427656173706055,0.0,36864,1.2967759634788521e-05,0.01177316065877676,0.0,18432,13749,3665,31,0.001681857638888889,0.002254709433413339
test,all_rows,exact_allmax_lt_0.01,all_rows,36864,36864,0.00039740327578333655,0.04235556721687317,0.0,36864,0.9999988146947645,1.000000238418579,0.9991030693054199,0.23855257034301758,36864,0.0002671554312756699,0.030258238315582275,0.0,36864,0.000383950607068356,0.04277521371841431,0.0,18432,13749,3665,190,0.010308159722222222,0.013819186849952723
test,all_rows,exact_allmax_lt_0.01,none,36864,36864,0.0007370824040347881,0.12417057156562805,0.0,36864,0.9999971886006986,1.000000238418579,0.9922811388969421,0.23855257034301758,36864,0.0005009617598261684,0.03405827283859253,0.0,36864,0.0007242451970919617,0.12864185869693756,0.0,18432,13749,3665,270,0.0146484375,0.0196377918394065
test,all_rows,exact_allmax_lt_0.01,veto_rows,36864,36864,0.00039740327578333655,0.04235556721687317,0.0,36864,0.9999988146947645,1.000000238418579,0.9991030693054199,0.23855257034301758,36864,0.0002671554312756699,0.030258238315582275,0.0,36864,0.000383950607068356,0.04277521371841431,0.0,18432,13749,3665,190,0.010308159722222222,0.013819186849952723
test,all_rows,exact_allmax_lt_0.03,all_rows,36864,36864,0.004750097059944248,0.21359291672706604,0.0,36864,0.9999384073259231,1.000000238418579,0.9774776697158813,0.4872775077819824,36864,0.004141067541139718,0.24792969226837158,0.0,36864,0.005497367592333522,0.2555328905582428,0.0,18432,13749,3665,853,0.04627821180555555,0.062040875700050915
test,all_rows,exact_allmax_lt_0.03,none,36864,36864,0.014390908394592838,0.28858256340026855,0.0,36864,0.9996794388700638,1.000000238418579,0.9574610590934753,0.9472231864929199,36864,0.02005177424386299,0.42190301418304443,0.0,36864,0.024069691035923286,0.47095680236816406,0.0,18432,13749,3665,1767,0.09586588541666667,0.12851843770456034
test,all_rows,exact_allmax_lt_0.03,veto_rows,36864,36864,0.004750097059944248,0.21359291672706604,0.0,36864,0.9999384073259231,1.000000238418579,0.9774776697158813,0.4872775077819824,36864,0.004141067541139718,0.24792969226837158,0.0,36864,0.005497367592333522,0.2555328905582428,0.0,18432,13749,3665,853,0.04627821180555555,0.062040875700050915
test,all_rows,exact_vetomax_lt_0.001,all_rows,36864,36864,7.747583621068477e-05,0.05201571062207222,0.0,36864,0.9999996613090237,1.000000238418579,0.9987221956253052,0.19064903259277344,36864,4.5161406483708153e-05,0.023664474487304688,0.0,36864,7.030594291569024e-05,0.05056166648864746,0.0,18432,13749,3665,38,0.0020616319444444445,0.0027638373699905446
test,all_rows,exact_vetomax_lt_0.001,none,36864,36864,0.00028518395108865954,0.20004504919052124,0.0,36864,0.9999969094367569,1.000000238418579,0.9822744131088257,0.2024688720703125,36864,0.00024086807227124355,0.07133573293685913,0.0,36864,0.0003360187791324707,0.221785768866539,0.0,18432,13749,3665,75,0.004069010416666667,0.005454942177612917
test,all_rows,exact_vetomax_lt_0.001,veto_rows,36864,36864,7.747583621068477e-05,0.05201571062207222,0.0,36864,0.9999996613090237,1.000000238418579,0.9987221956253052,0.19064903259277344,36864,4.5161406483708153e-05,0.023664474487304688,0.0,36864,7.030594291569024e-05,0.05056166648864746,0.0,18432,13749,3665,38,0.0020616319444444445,0.0027638373699905446
test,all_rows,exact_vetomax_lt_0.003,all_rows,36864,36864,0.00021657176673142375,0.08670420944690704,0.0,36864,0.9999985236580768,1.000000238418579,0.9962458610534668,0.22210979461669922,36864,0.00013209372344944213,0.038968563079833984,0.0,36864,0.00019777878522301298,0.08825201541185379,0.0,18432,13749,3665,94,0.005099826388888889,0.00683686086260819
test,all_rows,exact_vetomax_lt_0.003,none,36864,36864,0.0008234985198206004,0.19922955334186554,0.0,36864,0.999991936850064,1.000000238418579,0.9824490547180176,0.3368244171142578,36864,0.000776439502563638,0.12721037864685059,0.0,36864,0.0009851463038555535,0.2187236249446869,0.0,18432,13749,3665,200,0.010850694444444444,0.014546512473634447
test,all_rows,exact_vetomax_lt_0.003,veto_rows,36864,36864,0.00021657176673142375,0.08670420944690704,0.0,36864,0.9999985236580768,1.000000238418579,0.9962458610534668,0.22210979461669922,36864,0.00013209372344944213,0.038968563079833984,0.0,36864,0.00019777878522301298,0.08825201541185379,0.0,18432,13749,3665,94,0.005099826388888889,0.00683686086260819
test,all_rows,exact_vetomax_lt_0.01,all_rows,36864,36864,0.0009965941264066846,0.16155019402503967,0.0,36864,0.9999934526648657,1.000000238418579,0.9880611300468445,0.4411048889160156,36864,0.0005890200328495768,0.05210953950881958,0.0,36864,0.0009521310026265957,0.15412285923957825,0.0,18432,13749,3665,288,0.015625,0.020946977962033604
test,all_rows,exact_vetomax_lt_0.01,none,36864,36864,0.0032335914374759444,0.2878817617893219,0.0,36864,0.9999632367172226,1.000000238418579,0.9584658145904541,1.4396872520446777,36864,0.0025496120700457445,0.15493172407150269,0.0,36864,0.0035130710109627736,0.2890590727329254,0.0,18432,13749,3665,609,0.033040364583333336,0.044294130482216885
test,all_rows,exact_vetomax_lt_0.01,veto_rows,36864,36864,0.0009965941264066846,0.16155019402503967,0.0,36864,0.9999934526648657,1.000000238418579,0.9880611300468445,0.4411048889160156,36864,0.0005890200328495768,0.05210953950881958,0.0,36864,0.0009521310026265957,0.15412285923957825,0.0,18432,13749,3665,288,0.015625,0.020946977962033604
test,all_rows,exact_vetomax_lt_0.03,all_rows,36864,36864,0.005661375303921605,0.32495445013046265,0.0,36864,0.9999192377419805,1.000000238418579,0.9496159553527832,0.6108119487762451,36864,0.004976575646044997,0.24792969226837158,0.0,36864,0.006511177885455546,0.35310742259025574,0.0,18432,13749,3665,918,0.0498046875,0.06676849225398211
test,all_rows,exact_vetomax_lt_0.03,none,36864,36864,0.017638137600070682,0.566666841506958,0.0,36864,0.9995448764303647,1.000000238418579,0.8506942391395569,1.4396872520446777,36864,0.023652021973652557,0.43632394075393677,0.0,36864,0.028466509738895456,0.6411966681480408,0.0,18432,13749,3665,1986,0.10774739583333333,0.14444686886319005
test,all_rows,exact_vetomax_lt_0.03,veto_rows,36864,36864,0.005661375303921605,0.32495445013046265,0.0,36864,0.9999192377419805,1.000000238418579,0.9496159553527832,0.6108119487762451,36864,0.004976575646044997,0.24792969226837158,0.0,36864,0.006511177885455546,0.35310742259025574,0.0,18432,13749,3665,918,0.0498046875,0.06676849225398211
test,all_rows,predicted_error_lt_0.001,all_rows,36864,36864,2.2637408170305162e-06,0.004225348122417927,0.0,36864,0.9999999907546832,1.000000238418579,0.9999969601631165,0.03090381622314453,36864,1.4972255384135578e-06,0.003159761428833008,0.0,36864,1.8061587076816332e-06,0.0026430501602590084,0.0,18432,13749,3665,8,0.00043402777777777775,0.0005818604989453779
test,all_rows,predicted_error_lt_0.001,none,36864,36864,2.2637408170305162e-06,0.004225348122417927,0.0,36864,0.9999999907546832,1.000000238418579,0.9999969601631165,0.03090381622314453,36864,1.4972255384135578e-06,0.003159761428833008,0.0,36864,1.8061587076816332e-06,0.0026430501602590084,0.0,18432,13749,3665,8,0.00043402777777777775,0.0005818604989453779
test,all_rows,predicted_error_lt_0.001,veto_rows,36864,36864,2.2637408170305162e-06,0.004225348122417927,0.0,36864,0.9999999907546832,1.000000238418579,0.9999969601631165,0.03090381622314453,36864,1.4972255384135578e-06,0.003159761428833008,0.0,36864,1.8061587076816332e-06,0.0026430501602590084,0.0,18432,13749,3665,8,0.00043402777777777775,0.0005818604989453779
test,all_rows,predicted_error_lt_0.003,all_rows,36864,36864,2.7900669455761856e-05,0.014702435582876205,0.0,36864,0.9999999720522383,1.000000238418579,0.9999563097953796,0.10446357727050781,36864,2.1966004472536344e-05,0.012625396251678467,0.0,36864,2.119001352297585e-05,0.009955880232155323,0.0,18432,13749,3665,41,0.002224392361111111,0.0029820350570950614
test,all_rows,predicted_error_lt_0.003,none,36864,36864,3.275890467372631e-05,0.014702435582876205,0.0,36864,0.9999999630640054,1.000000238418579,0.9999332427978516,0.10446357727050781,36864,2.4283734900462958e-05,0.012625396251678467,0.0,36864,2.564141035938433e-05,0.011546742171049118,0.0,18432,13749,3665,43,0.0023328993055555555,0.003127500181831406
test,all_rows,predicted_error_lt_0.003,veto_rows,36864,36864,2.7900669455761856e-05,0.014702435582876205,0.0,36864,0.9999999720522383,1.000000238418579,0.9999563097953796,0.10446357727050781,36864,2.1966004472536344e-05,0.012625396251678467,0.0,36864,2.119001352297585e-05,0.009955880232155323,0.0,18432,13749,3665,41,0.002224392361111111,0.0029820350570950614
test,all_rows,predicted_error_lt_0.01,all_rows,36864,36864,0.00032579804147729694,0.08459975570440292,0.0,36864,0.9999988762412815,1.000000238418579,0.9968817234039307,0.23855257034301758,36864,0.0002346340382549291,0.0522189736366272,0.0,36864,0.00030410091622118797,0.0810169205069542,0.0,18432,13749,3665,175,0.009494357638888888,0.01272819841443014
test,all_rows,predicted_error_lt_0.01,none,36864,36864,0.0005567793808050732,0.08459975570440292,0.0,36864,0.9999981628659751,1.000000238418579,0.9968817234039307,0.4410266876220703,36864,0.0004059323303711911,0.07273834943771362,0.0,36864,0.0005037300698472744,0.0810169205069542,0.0,18432,13749,3665,245,0.013292100694444444,0.017819477780202198
test,all_rows,predicted_error_lt_0.01,veto_rows,36864,36864,0.00032579804147729694,0.08459975570440292,0.0,36864,0.9999988762412815,1.000000238418579,0.9968817234039307,0.23855257034301758,36864,0.0002346340382549291,0.0522189736366272,0.0,36864,0.00030410091622118797,0.0810169205069542,0.0,18432,13749,3665,175,0.009494357638888888,0.01272819841443014
test,all_rows,predicted_error_lt_0.03,all_rows,36864,36864,0.002937677605970363,0.18532989919185638,0.0,36864,0.9999743589206547,1.000000238418579,0.9904564619064331,1.0129332542419434,36864,0.002695428275425608,0.17372125387191772,0.0,36864,0.003419724975275442,0.1874401867389679,0.0,18432,13749,3665,635,0.03445095486111111,0.04618517710378937
test,all_rows,predicted_error_lt_0.03,none,36864,36864,0.008516131844062606,0.35012659430503845,0.0,36864,0.9998854439230248,1.000000238418579,0.983527660369873,1.9506969451904297,36864,0.011456793867788898,0.27074164152145386,0.0,36864,0.012894496141660702,0.3528392016887665,0.0,18432,13749,3665,1238,0.0671657986111111,0.09004291221179722
test,all_rows,predicted_error_lt_0.03,veto_rows,36864,36864,0.002937677605970363,0.18532989919185638,0.0,36864,0.9999743589206547,1.000000238418579,0.9904564619064331,1.0129332542419434,36864,0.002695428275425608,0.17372125387191772,0.0,36864,0.003419724975275442,0.1874401867389679,0.0,18432,13749,3665,635,0.03445095486111111,0.04618517710378937
test,all_rows,predicted_maxmass_lt_0.001,all_rows,36864,36864,3.2233149910501384e-06,0.003812420414760709,0.0,36864,0.999999990219496,1.000000238418579,0.9999927282333374,0.014132976531982422,36864,2.117072451963193e-06,0.0019530653953552246,0.0,36864,2.632659129673246e-06,0.00420995382592082,0.0,18432,13749,3665,9,0.00048828125,0.0006545930613135501
test,all_rows,predicted_maxmass_lt_0.001,none,36864,36864,3.2233149910501384e-06,0.003812420414760709,0.0,36864,0.999999990219496,1.000000238418579,0.9999927282333374,0.014132976531982422,36864,2.117072451963193e-06,0.0019530653953552246,0.0,36864,2.632659129673246e-06,0.00420995382592082,0.0,18432,13749,3665,9,0.00048828125,0.0006545930613135501
test,all_rows,predicted_maxmass_lt_0.001,veto_rows,36864,36864,3.2233149910501384e-06,0.003812420414760709,0.0,36864,0.999999990219496,1.000000238418579,0.9999927282333374,0.014132976531982422,36864,2.117072451963193e-06,0.0019530653953552246,0.0,36864,2.632659129673246e-06,0.00420995382592082,0.0,18432,13749,3665,9,0.00048828125,0.0006545930613135501
test,all_rows,predicted_maxmass_lt_0.003,all_rows,36864,36864,4.647984618677719e-05,0.02392938919365406,0.0,36864,0.9999999219208904,1.000000238418579,0.9997161626815796,0.060072898864746094,36864,3.0244532455172804e-05,0.008702397346496582,0.0,36864,4.2055319982535704e-05,0.026205720379948616,0.0,18432,13749,3665,44,0.002387152777777778,0.003200232744199578
test,all_rows,predicted_maxmass_lt_0.003,none,36864,36864,6.031401797154144e-05,0.02392938919365406,0.0,36864,0.9999999003306989,1.000000238418579,0.9997161626815796,0.060072898864746094,36864,3.842124877135373e-05,0.008702397346496582,0.0,36864,5.565468767631751e-05,0.026205720379948616,0.0,18432,13749,3665,49,0.002658420138888889,0.0035638955560404395
test,all_rows,predicted_maxmass_lt_0.003,veto_rows,36864,36864,4.647984618677719e-05,0.02392938919365406,0.0,36864,0.9999999219208904,1.000000238418579,0.9997161626815796,0.060072898864746094,36864,3.0244532455172804e-05,0.008702397346496582,0.0,36864,4.2055319982535704e-05,0.026205720379948616,0.0,18432,13749,3665,44,0.002387152777777778,0.003200232744199578
test,all_rows,predicted_maxmass_lt_0.01,all_rows,36864,36864,0.0005486839779575806,0.08687783777713776,0.0,36864,0.9999974468680901,1.000000238418579,0.9964858293533325,0.23855257034301758,36864,0.00036666558783811826,0.08920127153396606,0.0,36864,0.0005395445379532409,0.10781669616699219,0.0,18432,13749,3665,222,0.012044270833333334,0.016146628845734236
test,all_rows,predicted_maxmass_lt_0.01,none,36864,36864,0.0009625353382636329,0.09316572546958923,0.0,36864,0.9999949323504956,1.000000238418579,0.9961901903152466,0.23855257034301758,36864,0.0006540698021934885,0.08920127153396606,0.0,36864,0.0009198341346558394,0.10781669616699219,0.0,18432,13749,3665,325,0.017632378472222224,0.023638082769655976
test,all_rows,predicted_maxmass_lt_0.01,veto_rows,36864,36864,0.0005486839779575806,0.08687783777713776,0.0,36864,0.9999974468680901,1.000000238418579,0.9964858293533325,0.23855257034301758,36864,0.00036666558783811826,0.08920127153396606,0.0,36864,0.0005395445379532409,0.10781669616699219,0.0,18432,13749,3665,222,0.012044270833333334,0.016146628845734236
test,all_rows,predicted_maxmass_lt_0.03,all_rows,36864,36864,0.003996333229253605,0.34293922781944275,0.0,36864,0.9999490235156069,1.000000238418579,0.9436562061309814,0.46015357971191406,36864,0.0034930703938395404,0.21483761072158813,0.0,36864,0.004696943546200001,0.3311315178871155,0.0,18432,13749,3665,759,0.041178385416666664,0.05520401483744272
test,all_rows,predicted_maxmass_lt_0.03,none,36864,36864,0.012763381058492078,0.34293922781944275,0.0,36864,0.9997193623938883,1.000000238418579,0.9436562061309814,0.49840259552001953,36864,0.01969952799683799,0.43632394075393677,0.0,36864,0.023099738811563835,0.5183647274971008,0.0,18432,13749,3665,1559,0.08458116319444445,0.1133900647319805
test,all_rows,predicted_maxmass_lt_0.03,veto_rows,36864,36864,0.003996333229253605,0.34293922781944275,0.0,36864,0.9999490235156069,1.000000238418579,0.9436562061309814,0.46015357971191406,36864,0.0034930703938395404,0.21483761072158813,0.0,36864,0.004696943546200001,0.3311315178871155,0.0,18432,13749,3665,759,0.041178385416666664,0.05520401483744272
test,veto_only,all_candidates,all_rows,36864,36864,0.021472605998621292,0.6718088984489441,0.0,36864,0.9992630027004957,1.000000238418579,0.7585813403129578,4.764281272888184,36864,0.02315049266164553,0.6777012348175049,0.0,36864,0.021677409770395215,0.9094505906105042,0.0,18432,13749,3665,1481,0.0803493923611111,0.10771692486726307
test,veto_only,all_candidates,none,36864,36864,0.07864045333010779,1.5437299013137817,0.0,36864,0.9933017635295174,1.000000238418579,0.08802162110805511,7.770138740539551,36864,0.0944774931138252,1.5748891830444336,0.0,36864,0.09265346832180926,1.8464531898498535,0.0,18432,13749,3665,3665,0.19883897569444445,0.26656484107935124
test,veto_only,all_candidates,veto_rows,36864,36864,0.021472605998621292,0.6718088984489441,0.0,36864,0.9992630027004957,1.000000238418579,0.7585813403129578,4.764281272888184,36864,0.02315049266164553,0.6777012348175049,0.0,36864,0.021677409770395215,0.9094505906105042,0.0,18432,13749,3665,1481,0.0803493923611111,0.10771692486726307
test,veto_only,cumulative_exact_mass_0.003,all_rows,36864,36864,1.4250865357176174e-05,0.009912295266985893,0.0,36864,0.9999999815530222,1.000000238418579,0.999956488609314,0.014132976531982422,36864,1.0431947885081172e-05,0.0030214786529541016,0.0,36864,1.2000364020928684e-05,0.009350658394396305,0.0,18432,13749,3665,18,0.0009765625,0.0013091861226271003
test,veto_only,cumulative_exact_mass_0.003,none,36864,36864,2.2343451904730195e-05,0.009912295266985893,0.0,36864,0.9999999734589236,1.000000238418579,0.999956488609314,0.015646815299987793,36864,1.5456976446633536e-05,0.004130423069000244,0.0,36864,1.9206772959284427e-05,0.009350658394396305,0.0,18432,13749,3665,21,0.0011393229166666667,0.0015273838097316168
test,veto_only,cumulative_exact_mass_0.003,veto_rows,36864,36864,1.4250865357176174e-05,0.009912295266985893,0.0,36864,0.9999999815530222,1.000000238418579,0.999956488609314,0.014132976531982422,36864,1.0431947885081172e-05,0.0030214786529541016,0.0,36864,1.2000364020928684e-05,0.009350658394396305,0.0,18432,13749,3665,18,0.0009765625,0.0013091861226271003
test,veto_only,cumulative_exact_mass_0.01,all_rows,36864,36864,0.0003638571718411423,0.05148836970329285,0.0,36864,0.9999990341958538,1.000000238418579,0.9987337589263916,0.14912128448486328,36864,0.0002636818098835647,0.015470683574676514,0.0,36864,0.0003414641312283807,0.050415974110364914,0.0,18432,13749,3665,108,0.005859375,0.0078551167357626
test,veto_only,cumulative_exact_mass_0.01,none,36864,36864,0.0007045763159598694,0.05148836970329285,0.0,36864,0.9999978876051804,1.000000238418579,0.9987337589263916,0.14912128448486328,36864,0.0005291834014416155,0.021998882293701172,0.0,36864,0.0006800980424884265,0.050415974110364914,0.0,18432,13749,3665,162,0.0087890625,0.011782675103643902
test,veto_only,cumulative_exact_mass_0.01,veto_rows,36864,36864,0.0003638571718411423,0.05148836970329285,0.0,36864,0.9999990341958538,1.000000238418579,0.9987337589263916,0.14912128448486328,36864,0.0002636818098835647,0.015470683574676514,0.0,36864,0.0003414641312283807,0.050415974110364914,0.0,18432,13749,3665,108,0.005859375,0.0078551167357626
test,veto_only,cumulative_exact_mass_0.03,all_rows,36864,36864,0.002816711984035116,0.12084394693374634,0.0,36864,0.9999811450753542,1.000000238418579,0.994966983795166,0.35083770751953125,36864,0.002380078276878016,0.0531923770904541,0.0,36864,0.0028191104545964617,0.10612621158361435,0.0,18432,13749,3665,347,0.018825954861111112,0.025238199141755763
test,veto_only,cumulative_exact_mass_0.03,none,36864,36864,0.006507773627035283,0.2116503119468689,0.0,36864,0.9999440829479782,1.000000238418579,0.9774041175842285,0.35083770751953125,36864,0.006179166889827077,0.07985615730285645,0.0,36864,0.007200756427839166,0.22207091748714447,0.0,18432,13749,3665,634,0.03439670138888889,0.046112444541421195
test,veto_only,cumulative_exact_mass_0.03,veto_rows,36864,36864,0.002816711984035116,0.12084394693374634,0.0,36864,0.9999811450753542,1.000000238418579,0.994966983795166,0.35083770751953125,36864,0.002380078276878016,0.0531923770904541,0.0,36864,0.0028191104545964617,0.10612621158361435,0.0,18432,13749,3665,347,0.018825954861111112,0.025238199141755763
test,veto_only,cumulative_predicted_error_0.003,all_rows,36864,36864,3.003405874437146e-05,0.009401267394423485,0.0,36864,0.999999968368987,1.000000238418579,0.999955952167511,0.057683467864990234,36864,2.464602584950626e-05,0.007963776588439941,0.0,36864,2.457373824516781e-05,0.010646694339811802,0.0,18432,13749,3665,33,0.0017903645833333333,0.0024001745581496837
test,veto_only,cumulative_predicted_error_0.003,none,36864,36864,3.665107292818231e-05,0.015159374102950096,0.0,36864,0.9999999535470528,1.000000238418579,0.9998929500579834,0.057683467864990234,36864,2.8020201069820258e-05,0.007963776588439941,0.0,36864,3.05340252156774e-05,0.014699629507958889,0.0,18432,13749,3665,35,0.0018988715277777778,0.0025456396828860283
test,veto_only,cumulative_predicted_error_0.003,veto_rows,36864,36864,3.003405874437146e-05,0.009401267394423485,0.0,36864,0.999999968368987,1.000000238418579,0.999955952167511,0.057683467864990234,36864,2.464602584950626e-05,0.007963776588439941,0.0,36864,2.457373824516781e-05,0.010646694339811802,0.0,18432,13749,3665,33,0.0017903645833333333,0.0024001745581496837
test,veto_only,cumulative_predicted_error_0.01,all_rows,36864,36864,0.0003266168807829643,0.03181084990501404,0.0,36864,0.9999991463118931,1.000000238418579,0.9995499849319458,0.14912128448486328,36864,0.0002551314133193551,0.024525105953216553,0.0,36864,0.0003045153033008561,0.0311568733304739,0.0,18432,13749,3665,115,0.006239149305555556,0.008364244672339807
test,veto_only,cumulative_predicted_error_0.01,none,36864,36864,0.0005440534891697901,0.04802228882908821,0.0,36864,0.9999984586352689,1.000000238418579,0.9988571405410767,0.20439743995666504,36864,0.000422192839323543,0.028389275074005127,0.0,36864,0.0004979512663834751,0.05500147491693497,0.0,18432,13749,3665,160,0.008680555555555556,0.011637209978907556
test,veto_only,cumulative_predicted_error_0.01,veto_rows,36864,36864,0.0003266168807829643,0.03181084990501404,0.0,36864,0.9999991463118931,1.000000238418579,0.9995499849319458,0.14912128448486328,36864,0.0002551314133193551,0.024525105953216553,0.0,36864,0.0003045153033008561,0.0311568733304739,0.0,18432,13749,3665,115,0.006239149305555556,0.008364244672339807
test,veto_only,cumulative_predicted_error_0.03,all_rows,36864,36864,0.0021244217014700726,0.094347283244133,0.0,36864,0.9999882379520891,1.000000238418579,0.9955393671989441,0.5001416206359863,36864,0.001858126648585312,0.07096809148788452,0.0,36864,0.0021041880787666684,0.09854168444871902,0.0,18432,13749,3665,326,0.017686631944444444,0.023710815332024147
test,veto_only,cumulative_predicted_error_0.03,none,36864,36864,0.005056910686858084,0.2116503119468689,0.0,36864,0.9999642842449248,1.000000238418579,0.9774041175842285,0.6340265274047852,36864,0.005074185248102165,0.09045904874801636,0.0,36864,0.005535355171908459,0.22207091748714447,0.0,18432,13749,3665,571,0.030978732638888888,0.04153029311222634
test,veto_only,cumulative_predicted_error_0.03,veto_rows,36864,36864,0.0021244217014700726,0.094347283244133,0.0,36864,0.9999882379520891,1.000000238418579,0.9955393671989441,0.5001416206359863,36864,0.001858126648585312,0.07096809148788452,0.0,36864,0.0021041880787666684,0.09854168444871902,0.0,18432,13749,3665,326,0.017686631944444444,0.023710815332024147
test,veto_only,exact_allmax_lt_0.001,all_rows,36864,36864,6.485431996912062e-07,0.0020888433791697025,0.0,36864,0.9999999912025588,1.000000238418579,0.9999979734420776,0.0060253143310546875,36864,4.6136847231537104e-07,0.0010094046592712402,0.0,36864,4.956597272499428e-07,0.002000963781028986,0.0,18432,13749,3665,2,0.00010850694444444444,0.00014546512473634447
test,veto_only,exact_allmax_lt_0.001,none,36864,36864,6.485431996912062e-07,0.0020888433791697025,0.0,36864,0.9999999912025588,1.000000238418579,0.9999979734420776,0.0060253143310546875,36864,4.6136847231537104e-07,0.0010094046592712402,0.0,36864,4.956597272499428e-07,0.002000963781028986,0.0,18432,13749,3665,2,0.00010850694444444444,0.00014546512473634447
test,veto_only,exact_allmax_lt_0.001,veto_rows,36864,36864,6.485431996912062e-07,0.0020888433791697025,0.0,36864,0.9999999912025588,1.000000238418579,0.9999979734420776,0.0060253143310546875,36864,4.6136847231537104e-07,0.0010094046592712402,0.0,36864,4.956597272499428e-07,0.002000963781028986,0.0,18432,13749,3665,2,0.00010850694444444444,0.00014546512473634447
test,veto_only,exact_allmax_lt_0.003,all_rows,36864,36864,2.2058792539910287e-05,0.014957178384065628,0.0,36864,0.9999999716302328,1.000000238418579,0.999895453453064,0.060085296630859375,36864,1.7503986277410553e-05,0.010415732860565186,0.0,36864,1.7529606779173376e-05,0.01590108685195446,0.0,18432,13749,3665,31,0.001681857638888889,0.002254709433413339
test,veto_only,exact_allmax_lt_0.003,none,36864,36864,3.0151379087464307e-05,0.014957178384065628,0.0,36864,0.9999999635361342,1.000000238418579,0.999895453453064,0.060085296630859375,36864,2.2529014838962918e-05,0.010415732860565186,0.0,36864,2.473601571752912e-05,0.01590108685195446,0.0,18432,13749,3665,34,0.0018446180555555555,0.002472907120517856
test,veto_only,exact_allmax_lt_0.003,veto_rows,36864,36864,2.2058792539910287e-05,0.014957178384065628,0.0,36864,0.9999999716302328,1.000000238418579,0.999895453453064,0.060085296630859375,36864,1.7503986277410553e-05,0.010415732860565186,0.0,36864,1.7529606779173376e-05,0.01590108685195446,0.0,18432,13749,3665,31,0.001681857638888889,0.002254709433413339
test,veto_only,exact_allmax_lt_0.01,all_rows,36864,36864,0.0005926630311076883,0.05148836970329285,0.0,36864,0.9999978738342179,1.000000238418579,0.9987337589263916,0.23855257034301758,36864,0.0004889468820894965,0.0401647686958313,0.0,36864,0.0005687835197496762,0.050415974110364914,0.0,18432,13749,3665,190,0.010308159722222222,0.013819186849952723
test,veto_only,exact_allmax_lt_0.01,none,36864,36864,0.001072028153332227,0.06826822459697723,0.0,36864,0.9999957113549398,1.000000238418579,0.9976710081100464,0.23855257034301758,36864,0.0008917905668365873,0.04548478126525879,0.0,36864,0.001034386569486102,0.06823839247226715,0.0,18432,13749,3665,270,0.0146484375,0.0196377918394065
test,veto_only,exact_allmax_lt_0.01,veto_rows,36864,36864,0.0005926630311076883,0.05148836970329285,0.0,36864,0.9999978738342179,1.000000238418579,0.9987337589263916,0.23855257034301758,36864,0.0004889468820894965,0.0401647686958313,0.0,36864,0.0005687835197496762,0.050415974110364914,0.0,18432,13749,3665,190,0.010308159722222222,0.013819186849952723
test,veto_only,exact_allmax_lt_0.03,all_rows,36864,36864,0.007587547432298435,0.21843640506267548,0.0,36864,0.9998888198460918,1.000000238418579,0.9782392978668213,0.4872775077819824,36864,0.00834026486457636,0.29383212327957153,0.0,36864,0.008215133413853038,0.3122837543487549,0.0,18432,13749,3665,853,0.04627821180555555,0.062040875700050915
test,veto_only,exact_allmax_lt_0.03,none,36864,36864,0.02003188516799151,0.383684366941452,0.0,36864,0.9994692459925621,1.000000238418579,0.9440479278564453,0.6762089729309082,36864,0.030857710976205353,0.48017197847366333,0.0,36864,0.030848324350761284,0.5077727437019348,0.0,18432,13749,3665,1767,0.09586588541666667,0.12851843770456034
test,veto_only,exact_allmax_lt_0.03,veto_rows,36864,36864,0.007587547432298435,0.21843640506267548,0.0,36864,0.9998888198460918,1.000000238418579,0.9782392978668213,0.4872775077819824,36864,0.00834026486457636,0.29383212327957153,0.0,36864,0.008215133413853038,0.3122837543487549,0.0,18432,13749,3665,853,0.04627821180555555,0.062040875700050915
test,veto_only,exact_vetomax_lt_0.001,all_rows,36864,36864,0.00011157162397481287,0.07397323101758957,0.0,36864,0.9999993725828568,1.000000238418579,0.99748295545578,0.09956598281860352,36864,9.061806647676147e-05,0.05877453088760376,0.0,36864,0.0001033041148923653,0.07161954045295715,0.0,18432,13749,3665,38,0.0020616319444444445,0.0027638373699905446
test,veto_only,exact_vetomax_lt_0.001,none,36864,36864,0.00036908127456797296,0.13036689162254333,0.0,36864,0.9999970339219241,1.000000238418579,0.9914659857749939,0.25857722759246826,36864,0.000408507940139518,0.09542262554168701,0.0,36864,0.000442083495072837,0.14572134613990784,0.0,18432,13749,3665,75,0.004069010416666667,0.005454942177612917
test,veto_only,exact_vetomax_lt_0.001,veto_rows,36864,36864,0.00011157162397481287,0.07397323101758957,0.0,36864,0.9999993725828568,1.000000238418579,0.99748295545578,0.09956598281860352,36864,9.061806647676147e-05,0.05877453088760376,0.0,36864,0.0001033041148923653,0.07161954045295715,0.0,18432,13749,3665,38,0.0020616319444444445,0.0027638373699905446
test,veto_only,exact_vetomax_lt_0.003,all_rows,36864,36864,0.00030903213284198653,0.0975036472082138,0.0,36864,0.9999976926434707,1.000000238418579,0.9955393671989441,0.1634618043899536,36864,0.0002602245480779351,0.09555459022521973,0.0,36864,0.0002842400540540531,0.10156553983688354,0.0,18432,13749,3665,94,0.005099826388888889,0.00683686086260819
test,veto_only,exact_vetomax_lt_0.003,none,36864,36864,0.0011259860865382879,0.1398809552192688,0.0,36864,0.9999890870838297,1.000000238418579,0.9911248683929443,0.25857722759246826,36864,0.0013293826697109682,0.18041205406188965,0.0,36864,0.0013384813040656794,0.17264828085899353,0.0,18432,13749,3665,200,0.010850694444444444,0.014546512473634447
test,veto_only,exact_vetomax_lt_0.003,veto_rows,36864,36864,0.00030903213284198653,0.0975036472082138,0.0,36864,0.9999976926434707,1.000000238418579,0.9955393671989441,0.1634618043899536,36864,0.0002602245480779351,0.09555459022521973,0.0,36864,0.0002842400540540531,0.10156553983688354,0.0,18432,13749,3665,94,0.005099826388888889,0.00683686086260819
test,veto_only,exact_vetomax_lt_0.01,all_rows,36864,36864,0.0014208661937486523,0.10782287269830704,0.0,36864,0.9999909211910563,1.000000238418579,0.9954114556312561,0.23855257034301758,36864,0.0011575678072404116,0.09555459022521973,0.0,36864,0.0013405588683991826,0.11508965492248535,0.0,18432,13749,3665,288,0.015625,0.020946977962033604
test,veto_only,exact_vetomax_lt_0.01,none,36864,36864,0.004492880955623355,0.29249146580696106,0.0,36864,0.9999516058871651,1.000000238418579,0.9569995403289795,0.5987756252288818,36864,0.004518385439748979,0.21377766132354736,0.0,36864,0.004793792162186521,0.31708842515945435,0.0,18432,13749,3665,609,0.033040364583333336,0.044294130482216885
test,veto_only,exact_vetomax_lt_0.01,veto_rows,36864,36864,0.0014208661937486523,0.10782287269830704,0.0,36864,0.9999909211910563,1.000000238418579,0.9954114556312561,0.23855257034301758,36864,0.0011575678072404116,0.09555459022521973,0.0,36864,0.0013405588683991826,0.11508965492248535,0.0,18432,13749,3665,288,0.015625,0.020946977962033604
test,veto_only,exact_vetomax_lt_0.03,all_rows,36864,36864,0.008816559907503544,0.21843640506267548,0.0,36864,0.9998627174645662,1.000000238418579,0.9783795475959778,0.4872775077819824,36864,0.009878692249508781,0.29725033044815063,0.0,36864,0.009653913585700953,0.3122837543487549,0.0,18432,13749,3665,918,0.0498046875,0.06676849225398211
test,veto_only,exact_vetomax_lt_0.03,none,36864,36864,0.024184932038224284,0.383684366941452,0.0,36864,0.9993218160961987,1.000000238418579,0.9436081647872925,0.933297872543335,36864,0.037094428063331485,0.5106129050254822,0.0,36864,0.036431303831055556,0.5236188173294067,0.0,18432,13749,3665,1986,0.10774739583333333,0.14444686886319005
test,veto_only,exact_vetomax_lt_0.03,veto_rows,36864,36864,0.008816559907503544,0.21843640506267548,0.0,36864,0.9998627174645662,1.000000238418579,0.9783795475959778,0.4872775077819824,36864,0.009878692249508781,0.29725033044815063,0.0,36864,0.009653913585700953,0.3122837543487549,0.0,18432,13749,3665,918,0.0498046875,0.06676849225398211
test,veto_only,predicted_error_lt_0.001,all_rows,36864,36864,3.445295671140032e-06,0.004225348122417927,0.0,36864,0.9999999904070541,1.000000238418579,0.9999955892562866,0.03090381622314453,36864,2.779271906345255e-06,0.003159761428833008,0.0,36864,2.7033414013040647e-06,0.0031452500261366367,0.0,18432,13749,3665,8,0.00043402777777777775,0.0005818604989453779
test,veto_only,predicted_error_lt_0.001,none,36864,36864,3.445295671140032e-06,0.004225348122417927,0.0,36864,0.9999999904070541,1.000000238418579,0.9999955892562866,0.03090381622314453,36864,2.779271906345255e-06,0.003159761428833008,0.0,36864,2.7033414013040647e-06,0.0031452500261366367,0.0,18432,13749,3665,8,0.00043402777777777775,0.0005818604989453779
test,veto_only,predicted_error_lt_0.001,veto_rows,36864,36864,3.445295671140032e-06,0.004225348122417927,0.0,36864,0.9999999904070541,1.000000238418579,0.9999955892562866,0.03090381622314453,36864,2.779271906345255e-06,0.003159761428833008,0.0,36864,2.7033414013040647e-06,0.0031452500261366367,0.0,18432,13749,3665,8,0.00043402777777777775,0.0005818604989453779
test,veto_only,predicted_error_lt_0.003,all_rows,36864,36864,3.889368745754927e-05,0.01747974567115307,0.0,36864,0.9999999583119966,1.000000238418579,0.9999358057975769,0.09897947311401367,36864,3.40776637636332e-05,0.019677460193634033,0.0,36864,2.9363786547715715e-05,0.012066986411809921,0.0,18432,13749,3665,41,0.002224392361111111,0.0029820350570950614
test,veto_only,predicted_error_lt_0.003,none,36864,36864,4.551070164136013e-05,0.01747974567115307,0.0,36864,0.9999999434900625,1.000000238418579,0.9998929500579834,0.09897947311401367,36864,3.745183898394721e-05,0.019677460193634033,0.0,36864,3.53240735182253e-05,0.014699629507958889,0.0,18432,13749,3665,43,0.0023328993055555555,0.003127500181831406
test,veto_only,predicted_error_lt_0.003,veto_rows,36864,36864,3.889368745754927e-05,0.01747974567115307,0.0,36864,0.9999999583119966,1.000000238418579,0.9999358057975769,0.09897947311401367,36864,3.40776637636332e-05,0.019677460193634033,0.0,36864,2.9363786547715715e-05,0.012066986411809921,0.0,18432,13749,3665,41,0.002224392361111111,0.0029820350570950614
test,veto_only,predicted_error_lt_0.01,all_rows,36864,36864,0.000475012920567251,0.0858568549156189,0.0,36864,0.9999981020341188,1.000000238418579,0.9967968463897705,0.23855257034301758,36864,0.0003997088173895867,0.05453813076019287,0.0,36864,0.0004427841293735979,0.08210474252700806,0.0,18432,13749,3665,175,0.009494357638888888,0.01272819841443014
test,veto_only,predicted_error_lt_0.01,none,36864,36864,0.000799157675333945,0.0858568549156189,0.0,36864,0.9999968664374642,1.000000238418579,0.9967968463897705,0.42928171157836914,36864,0.0006813442434779265,0.10022181272506714,0.0,36864,0.0007231313223993307,0.08210474252700806,0.0,18432,13749,3665,245,0.013292100694444444,0.017819477780202198
test,veto_only,predicted_error_lt_0.01,veto_rows,36864,36864,0.000475012920567251,0.0858568549156189,0.0,36864,0.9999981020341188,1.000000238418579,0.9967968463897705,0.23855257034301758,36864,0.0003997088173895867,0.05453813076019287,0.0,36864,0.0004427841293735979,0.08210474252700806,0.0,18432,13749,3665,175,0.009494357638888888,0.01272819841443014
test,veto_only,predicted_error_lt_0.03,all_rows,36864,36864,0.004595431652933518,0.15360961854457855,0.0,36864,0.9999518894425515,1.000000238418579,0.9892116189002991,0.7967839241027832,36864,0.005107689302854447,0.27302753925323486,0.0,36864,0.005019309457170048,0.264975905418396,0.0,18432,13749,3665,635,0.03445095486111111,0.04618517710378937
test,veto_only,predicted_error_lt_0.03,none,36864,36864,0.011732816116142982,0.27198633551597595,0.0,36864,0.9998260300150529,1.000000238418579,0.9774041175842285,1.421201229095459,36864,0.017361210607406165,0.3872542977333069,0.0,36864,0.01654963741256686,0.39527079463005066,0.0,18432,13749,3665,1238,0.0671657986111111,0.09004291221179722
test,veto_only,predicted_error_lt_0.03,veto_rows,36864,36864,0.004595431652933518,0.15360961854457855,0.0,36864,0.9999518894425515,1.000000238418579,0.9892116189002991,0.7967839241027832,36864,0.005107689302854447,0.27302753925323486,0.0,36864,0.005019309457170048,0.264975905418396,0.0,18432,13749,3665,635,0.03445095486111111,0.04618517710378937
test,veto_only,predicted_maxmass_lt_0.001,all_rows,36864,36864,4.608956030484038e-06,0.00499689718708396,0.0,36864,0.9999999895598093,1.000000238418579,0.9999875426292419,0.014132976531982422,36864,3.306164419175022e-06,0.002616286277770996,0.0,36864,3.6319903155721833e-06,0.005504446104168892,0.0,18432,13749,3665,9,0.00048828125,0.0006545930613135501
test,veto_only,predicted_maxmass_lt_0.001,none,36864,36864,4.608956030484038e-06,0.00499689718708396,0.0,36864,0.9999999895598093,1.000000238418579,0.9999875426292419,0.014132976531982422,36864,3.306164419175022e-06,0.002616286277770996,0.0,36864,3.6319903155721833e-06,0.005504446104168892,0.0,18432,13749,3665,9,0.00048828125,0.0006545930613135501
test,veto_only,predicted_maxmass_lt_0.001,veto_rows,36864,36864,4.608956030484038e-06,0.00499689718708396,0.0,36864,0.9999999895598093,1.000000238418579,0.9999875426292419,0.014132976531982422,36864,3.306164419175022e-06,0.002616286277770996,0.0,36864,3.6319903155721833e-06,0.005504446104168892,0.0,18432,13749,3665,9,0.00048828125,0.0006545930613135501
test,veto_only,predicted_maxmass_lt_0.003,all_rows,36864,36864,7.41224309615446e-05,0.03829309716820717,0.0,36864,0.9999998194479203,1.000000238418579,0.9992702007293701,0.0596623420715332,36864,5.1956563968107934e-05,0.01685279607772827,0.0,36864,6.691567377292608e-05,0.04074149578809738,0.0,18432,13749,3665,44,0.002387152777777778,0.003200232744199578
test,veto_only,predicted_maxmass_lt_0.003,none,36864,36864,9.320515942008327e-05,0.03829309716820717,0.0,36864,0.9999997816307263,1.000000238418579,0.9992702007293701,0.0596623420715332,36864,6.380941906374776e-05,0.01685279607772827,0.0,36864,8.539315151658495e-05,0.04074149578809738,0.0,18432,13749,3665,49,0.002658420138888889,0.0035638955560404395
test,veto_only,predicted_maxmass_lt_0.003,veto_rows,36864,36864,7.41224309615446e-05,0.03829309716820717,0.0,36864,0.9999998194479203,1.000000238418579,0.9992702007293701,0.0596623420715332,36864,5.1956563968107934e-05,0.01685279607772827,0.0,36864,6.691567377292608e-05,0.04074149578809738,0.0,18432,13749,3665,44,0.002387152777777778,0.003200232744199578
test,veto_only,predicted_maxmass_lt_0.01,all_rows,36864,36864,0.0008248313934932868,0.09336408972740173,0.0,36864,0.999995460670713,1.000000238418579,0.9959597587585449,0.23855257034301758,36864,0.0006518565205624327,0.09599870443344116,0.0,36864,0.0007952495681174971,0.11542221158742905,0.0,18432,13749,3665,222,0.012044270833333334,0.016146628845734236
test,veto_only,predicted_maxmass_lt_0.01,none,36864,36864,0.0014366835566992182,0.1074751615524292,0.0,36864,0.9999907978538735,1.000000238418579,0.9942837953567505,0.2759242057800293,36864,0.0011412457841086304,0.09599870443344116,0.0,36864,0.0013422330989910905,0.13399051129817963,0.0,18432,13749,3665,325,0.017632378472222224,0.023638082769655976
test,veto_only,predicted_maxmass_lt_0.01,veto_rows,36864,36864,0.0008248313934932868,0.09336408972740173,0.0,36864,0.999995460670713,1.000000238418579,0.9959597587585449,0.23855257034301758,36864,0.0006518565205624327,0.09599870443344116,0.0,36864,0.0007952495681174971,0.11542221158742905,0.0,18432,13749,3665,222,0.012044270833333334,0.016146628845734236
test,veto_only,predicted_maxmass_lt_0.03,all_rows,36864,36864,0.006342305588062748,0.3012809455394745,0.0,36864,0.9999074843249723,1.000000238418579,0.9562351703643799,0.46015357971191406,36864,0.006883187390889766,0.2515237331390381,0.0,36864,0.006952410536789609,0.2936641275882721,0.0,18432,13749,3665,759,0.041178385416666664,0.05520401483744272
test,veto_only,predicted_maxmass_lt_0.03,none,36864,36864,0.017065989990353882,0.31707707047462463,0.0,36864,0.9995623950008949,1.000000238418579,0.9486786723136902,0.533454418182373,36864,0.02887711407513254,0.48513609170913696,0.0,36864,0.028940478817229855,0.5297753214836121,0.0,18432,13749,3665,1559,0.08458116319444445,0.1133900647319805
test,veto_only,predicted_maxmass_lt_0.03,veto_rows,36864,36864,0.006342305588062748,0.3012809455394745,0.0,36864,0.9999074843249723,1.000000238418579,0.9562351703643799,0.46015357971191406,36864,0.006883187390889766,0.2515237331390381,0.0,36864,0.006952410536789609,0.2936641275882721,0.0,18432,13749,3665,759,0.041178385416666664,0.05520401483744272
