split,scope,method,rows,relative_output_error_count,relative_output_error_mean,relative_output_error_maximum,relative_output_error_minimum,row_cosine_count,row_cosine_mean,row_cosine_maximum,row_cosine_minimum,maximum_absolute_output_error,relative_denominator_error_count,relative_denominator_error_mean,relative_denominator_error_maximum,relative_denominator_error_minimum,relative_numerator_error_count,relative_numerator_error_mean,relative_numerator_error_maximum,relative_numerator_error_minimum
calibration,all_rows,exact_mass__exact_u,18432,18432,8.114843844032111e-08,3.752107886612066e-07,0.0,18432,0.9999999913593961,1.0000003576278687,0.9999997615814209,3.337860107421875e-06,18432,4.751685385902723e-08,1.9669532775878906e-06,0.0,18432,6.309440913800322e-08,6.810046215832699e-07,0.0
calibration,all_rows,exact_mass__kmeans_k_r1,18432,18432,0.08678165840826328,1.6244652271270752,0.0,18432,0.9857246299307008,1.0000003576278687,-0.04470594972372055,8.163187026977539,18432,4.751685385902723e-08,1.9669532775878906e-06,0.0,18432,0.08678165926465772,1.6244652271270752,0.0
calibration,all_rows,exact_mass__kmeans_k_r2,18432,18432,0.07612418932826971,1.6414836645126343,0.0,18432,0.9879267776203859,1.0000003576278687,-0.022792547941207886,7.25163459777832,18432,4.751685385902723e-08,1.9669532775878906e-06,0.0,18432,0.07612419007849872,1.6414837837219238,0.0
calibration,all_rows,exact_mass__kmeans_k_r4,18432,18432,0.06231063901552752,1.737808346748352,0.0,18432,0.9908343675312304,1.0000003576278687,-0.02726547047495842,7.42624044418335,18432,4.751685385902723e-08,1.9669532775878906e-06,0.0,18432,0.06231063930191887,1.7378082275390625,0.0
calibration,all_rows,exact_mass__kmeans_k_r8,18432,18432,0.053265556951368885,1.649078607559204,0.0,18432,0.9925178235628968,1.0000003576278687,-0.026630524545907974,8.42799186706543,18432,4.751685385902723e-08,1.9669532775878906e-06,0.0,18432,0.05326555709601824,1.649078607559204,0.0
calibration,all_rows,exact_mass__mean_v,18432,18432,0.08678165840826328,1.6244652271270752,0.0,18432,0.9857246299307008,1.0000003576278687,-0.04470594972372055,8.163187026977539,18432,4.751685385902723e-08,1.9669532775878906e-06,0.0,18432,0.08678165926465772,1.6244652271270752,0.0
calibration,all_rows,exact_mass__oracle_centroid_r1,18432,18432,0.07289926644568824,1.6279983520507812,0.0,18432,0.9872245291593976,1.0000003576278687,-0.10910136997699738,7.700406074523926,18432,4.751685385902723e-08,1.9669532775878906e-06,0.0,18432,0.07289926752901084,1.6279985904693604,0.0
calibration,all_rows,exact_mass__oracle_centroid_r2,18432,18432,0.05231424126886516,1.2410986423492432,0.0,18432,0.9935535228643049,1.0000003576278687,0.1864844560623169,7.423225402832031,18432,4.751685385902723e-08,1.9669532775878906e-06,0.0,18432,0.05231424179314353,1.2410986423492432,0.0
calibration,all_rows,exact_mass__oracle_centroid_r4,18432,18432,0.04049578653013498,1.1673041582107544,0.0,18432,0.9958503738614835,1.0000003576278687,0.32297664880752563,6.5222368240356445,18432,4.751685385902723e-08,1.9669532775878906e-06,0.0,18432,0.04049578690963221,1.1673041582107544,0.0
calibration,all_rows,exact_mass__oracle_centroid_r8,18432,18432,0.030895907509111316,0.9119049310684204,0.0,18432,0.9975161248391183,1.0000003576278687,0.5282182097434998,6.176802158355713,18432,4.751685385902723e-08,1.9669532775878906e-06,0.0,18432,0.030895907867938763,0.9119049310684204,0.0
calibration,all_rows,exact_mass__proxy_mean_q_r1,18432,18432,0.06842167630108754,1.387915015220642,0.0,18432,0.9900856424517568,1.0000003576278687,0.0729030966758728,7.908781051635742,18432,4.751685385902723e-08,1.9669532775878906e-06,0.0,18432,0.06842167710866491,1.387915015220642,0.0
calibration,all_rows,exact_mass__proxy_mean_q_r2,18432,18432,0.06402195370202948,1.3153960704803467,0.0,18432,0.9912591590659253,1.0000003576278687,0.1268816590309143,7.879144191741943,18432,4.751685385902723e-08,1.9669532775878906e-06,0.0,18432,0.06402195440405466,1.3153960704803467,0.0
calibration,all_rows,exact_mass__proxy_mean_q_r4,18432,18432,0.058500342409136374,1.2355877161026,0.0,18432,0.992596103057925,1.0000003576278687,0.11312076449394226,7.861883640289307,18432,4.751685385902723e-08,1.9669532775878906e-06,0.0,18432,0.05850034314765204,1.2355877161026,0.0
calibration,all_rows,exact_mass__proxy_mean_q_r8,18432,18432,0.051264144408748005,1.2102265357971191,0.0,18432,0.9943120089438808,1.0000003576278687,0.19011633098125458,7.257182598114014,18432,4.751685385902723e-08,1.9669532775878906e-06,0.0,18432,0.05126414506392278,1.2102265357971191,0.0
calibration,all_rows,exact_mass__proxy_mean_veto_q_r1,18432,18432,0.07174134124743671,1.66819429397583,0.0,18432,0.9911754356560576,1.0000003576278687,0.061200566589832306,8.380024909973145,18432,4.751685385902723e-08,1.9669532775878906e-06,0.0,18432,0.0717413419412958,1.6681944131851196,0.0
calibration,all_rows,exact_mass__proxy_mean_veto_q_r2,18432,18432,0.061583649194716816,1.0815632343292236,0.0,18432,0.9932772657561549,1.0000003576278687,0.078913114964962,8.451757431030273,18432,4.751685385902723e-08,1.9669532775878906e-06,0.0,18432,0.06158365002017431,1.0815633535385132,0.0
calibration,all_rows,exact_mass__proxy_mean_veto_q_r4,18432,18432,0.05306575034172726,1.0833404064178467,0.0,18432,0.9950151243635142,1.0000003576278687,0.08685292303562164,8.500353813171387,18432,4.751685385902723e-08,1.9669532775878906e-06,0.0,18432,0.05306575117502044,1.0833406448364258,0.0
calibration,all_rows,exact_mass__proxy_mean_veto_q_r8,18432,18432,0.04553869765258727,1.0794650316238403,0.0,18432,0.996201221125375,1.0000003576278687,0.07287368178367615,6.309755325317383,18432,4.751685385902723e-08,1.9669532775878906e-06,0.0,18432,0.04553869847905535,1.0794650316238403,0.0
calibration,all_rows,exact_mass__uniform_r1,18432,18432,0.08678165840826328,1.6244652271270752,0.0,18432,0.9857246299307008,1.0000003576278687,-0.04470594972372055,8.163187026977539,18432,4.751685385902723e-08,1.9669532775878906e-06,0.0,18432,0.08678165926465772,1.6244652271270752,0.0
calibration,all_rows,exact_mass__uniform_r2,18432,18432,0.08443859496573738,1.6485047340393066,0.0,18432,0.9863904817582605,1.0000003576278687,-0.029292196035385132,8.091072082519531,18432,4.751685385902723e-08,1.9669532775878906e-06,0.0,18432,0.08443859577243149,1.6485047340393066,0.0
calibration,all_rows,exact_mass__uniform_r4,18432,18432,0.0810231059462514,1.6191506385803223,0.0,18432,0.9873602593240017,1.0000003576278687,-0.005142789334058762,7.552332401275635,18432,4.751685385902723e-08,1.9669532775878906e-06,0.0,18432,0.08102310693617457,1.6191506385803223,0.0
calibration,all_rows,exact_mass__uniform_r8,18432,18432,0.07612648104910526,1.6531226634979248,0.0,18432,0.9886835533913351,1.0000003576278687,-0.010245084762573242,6.70156717300415,18432,4.751685385902723e-08,1.9669532775878906e-06,0.0,18432,0.076126481823545,1.6531226634979248,0.0
calibration,all_rows,exact_mass__zero_value,18432,18432,0.10734409014348523,0.9984717965126038,0.0,18432,0.9925164212537412,1.0000003576278687,0.15027642250061035,8.861069679260254,18432,4.751685385902723e-08,1.9669532775878906e-06,0.0,18432,0.10734409148779411,0.998471736907959,0.0
calibration,all_rows,kmeans_joint_r1,18432,18432,0.0854566043523235,2.321946620941162,0.0,18432,0.992645823789644,1.0000003576278687,0.15124401450157166,7.122439861297607,18432,0.0942275589461335,0.9911854863166809,0.0,18432,0.09427779554117614,0.9984549283981323,0.0
calibration,all_rows,kmeans_joint_r2,18432,18432,0.08239750520852446,2.30511736869812,0.0,18432,0.9929068537902721,1.0000003576278687,0.15213976800441742,6.692275524139404,18432,0.0863435689243488,0.9911497235298157,0.0,18432,0.08634783464041945,0.998443067073822,0.0
calibration,all_rows,kmeans_joint_r4,18432,18432,0.07678500376824478,2.2307872772216797,0.0,18432,0.9936712963042535,1.0000003576278687,0.17136330902576447,6.67241907119751,18432,0.07922604351188056,0.9909964799880981,0.0,18432,0.07887257526282354,0.9982086420059204,0.0
calibration,all_rows,kmeans_joint_r8,18432,18432,0.06820678264791796,2.045088529586792,0.0,18432,0.994669390420313,1.0000003576278687,0.19312617182731628,6.652214527130127,18432,0.07119202302096204,0.9908162951469421,0.0,18432,0.06994704394198924,0.9979416131973267,0.0
calibration,all_rows,kmeans_mass_r1__exact_u,18432,18432,0.07313680893840205,2.3119351863861084,0.0,18432,0.9945117087473692,1.0000003576278687,0.17139963805675507,7.121990203857422,18432,0.0942275589461335,0.9911854863166809,0.0,18432,0.08457109694410496,0.9982399940490723,0.0
calibration,all_rows,kmeans_mass_r2__exact_u,18432,18432,0.06831499136035078,2.208817958831787,0.0,18432,0.994953217354325,1.0000003576278687,0.17178918421268463,7.1115288734436035,18432,0.08374691740027629,0.9911231398582458,0.0,18432,0.07460692139744826,0.9982330799102783,0.0
calibration,all_rows,kmeans_mass_r4__exact_u,18432,18432,0.061416201542273036,2.020602226257324,0.0,18432,0.9956644196936395,1.0000003576278687,0.21850422024726868,7.117751121520996,18432,0.07473084384239176,0.9909569621086121,0.0,18432,0.0662907038661496,0.997694194316864,0.0
calibration,all_rows,kmeans_mass_r8__exact_u,18432,18432,0.05238353782915081,1.9413508176803589,0.0,18432,0.9966530773623768,1.0000003576278687,0.37213820219039917,6.389466762542725,18432,0.06577590120529446,0.9908974170684814,0.0,18432,0.058544135181662536,0.9935624003410339,0.0
calibration,all_rows,maximum_count_mass__exact_u,18432,18432,0.2655001164515957,2.985076665878296,0.0,18432,0.9330721932077116,1.0000003576278687,-0.033166512846946716,7.54195499420166,18432,2.7103877651388757,62.237548828125,0.0,18432,2.5222550713576957,62.43522262573242,0.0
calibration,all_rows,maximum_logit_mass__exact_u,18432,18432,0.0475153973743931,0.6484296917915344,0.0,18432,0.9981918040624199,1.0000003576278687,0.7639092206954956,1.3749325275421143,18432,0.07480700946891577,0.6669836044311523,0.0,18432,0.06792415092464235,0.7954790592193604,0.0
calibration,all_rows,mean_variance_mass__exact_u,18432,18432,0.06974506261446119,3.805887222290039,0.0,18432,0.9856339867095206,1.0000003576278687,-0.12758773565292358,8.18900203704834,18432,1.5137979925849423,6678.57958984375,0.0,18432,1.2562097960802385,4604.52099609375,0.0
calibration,all_rows,online_mass__uniform_r8,18432,18432,0.3509839732749566,2.9042916297912598,0.0,18432,0.8969355420037269,1.0000003576278687,-0.20810022950172424,8.793394088745117,18432,2.7103877651388757,62.237548828125,0.0,18432,2.1327270129486404,103.99457550048828,0.0
calibration,all_rows,uniform_joint_r1,18432,18432,0.0854566043523235,2.321946620941162,0.0,18432,0.992645823789644,1.0000003576278687,0.15124401450157166,7.122439861297607,18432,0.0942275589461335,0.9911854863166809,0.0,18432,0.09427779554117614,0.9984549283981323,0.0
calibration,all_rows,uniform_joint_r2,18432,18432,0.08339996371760527,2.3164305686950684,0.0,18432,0.9928723333101112,1.0000003576278687,0.1520981639623642,7.122418403625488,18432,0.09162007486641717,0.9911555051803589,0.0,18432,0.09237570987941211,0.998444139957428,0.0
calibration,all_rows,uniform_joint_r4,18432,18432,0.08071115071576204,2.3058550357818604,0.0,18432,0.9931457439977547,1.0000003576278687,0.15656381845474243,7.122368335723877,18432,0.08812730342227344,0.9911371469497681,0.0,18432,0.08982046732330715,0.9983892440795898,0.0
calibration,all_rows,uniform_joint_r8,18432,18432,0.07743506137131016,2.2828760147094727,0.0,18432,0.9935355164658782,1.0000003576278687,0.1574748307466507,7.121945858001709,18432,0.08355862907612593,0.9910728931427002,0.0,18432,0.08620384649758464,0.9983754754066467,0.0
calibration,veto_only,exact_mass__exact_u,18432,18432,0.0759193452958149,1.4304132461547852,0.0,18432,0.9957989292662306,1.0000003576278687,0.2891995310783386,3.1505630016326904,18432,0.10055177700835177,0.7714753746986389,0.0,18432,0.08787744678818392,0.9675370454788208,0.0
calibration,veto_only,exact_mass__kmeans_k_r1,18432,18432,0.09166971603267848,1.8223495483398438,0.0,18432,0.9904471942983137,1.0000003576278687,-0.030847258865833282,8.162148475646973,18432,0.10055177700835177,0.7714753746986389,0.0,18432,0.10365343908317343,1.4952678680419922,0.0
calibration,veto_only,exact_mass__kmeans_k_r2,18432,18432,0.09095811065820729,1.8921915292739868,0.0,18432,0.990708921331437,1.0000003576278687,-0.00947476550936699,7.235002517700195,18432,0.10055177700835177,0.7714753746986389,0.0,18432,0.10272183515716865,1.4871869087219238,0.0
calibration,veto_only,exact_mass__kmeans_k_r4,18432,18432,0.08975065312705634,1.9254875183105469,0.0,18432,0.9912172970786438,1.0000003576278687,-0.019644014537334442,7.5787577629089355,18432,0.10055177700835177,0.7714753746986389,0.0,18432,0.10152816484327642,1.5360990762710571,0.0
calibration,veto_only,exact_mass__kmeans_k_r8,18432,18432,0.08817888484025538,1.8662751913070679,0.0,18432,0.9918916767458339,1.0000003576278687,-0.021654296666383743,8.939170837402344,18432,0.10055177700835177,0.7714753746986389,0.0,18432,0.0998251211347376,1.550409197807312,0.0
calibration,veto_only,exact_mass__mean_v,18432,18432,0.09166971603267848,1.8223495483398438,0.0,18432,0.9904471942983137,1.0000003576278687,-0.030847258865833282,8.162148475646973,18432,0.10055177700835177,0.7714753746986389,0.0,18432,0.10365343908317343,1.4952678680419922,0.0
calibration,veto_only,exact_mass__oracle_centroid_r1,18432,18432,0.08924384041400267,1.4304132461547852,0.0,18432,0.9914254653485841,1.0000003576278687,0.13701437413692474,7.731398105621338,18432,0.10055177700835177,0.7714753746986389,0.0,18432,0.10166344190027497,1.279833436012268,0.0
calibration,veto_only,exact_mass__oracle_centroid_r2,18432,18432,0.08627306407265456,1.4606666564941406,0.0,18432,0.9925521014245331,1.0000003576278687,0.18452151119709015,7.462621688842773,18432,0.10055177700835177,0.7714753746986389,0.0,18432,0.0989812214018073,1.1881576776504517,0.0
calibration,veto_only,exact_mass__oracle_centroid_r4,18432,18432,0.08314643223191817,1.4304132461547852,0.0,18432,0.9937062311784959,1.0000003576278687,0.2891995310783386,6.666237831115723,18432,0.10055177700835177,0.7714753746986389,0.0,18432,0.09613385487676646,1.1238566637039185,0.0
calibration,veto_only,exact_mass__oracle_centroid_r8,18432,18432,0.08064929300042456,1.4304132461547852,0.0,18432,0.9945611219801422,1.0000003576278687,0.2891995310783386,6.232253551483154,18432,0.10055177700835177,0.7714753746986389,0.0,18432,0.09371845103029601,0.9675370454788208,0.0
calibration,veto_only,exact_mass__proxy_mean_q_r1,18432,18432,0.08920859289665566,1.4720319509506226,0.0,18432,0.9913172328694296,1.0000003576278687,0.07368321716785431,7.911907196044922,18432,0.10055177700835177,0.7714753746986389,0.0,18432,0.10166353279297294,1.3192816972732544,0.0
calibration,veto_only,exact_mass__proxy_mean_q_r2,18432,18432,0.08806022146124487,1.4304132461547852,0.0,18432,0.9918227759602208,1.0000003576278687,0.12748514115810394,7.869073867797852,18432,0.10055177700835177,0.7714753746986389,0.0,18432,0.1006053648080895,1.2559171915054321,0.0
calibration,veto_only,exact_mass__proxy_mean_q_r4,18432,18432,0.08668088022961123,1.4304132461547852,0.0,18432,0.9923475840866255,1.0000003576278687,0.11063483357429504,7.858722686767578,18432,0.10055177700835177,0.7714753746986389,0.0,18432,0.0993063279409004,1.1999633312225342,0.0
calibration,veto_only,exact_mass__proxy_mean_q_r8,18432,18432,0.0849001853669716,1.4304132461547852,0.0,18432,0.9931150001672601,1.0000003576278687,0.17978887259960175,7.326172828674316,18432,0.10055177700835177,0.7714753746986389,0.0,18432,0.09758168544344326,1.1745648384094238,0.0
calibration,veto_only,exact_mass__proxy_mean_veto_q_r1,18432,18432,0.08227657505343806,1.4304132461547852,0.0,18432,0.9936565833781464,1.0000003576278687,0.060649655759334564,8.452655792236328,18432,0.10055177700835177,0.7714753746986389,0.0,18432,0.09476773401783838,1.1127396821975708,0.0
calibration,veto_only,exact_mass__proxy_mean_veto_q_r2,18432,18432,0.08130974481357765,1.4304132461547852,0.0,18432,0.9940048848867364,1.0000003576278687,0.07270471751689911,8.532644271850586,18432,0.10055177700835177,0.7714753746986389,0.0,18432,0.0938998752280001,1.0669606924057007,0.0
calibration,veto_only,exact_mass__proxy_mean_veto_q_r4,18432,18432,0.08023471320990883,1.4304132461547852,0.0,18432,0.9944645418856655,1.0000003576278687,0.08679577708244324,8.810185432434082,18432,0.10055177700835177,0.7714753746986389,0.0,18432,0.09282729937942504,1.0832749605178833,0.0
calibration,veto_only,exact_mass__proxy_mean_veto_q_r8,18432,18432,0.07926707649228722,1.4304132461547852,0.0,18432,0.9948078967410967,1.0000003576278687,0.07028669118881226,7.31450080871582,18432,0.10055177700835177,0.7714753746986389,0.0,18432,0.09179612750971446,1.0797679424285889,0.0
calibration,veto_only,exact_mass__uniform_r1,18432,18432,0.09166971603267848,1.8223495483398438,0.0,18432,0.9904471942983137,1.0000003576278687,-0.030847258865833282,8.162148475646973,18432,0.10055177700835177,0.7714753746986389,0.0,18432,0.10365343908317343,1.4952678680419922,0.0
calibration,veto_only,exact_mass__uniform_r2,18432,18432,0.09133630170863657,1.8542855978012085,0.0,18432,0.9906205307809918,1.0000003576278687,-0.017826493829488754,8.091414451599121,18432,0.10055177700835177,0.7714753746986389,0.0,18432,0.10327021751674866,1.479254961013794,0.0
calibration,veto_only,exact_mass__uniform_r4,18432,18432,0.09079276378508104,1.8355834484100342,0.0,18432,0.9908941358841932,1.0000003576278687,-0.005992703139781952,7.545988082885742,18432,0.10055177700835177,0.7714753746986389,0.0,18432,0.10269149627600187,1.5104892253875732,0.0
calibration,veto_only,exact_mass__uniform_r8,18432,18432,0.08992321532410037,1.7879810333251953,0.0,18432,0.991293851817722,1.0000003576278687,-0.01250707358121872,6.746640205383301,18432,0.10055177700835177,0.7714753746986389,0.0,18432,0.10177816606884546,1.5095295906066895,0.0
calibration,veto_only,exact_mass__zero_value,18432,18432,0.09210268410252093,1.4304132461547852,0.0,18432,0.992516420733106,1.0000003576278687,0.15027643740177155,8.804347038269043,18432,0.10055177700835177,0.7714753746986389,0.0,18432,0.10734409083684854,0.998471736907959,0.0
calibration,veto_only,kmeans_joint_r1,18432,18432,0.09101201177328605,2.3883190155029297,0.0,18432,0.9927031785417866,1.0000003576278687,0.1511313021183014,7.122516632080078,18432,0.1174825898585065,0.9912488460540771,0.0,18432,0.10625534044759538,0.9984582662582397,0.0
calibration,veto_only,kmeans_joint_r2,18432,18432,0.09058248781731848,2.386836051940918,0.0,18432,0.9928512193421031,1.0000003576278687,0.15181994438171387,6.693206310272217,18432,0.11702895178071533,0.9912436008453369,0.0,18432,0.1057162453921317,0.9984504580497742,0.0
calibration,veto_only,kmeans_joint_r4,18432,18432,0.09004312820805153,2.3530709743499756,0.0,18432,0.9929775289767551,1.0000003576278687,0.16313007473945618,6.679399490356445,18432,0.11637233356789996,0.9911780953407288,0.0,18432,0.10502341059373238,0.998310923576355,0.0
calibration,veto_only,kmeans_joint_r8,18432,18432,0.08901773180077205,2.1548686027526855,0.0,18432,0.9932524267254242,1.0000003576278687,0.19399315118789673,6.683592796325684,18432,0.11541366212057053,0.9911685585975647,0.0,18432,0.10382170696157884,0.9979705214500427,0.0
calibration,veto_only,kmeans_mass_r1__exact_u,18432,18432,0.09011730653174126,2.3827316761016846,0.0,18432,0.9930809948628949,1.0000003576278687,0.1720418632030487,7.12227201461792,18432,0.1174825898585065,0.9912488460540771,0.0,18432,0.10562175341920849,0.9982368350028992,0.0
calibration,veto_only,kmeans_mass_r2__exact_u,18432,18432,0.0895127204270949,2.3366219997406006,0.0,18432,0.9932402792037465,1.0000003576278687,0.1724989414215088,7.111948013305664,18432,0.11695265055297771,0.9912352561950684,0.0,18432,0.10502228871487931,0.998231828212738,0.0
calibration,veto_only,kmeans_mass_r4__exact_u,18432,18432,0.08844716497856986,2.1551177501678467,0.0,18432,0.993539887832109,1.0000003576278687,0.22269724309444427,7.11857271194458,18432,0.11616273027741247,0.9912118315696716,0.0,18432,0.10411651443370129,0.9976791143417358,0.0
calibration,veto_only,kmeans_mass_r8__exact_u,18432,18432,0.08675156631871042,2.138035774230957,0.0,18432,0.9940427756131006,1.0000003576278687,0.2891995310783386,6.648343086242676,18432,0.1149596478304981,0.9911975264549255,0.0,18432,0.10274680582783466,0.9934301376342773,0.0
calibration,veto_only,maximum_count_mass__exact_u,18432,18432,0.1507260986298643,3.8684933185577393,0.0,18432,0.9703028762782601,1.0000003576278687,-0.09635438024997711,7.565690040588379,18432,0.8258191860125711,62.1235466003418,0.0,18432,1.0194894672165438,62.4022331237793,0.0
calibration,veto_only,maximum_logit_mass__exact_u,18432,18432,0.07860940378850313,1.4304132461547852,0.0,18432,0.9955253844624773,1.0000003576278687,0.2891995310783386,3.1505630016326904,18432,0.10651014235595034,0.7746012806892395,0.0,18432,0.09396029895195637,0.9675370454788208,0.0
calibration,veto_only,mean_variance_mass__exact_u,18432,18432,0.08438947489594145,2.4921813011169434,0.0,18432,0.9938030590985565,1.0000003576278687,0.17163509130477905,8.346908569335938,18432,0.2450456504787629,908.6820678710938,0.0,18432,0.2599684866744245,948.6845092773438,0.0
calibration,veto_only,online_mass__uniform_r8,18432,18432,0.15448249723602608,3.041435956954956,0.0,18432,0.9621436393243938,1.0000003576278687,-0.1216278076171875,7.522431373596191,18432,0.8258191860125711,62.1235466003418,0.0,18432,0.7643907741520949,82.13713073730469,0.0
calibration,veto_only,uniform_joint_r1,18432,18432,0.09101201177328605,2.3883190155029297,0.0,18432,0.9927031785417866,1.0000003576278687,0.1511313021183014,7.122516632080078,18432,0.1174825898585065,0.9912488460540771,0.0,18432,0.10625534044759538,0.9984582662582397,0.0
calibration,veto_only,uniform_joint_r2,18432,18432,0.09074974771615787,2.387730836868286,0.0,18432,0.9927739341647894,1.0000003576278687,0.15204505622386932,7.122514724731445,18432,0.11718598460882074,0.9912452697753906,0.0,18432,0.1060023331730871,0.9984467625617981,0.0
calibration,veto_only,uniform_joint_r4,18432,18432,0.09038470648295426,2.3870534896850586,0.0,18432,0.9928586120796454,1.0000003576278687,0.15643517673015594,7.12250280380249,18432,0.11680695941645859,0.9912415742874146,0.0,18432,0.10569339268449424,0.9983935952186584,0.0
calibration,veto_only,uniform_joint_r8,18432,18432,0.08986532567999106,2.3852694034576416,0.0,18432,0.9930088922992582,1.0000003576278687,0.15734261274337769,7.12230110168457,18432,0.11624536264894737,0.9912199974060059,0.0,18432,0.10517201990341096,0.998380720615387,0.0
test,all_rows,calibrated_maximum_logit_count_mass__exact_u,36864,36864,0.03449959061537209,0.5678866505622864,0.0,36864,0.9985532026912551,1.000000238418579,0.8800587058067322,1.847981333732605,36864,0.058590666827512905,1.5752232074737549,0.0,36864,0.06292764725954046,1.576015830039978,0.0
test,all_rows,calibrated_maximum_logit_count_mass__proxy_mean_q_r8,36864,36864,0.05518531659270679,1.3686494827270508,0.0,36864,0.9945597768366699,1.000000238418579,0.08801957964897156,7.766604423522949,36864,0.058590666827512905,1.5752232074737549,0.0,36864,0.07170091811985542,2.206374406814575,0.0
test,all_rows,calibrated_maximum_logit_mass__exact_u,36864,36864,0.0344995892259882,0.5678866505622864,0.0,36864,0.9985532027672485,1.000000238418579,0.8800586462020874,1.847981333732605,36864,0.05859066039071573,1.5752232074737549,0.0,36864,0.06292763987569187,1.576015830039978,0.0
test,all_rows,calibrated_maximum_logit_mass__proxy_mean_q_r8,36864,36864,0.05518531531224288,1.3686494827270508,0.0,36864,0.9945597771483234,1.000000238418579,0.08801957964897156,7.766604423522949,36864,0.05859066039071573,1.5752232074737549,0.0,36864,0.07170091538009468,2.206374168395996,0.0
test,all_rows,calibrated_mean_variance_mass__exact_u,36864,36864,0.06976885960709708,3.5654454231262207,0.0,36864,0.9877481608523845,1.000000238418579,-0.12869539856910706,6.892889976501465,36864,1.0179513150683812,10139.6474609375,0.0,36864,1.0604619323701712,12226.34375,0.0
test,all_rows,calibrated_mean_variance_mass__proxy_mean_q_r8,36864,36864,0.09427114495259112,2.0012094974517822,0.0,36864,0.9850616746771266,1.000000238418579,0.05907394737005234,7.390224456787109,36864,1.0179513150683812,10139.6474609375,0.0,36864,0.7523730160684767,8022.931640625,0.0
test,all_rows,exact_mass__exact_u,36864,36864,7.933671141152871e-08,3.390756830867758e-07,0.0,36864,0.9999999905978458,1.000000238418579,0.9999997019767761,3.337860107421875e-06,36864,4.498158685035176e-08,1.9669532775878906e-06,0.0,36864,6.149343452058603e-08,8.696891313775268e-07,0.0
test,all_rows,exact_mass__kmeans_k_r1,36864,36864,0.07976105012965011,1.8625173568725586,0.0,36864,0.9873034244566143,1.000000238418579,-0.11050310730934143,8.676549911499023,36864,4.498158685035176e-08,1.9669532775878906e-06,0.0,36864,0.07976105125464578,1.862517237663269,0.0
test,all_rows,exact_mass__kmeans_k_r2,36864,36864,0.0705753298127221,1.8877496719360352,0.0,36864,0.9893038808779946,1.000000238418579,-0.12326990067958832,7.384983062744141,36864,4.498158685035176e-08,1.9669532775878906e-06,0.0,36864,0.07057533057950974,1.8877497911453247,0.0
test,all_rows,exact_mass__kmeans_k_r4,36864,36864,0.056948871109925275,2.001845121383667,0.0,36864,0.9921646000493638,1.000000238418579,-0.0651325136423111,6.4473371505737305,36864,4.498158685035176e-08,1.9669532775878906e-06,0.0,36864,0.05694887147901589,2.001845121383667,0.0
test,all_rows,exact_mass__kmeans_k_r8,36864,36864,0.0483853756324626,1.8028548955917358,0.0,36864,0.9937317860354192,1.000000238418579,0.008958525955677032,6.24476432800293,36864,4.498158685035176e-08,1.9669532775878906e-06,0.0,36864,0.04838537588236747,1.8028550148010254,0.0
test,all_rows,exact_mass__mean_v,36864,36864,0.07976105012965011,1.8625173568725586,0.0,36864,0.9873034244566143,1.000000238418579,-0.11050310730934143,8.676549911499023,36864,4.498158685035176e-08,1.9669532775878906e-06,0.0,36864,0.07976105125464578,1.862517237663269,0.0
test,all_rows,exact_mass__oracle_centroid_r1,36864,36864,0.06391940724121944,1.4984859228134155,0.0,36864,0.9908184464628802,1.000000238418579,0.15046356618404388,8.289828300476074,36864,4.498158685035176e-08,1.9669532775878906e-06,0.0,36864,0.06391940856284978,1.498486042022705,0.0
test,all_rows,exact_mass__oracle_centroid_r2,36864,36864,0.0450207580197525,1.4443325996398926,0.0,36864,0.9951229427869193,1.000000238418579,0.14222849905490875,8.148153305053711,36864,4.498158685035176e-08,1.9669532775878906e-06,0.0,36864,0.045020758659137614,1.4443327188491821,0.0
test,all_rows,exact_mass__oracle_centroid_r4,36864,36864,0.03467082342333717,1.2191697359085083,0.0,36864,0.9969407230847638,1.000000238418579,0.22572945058345795,7.4822773933410645,36864,4.498158685035176e-08,1.9669532775878906e-06,0.0,36864,0.03467082375893893,1.2191694974899292,0.0
test,all_rows,exact_mass__oracle_centroid_r8,36864,36864,0.026201238390160628,0.8845905661582947,0.0,36864,0.9982127967814449,1.000000238418579,0.4722995162010193,6.199660778045654,36864,4.498158685035176e-08,1.9669532775878906e-06,0.0,36864,0.026201238732572067,0.8845906257629395,0.0
test,all_rows,exact_mass__proxy_mean_q_r1,36864,36864,0.05906993005478586,1.432891845703125,0.0,36864,0.9927472001771902,1.000000238418579,-0.012482523918151855,8.678445816040039,36864,4.498158685035176e-08,1.9669532775878906e-06,0.0,36864,0.05906993088335974,1.4328919649124146,0.0
test,all_rows,exact_mass__proxy_mean_q_r2,36864,36864,0.05532602482979254,1.334902286529541,0.0,36864,0.9936043784762458,1.000000238418579,-0.008014976978302002,9.102919578552246,36864,4.498158685035176e-08,1.9669532775878906e-06,0.0,36864,0.05532602574798057,1.334902286529541,0.0
test,all_rows,exact_mass__proxy_mean_q_r4,36864,36864,0.05054609114209422,1.2584953308105469,0.0,36864,0.9946457907776171,1.000000238418579,-0.0024849548935890198,8.462215423583984,36864,4.498158685035176e-08,1.9669532775878906e-06,0.0,36864,0.05054609190642973,1.2584952116012573,0.0
test,all_rows,exact_mass__proxy_mean_q_r8,36864,36864,0.044402134941242226,1.1449271440505981,0.0,36864,0.9957929343355418,1.000000238418579,0.09204325079917908,7.711560249328613,36864,4.498158685035176e-08,1.9669532775878906e-06,0.0,36864,0.04440213556371069,1.1449270248413086,0.0
test,all_rows,exact_mass__proxy_mean_veto_q_r1,36864,36864,0.06602578523284444,1.7797640562057495,0.0,36864,0.9924840320852835,1.000000238418579,-0.014444179832935333,8.412698745727539,36864,4.498158685035176e-08,1.9669532775878906e-06,0.0,36864,0.06602578602602566,1.7797638177871704,0.0
test,all_rows,exact_mass__proxy_mean_veto_q_r2,36864,36864,0.05635243122452918,1.6098086833953857,0.0,36864,0.994533532394093,1.000000238418579,-0.050011321902275085,7.819549560546875,36864,4.498158685035176e-08,1.9669532775878906e-06,0.0,36864,0.056352432012805646,1.6098085641860962,0.0
test,all_rows,exact_mass__proxy_mean_veto_q_r4,36864,36864,0.04918599453125901,1.310471773147583,0.0,36864,0.9958739269786747,1.000000238418579,0.046809688210487366,7.340148448944092,36864,4.498158685035176e-08,1.9669532775878906e-06,0.0,36864,0.04918599525583344,1.310472011566162,0.0
test,all_rows,exact_mass__proxy_mean_veto_q_r8,36864,36864,0.04202185940783116,1.0886188745498657,0.0,36864,0.9969104641071075,1.000000238418579,0.036256685853004456,7.189416885375977,36864,4.498158685035176e-08,1.9669532775878906e-06,0.0,36864,0.0420218600413554,1.0886187553405762,0.0
test,all_rows,exact_mass__uniform_r1,36864,36864,0.07976105012965011,1.8625173568725586,0.0,36864,0.9873034244566143,1.000000238418579,-0.11050310730934143,8.676549911499023,36864,4.498158685035176e-08,1.9669532775878906e-06,0.0,36864,0.07976105125464578,1.862517237663269,0.0
test,all_rows,exact_mass__uniform_r2,36864,36864,0.07750939602871763,1.821354627609253,0.0,36864,0.9879608697711875,1.000000238418579,-0.10966455191373825,8.773614883422852,36864,4.498158685035176e-08,1.9669532775878906e-06,0.0,36864,0.0775093971562866,1.821354627609253,0.0
test,all_rows,exact_mass__uniform_r4,36864,36864,0.0744823131181682,1.8757904767990112,0.0,36864,0.9888344751749779,1.000000238418579,-0.10250438004732132,7.689229965209961,36864,4.498158685035176e-08,1.9669532775878906e-06,0.0,36864,0.07448231411047476,1.8757905960083008,0.0
test,all_rows,exact_mass__uniform_r8,36864,36864,0.06962065528009714,1.9354758262634277,0.0,36864,0.9900857165686021,1.000000238418579,-0.07445908337831497,6.602139472961426,36864,4.498158685035176e-08,1.9669532775878906e-06,0.0,36864,0.0696206561404855,1.9354758262634277,0.0
test,all_rows,exact_mass__zero_value,36864,36864,0.09864082030300608,1.002517819404602,0.0,36864,0.9936403965948557,1.000000238418579,0.058581843972206116,8.671954154968262,36864,4.498158685035176e-08,1.9669532775878906e-06,0.0,36864,0.09864082164876825,1.002517819404602,0.0
test,all_rows,kmeans_joint_r1,36864,36864,0.07580209944736291,2.8880767822265625,0.0,36864,0.9938214267112926,1.000000238418579,0.06939535588026047,7.018345355987549,36864,0.08417454528292485,0.9995254278182983,0.0,36864,0.08514203975672165,1.0012685060501099,0.0
test,all_rows,kmeans_joint_r2,36864,36864,0.07345910085983849,2.8776400089263916,0.0,36864,0.993946705889458,1.000000238418579,0.14191681146621704,6.753312587738037,36864,0.07720130413589585,0.9994396567344666,0.0,36864,0.07841818746038873,0.9998661279678345,0.0
test,all_rows,kmeans_joint_r4,36864,36864,0.06776855754043733,2.807640552520752,0.0,36864,0.9947604946622354,1.000000238418579,0.1404740959405899,6.740318298339844,36864,0.07083805705446543,0.9993925094604492,0.0,36864,0.07130770818993512,0.9998177886009216,0.0
test,all_rows,kmeans_joint_r8,36864,36864,0.06029943057439883,2.4982964992523193,0.0,36864,0.9956802436528152,1.000000238418579,0.14843419194221497,6.032046318054199,36864,0.06350454872234776,0.9993848204612732,0.0,36864,0.06332332921375482,0.9998096823692322,0.0
test,all_rows,kmeans_mass_r1__exact_u,36864,36864,0.06437635900906064,2.8783931732177734,0.0,36864,0.9954826915616448,1.000000238418579,0.14569608867168427,7.02675199508667,36864,0.08417454528292485,0.9995254278182983,0.0,36864,0.07597861804856773,0.999875545501709,0.0
test,all_rows,kmeans_mass_r2__exact_u,36864,36864,0.05959576405240884,2.8496923446655273,0.0,36864,0.995912084678922,1.000000238418579,0.14711987972259521,5.825092315673828,36864,0.07486106724374825,0.9994011521339417,0.0,36864,0.06707389737042006,0.9998114109039307,0.0
test,all_rows,kmeans_mass_r4__exact_u,36864,36864,0.053456110146296504,2.548466205596924,0.0,36864,0.9964975085050456,1.000000238418579,0.16941387951374054,5.547149658203125,36864,0.06637196696505675,0.9993910789489746,0.0,36864,0.05920076314827724,0.9998078346252441,0.0
test,all_rows,kmeans_mass_r8__exact_u,36864,36864,0.04562502851815978,2.219271183013916,0.0,36864,0.9972439100383781,1.000000238418579,0.19666358828544617,4.916363716125488,36864,0.0578578711995053,0.9993399381637573,0.0,36864,0.051903842314635025,0.9997583627700806,0.0
test,all_rows,maximum_count_mass__exact_u,36864,36864,0.26342801152202155,2.8030529022216797,0.0,36864,0.9347863581174857,1.000000238418579,0.034966133534908295,6.42444372177124,36864,2.3539544637153287,62.95722961425781,0.0,36864,2.2030840193255647,62.98683547973633,0.0
test,all_rows,maximum_logit_mass__exact_u,36864,36864,0.045520124610941806,0.6041452884674072,0.0,36864,0.9983165354626382,1.000000238418579,0.8068164587020874,1.583709716796875,36864,0.07023056442590637,0.7623237371444702,0.0,36864,0.06441186075914423,0.7808182835578918,0.0
test,all_rows,mean_variance_mass__exact_u,36864,36864,0.05972277630004957,3.402860164642334,0.0,36864,0.9895933902570404,1.000000238418579,-0.11692626029253006,6.848661422729492,36864,0.8257606356718397,8328.3056640625,0.0,36864,0.8635115045014515,10042.2451171875,0.0
test,all_rows,online_mass__uniform_r8,36864,36864,0.35209623342112056,3.2846157550811768,0.0,36864,0.8969183198799379,1.000000238418579,-0.2458573877811432,7.829258918762207,36864,2.3539544637153287,62.95722961425781,0.0,36864,2.033157439961436,123.73015594482422,0.0
test,all_rows,uniform_joint_r1,36864,36864,0.07580209944736291,2.8880767822265625,0.0,36864,0.9938214267112926,1.000000238418579,0.06939535588026047,7.018345355987549,36864,0.08417454528292485,0.9995254278182983,0.0,36864,0.08514203975672165,1.0012685060501099,0.0
test,all_rows,uniform_joint_r2,36864,36864,0.0738644282212822,2.8819243907928467,0.0,36864,0.9940044212067328,1.000000238418579,0.07523525506258011,6.982436180114746,36864,0.08164526786357681,0.9995045065879822,0.0,36864,0.08331758670566033,1.0004217624664307,0.0
test,all_rows,uniform_joint_r4,36864,36864,0.07137057291413007,2.864516019821167,0.0,36864,0.9942409160119294,1.000000238418579,0.07859921455383301,6.605386257171631,36864,0.0783624704700843,0.9993942975997925,0.0,36864,0.08084900391745249,0.9999850392341614,0.0
test,all_rows,uniform_joint_r8,36864,36864,0.0682604888765348,2.844987630844116,0.0,36864,0.9945423751325708,1.000000238418579,0.09323480725288391,6.836402893066406,36864,0.07405753636946126,0.9993820190429688,0.0,36864,0.07736631976130903,0.999812662601471,0.0
test,veto_only,calibrated_maximum_logit_count_mass__exact_u,36864,36864,0.07272246117691379,1.5409868955612183,0.0,36864,0.9956016947875873,1.000000238418579,0.47400858998298645,4.523809432983398,36864,0.09447749681162855,1.5748891830444336,0.0,36864,0.08997493791261552,1.5759389400482178,0.0
test,veto_only,calibrated_maximum_logit_count_mass__proxy_mean_q_r8,36864,36864,0.07864045402277446,1.5437299013137817,0.0,36864,0.9933017632425213,1.000000238418579,0.08802162110805511,7.770138740539551,36864,0.09447749681162855,1.5748891830444336,0.0,36864,0.09265346983436686,1.8464531898498535,0.0
test,veto_only,calibrated_maximum_logit_mass__exact_u,36864,36864,0.07272246050354236,1.5409868955612183,0.0,36864,0.9956016949840382,1.000000238418579,0.4740086793899536,4.523809432983398,36864,0.0944774931138252,1.5748891830444336,0.0,36864,0.08997493300721478,1.5759389400482178,0.0
test,veto_only,calibrated_maximum_logit_mass__proxy_mean_q_r8,36864,36864,0.07864045333010779,1.5437299013137817,0.0,36864,0.9933017635295174,1.000000238418579,0.08802162110805511,7.770138740539551,36864,0.0944774931138252,1.5748891830444336,0.0,36864,0.09265346832180926,1.8464531898498535,0.0
test,veto_only,calibrated_mean_variance_mass__exact_u,36864,36864,0.07658083970777632,3.2849667072296143,0.0,36864,0.9944751626147385,1.000000238418579,-0.1065840870141983,6.149831771850586,36864,0.33508222711356617,6467.6337890625,0.0,36864,0.4274052472001032,9260.45703125,0.0
test,veto_only,calibrated_mean_variance_mass__proxy_mean_q_r8,36864,36864,0.07982582193412435,1.6142348051071167,0.0,36864,0.993256420565457,1.000000238418579,0.05841115862131119,7.393122673034668,36864,0.33508222711356617,6467.6337890625,0.0,36864,0.2851372793831391,5048.9326171875,0.0
test,veto_only,exact_mass__exact_u,36864,36864,0.06990003363937536,1.5409868955612183,0.0,36864,0.996167054734542,1.000000238418579,0.48540323972702026,4.523809432983398,36864,0.09321767577785067,0.8012035489082336,0.0,36864,0.08264080791462768,0.9364968538284302,0.0
test,veto_only,exact_mass__kmeans_k_r1,36864,36864,0.082530570993983,2.0425515174865723,0.0,36864,0.9921208991571702,1.000000238418579,-0.09329204261302948,8.687899589538574,36864,0.09321767577785067,0.8012035489082336,0.0,36864,0.09494904730355885,1.699266791343689,0.0
test,veto_only,exact_mass__kmeans_k_r2,36864,36864,0.08173811584009234,2.0655839443206787,0.0,36864,0.9924101244316463,1.000000238418579,-0.11175456643104553,7.382828712463379,36864,0.09321767577785067,0.8012035489082336,0.0,36864,0.09400679348322258,1.721402645111084,0.0
test,veto_only,exact_mass__kmeans_k_r4,36864,36864,0.08074598927988934,2.0385942459106445,0.0,36864,0.9928156236304252,1.000000238418579,-0.044958945363759995,6.432948589324951,36864,0.09321767577785067,0.8012035489082336,0.0,36864,0.0929351987152344,1.6939512491226196,0.0
test,veto_only,exact_mass__kmeans_k_r8,36864,36864,0.07949891162655663,2.0975167751312256,0.0,36864,0.9932960611819605,1.000000238418579,0.02701873704791069,6.244795799255371,36864,0.09321767577785067,0.8012035489082336,0.0,36864,0.09164995934807954,1.6107072830200195,0.0
test,veto_only,exact_mass__mean_v,36864,36864,0.082530570993983,2.0425515174865723,0.0,36864,0.9921208991571702,1.000000238418579,-0.09329204261302948,8.687899589538574,36864,0.09321767577785067,0.8012035489082336,0.0,36864,0.09494904730355885,1.699266791343689,0.0
test,veto_only,exact_mass__oracle_centroid_r1,36864,36864,0.08017456319768823,1.6430084705352783,0.0,36864,0.993119972432194,1.000000238418579,0.13162924349308014,8.294256210327148,36864,0.09321767577785067,0.8012035489082336,0.0,36864,0.09321009470555275,1.395215630531311,0.0
test,veto_only,exact_mass__oracle_centroid_r2,36864,36864,0.07772201191828113,1.5836979150772095,0.0,36864,0.9939281177408298,1.000000238418579,0.10487807542085648,8.152115821838379,36864,0.09321767577785067,0.8012035489082336,0.0,36864,0.09096315987863751,1.360122561454773,0.0
test,veto_only,exact_mass__oracle_centroid_r4,36864,36864,0.07540882669377075,1.5409868955612183,0.0,36864,0.9947059086262016,1.000000238418579,0.22554197907447815,7.480861663818359,36864,0.09321767577785067,0.8012035489082336,0.0,36864,0.08883841775824487,1.1646870374679565,0.0
test,veto_only,exact_mass__oracle_centroid_r8,36864,36864,0.07324559720253171,1.5409868955612183,0.0,36864,0.9953806318598153,1.000000238418579,0.45452678203582764,6.197643280029297,36864,0.09321767577785067,0.8012035489082336,0.0,36864,0.08682536469590113,0.9364968538284302,0.0
test,veto_only,exact_mass__proxy_mean_q_r1,36864,36864,0.08013827819956637,1.5692484378814697,0.0,36864,0.9930215242258984,1.000000238418579,-0.013905152678489685,8.683953285217285,36864,0.09321767577785067,0.8012035489082336,0.0,36864,0.0931119171419883,1.339841365814209,0.0
test,veto_only,exact_mass__proxy_mean_q_r2,36864,36864,0.07927167151231422,1.5409868955612183,0.0,36864,0.9933668750418292,1.000000238418579,-0.00803278386592865,9.113914489746094,36864,0.09321767577785067,0.8012035489082336,0.0,36864,0.09233452250775741,1.1992735862731934,0.0
test,veto_only,exact_mass__proxy_mean_q_r4,36864,36864,0.07814021543138486,1.5409868955612183,0.0,36864,0.9938285492405865,1.000000238418579,-0.0024923980236053467,8.468890190124512,36864,0.09321767577785067,0.8012035489082336,0.0,36864,0.09127081997096304,1.0871236324310303,0.0
test,veto_only,exact_mass__proxy_mean_q_r8,36864,36864,0.07669429321597249,1.5409868955612183,0.0,36864,0.9943399584303229,1.000000238418579,0.09204551577568054,7.7146430015563965,36864,0.09321767577785067,0.8012035489082336,0.0,36864,0.08993446700614918,1.063741683959961,0.0
test,veto_only,exact_mass__proxy_mean_veto_q_r1,36864,36864,0.07522888778615647,1.5449910163879395,0.0,36864,0.9945787166175756,1.000000238418579,-0.014530569314956665,8.41378116607666,36864,0.09321767577785067,0.8012035489082336,0.0,36864,0.08815309401742871,1.3350622653961182,0.0
test,veto_only,exact_mass__proxy_mean_veto_q_r2,36864,36864,0.07439004528563403,1.5409868955612183,0.0,36864,0.9949029586271839,1.000000238418579,-0.0501779243350029,7.820278644561768,36864,0.09321767577785067,0.8012035489082336,0.0,36864,0.08745777090528355,1.3213251829147339,0.0
test,veto_only,exact_mass__proxy_mean_veto_q_r4,36864,36864,0.07363290051677812,1.7620861530303955,0.0,36864,0.9951348828286023,1.000000238418579,0.04661814868450165,7.340677261352539,36864,0.09321767577785067,0.8012035489082336,0.0,36864,0.08674823841386482,1.4014530181884766,0.0
test,veto_only,exact_mass__proxy_mean_veto_q_r8,36864,36864,0.07279620022178095,1.5409868955612183,0.0,36864,0.9954085120714606,1.000000238418579,0.036075323820114136,7.189847469329834,36864,0.09321767577785067,0.8012035489082336,0.0,36864,0.08594746097997676,1.088673710823059,0.0
test,veto_only,exact_mass__uniform_r1,36864,36864,0.082530570993983,2.0425515174865723,0.0,36864,0.9921208991571702,1.000000238418579,-0.09329204261302948,8.687899589538574,36864,0.09321767577785067,0.8012035489082336,0.0,36864,0.09494904730355885,1.699266791343689,0.0
test,veto_only,exact_mass__uniform_r2,36864,36864,0.08222705764691304,1.9875932931900024,0.0,36864,0.9922574174411743,1.000000238418579,-0.09320399165153503,8.787308692932129,36864,0.09321767577785067,0.8012035489082336,0.0,36864,0.09459801088094719,1.659522294998169,0.0
test,veto_only,exact_mass__uniform_r4,36864,36864,0.08180346903958331,1.9727119207382202,0.0,36864,0.9924689770288952,1.000000238418579,-0.08374510705471039,7.690946102142334,36864,0.09321767577785067,0.8012035489082336,0.0,36864,0.09411622936509294,1.623877763748169,0.0
test,veto_only,exact_mass__uniform_r8,36864,36864,0.08116509891067884,1.98797607421875,0.0,36864,0.9927547682517697,1.000000238418579,-0.06064482033252716,6.602181434631348,36864,0.09321767577785067,0.8012035489082336,0.0,36864,0.09340463026346944,1.615394949913025,0.0
test,veto_only,exact_mass__zero_value,36864,36864,0.08316369917012982,1.5409868955612183,0.0,36864,0.9936403965708046,1.000000238418579,0.05858185142278671,8.670863151550293,36864,0.09321767577785067,0.8012035489082336,0.0,36864,0.09864082110314723,1.002517819404602,0.0
test,veto_only,kmeans_joint_r1,36864,36864,0.08196483348318734,2.927994966506958,0.0,36864,0.9937954724860497,1.000000238418579,0.06953296810388565,7.111977577209473,36864,0.1072083432550749,0.9995613098144531,0.0,36864,0.09753587337980103,1.0012435913085938,0.0
test,veto_only,kmeans_joint_r2,36864,36864,0.08160092582016316,2.9262752532958984,0.0,36864,0.9939161668989982,1.000000238418579,0.14224420487880707,6.852046489715576,36864,0.10672963093707545,0.9994981288909912,0.0,36864,0.0969829341520621,0.9998763203620911,0.0
test,veto_only,kmeans_joint_r4,36864,36864,0.08107524623034262,2.911560535430908,0.0,36864,0.9940465898224728,1.000000238418579,0.13757506012916565,6.770206451416016,36864,0.10615342742595305,0.9993965029716492,0.0,36864,0.09634465261710806,0.9998480677604675,0.0
test,veto_only,kmeans_joint_r8,36864,36864,0.08034965276409627,2.8084123134613037,0.0,36864,0.9942548971230281,1.000000238418579,0.14723986387252808,5.937179088592529,36864,0.10534080529436728,0.9993894696235657,0.0,36864,0.09548290472095126,0.9998102188110352,0.0
test,veto_only,kmeans_mass_r1__exact_u,36864,36864,0.08125995364003538,2.923454523086548,0.0,36864,0.9940701523207989,1.000000238418579,0.14406946301460266,7.063124656677246,36864,0.1072083432550749,0.9995613098144531,0.0,36864,0.09702501879716066,0.9998815655708313,0.0
test,veto_only,kmeans_mass_r2__exact_u,36864,36864,0.08064262513706472,2.9151062965393066,0.0,36864,0.9942296872921159,1.000000238418579,0.14468522369861603,5.75925874710083,36864,0.1066423190075309,0.999454140663147,0.0,36864,0.09641447204780136,0.9998120069503784,0.0
test,veto_only,kmeans_mass_r4__exact_u,36864,36864,0.07978909669990834,2.7865524291992188,0.0,36864,0.9944669197603717,1.000000238418579,0.16071714460849762,5.1664228439331055,36864,0.10591986259937079,0.9993953704833984,0.0,36864,0.09562908666857241,0.9998086094856262,0.0
test,veto_only,kmeans_mass_r8__exact_u,36864,36864,0.07856096415258336,2.6704607009887695,0.0,36864,0.9947520202893227,1.000000238418579,0.16791360080242157,5.141673564910889,36864,0.10486552828903466,0.9993463754653931,0.0,36864,0.09452490689781427,0.9997595548629761,0.0
test,veto_only,maximum_count_mass__exact_u,36864,36864,0.1416432900839682,4.2341814041137695,0.0,36864,0.9724202069385987,1.000000238418579,0.008477918803691864,8.37745475769043,36864,0.6624969059549686,62.949058532714844,0.0,36864,0.8300107008009406,62.98492431640625,0.0
test,veto_only,maximum_logit_mass__exact_u,36864,36864,0.07245209716113524,1.5409868955612183,0.0,36864,0.995951006132398,1.000000238418579,0.48540323972702026,4.523809432983398,36864,0.09870825685114444,0.8304507732391357,0.0,36864,0.0880476953789738,0.9364968538284302,0.0
test,veto_only,mean_variance_mass__exact_u,36864,36864,0.07641510964085173,3.2782249450683594,0.0,36864,0.9946292485001322,1.000000238418579,-0.10630056262016296,6.149631977081299,36864,0.293094915895684,5312.2451171875,0.0,36864,0.3666975342720107,7606.1767578125,0.0
test,veto_only,online_mass__uniform_r8,36864,36864,0.14535453005613647,4.0024261474609375,0.0,36864,0.9661385234986332,1.000000238418579,-0.16200010478496552,7.868127822875977,36864,0.6624969059549686,62.949058532714844,0.0,36864,0.6519148019448724,79.8221206665039,0.0
test,veto_only,uniform_joint_r1,36864,36864,0.08196483348318734,2.927994966506958,0.0,36864,0.9937954724860497,1.000000238418579,0.06953296810388565,7.111977577209473,36864,0.1072083432550749,0.9995613098144531,0.0,36864,0.09753587337980103,1.0012435913085938,0.0
test,veto_only,uniform_joint_r2,36864,36864,0.0817308965501929,2.924948215484619,0.0,36864,0.993847305911307,1.000000238418579,0.07536625117063522,7.0825605392456055,36864,0.10692458431973743,0.9995542168617249,0.0,36864,0.09730677453557933,1.000397801399231,0.0
test,veto_only,uniform_joint_r4,36864,36864,0.08143337448828669,2.915731906890869,0.0,36864,0.9939128289362189,1.000000238418579,0.07873363792896271,6.634742736816406,36864,0.1065674846209327,0.9994069337844849,0.0,36864,0.09700496650194458,0.9999606013298035,0.0
test,veto_only,uniform_joint_r8,36864,36864,0.08104246444975455,2.9113576412200928,0.0,36864,0.9939932564377361,1.000000238418579,0.09340370446443558,6.872237205505371,36864,0.1061171835964261,0.9993874430656433,0.0,36864,0.0965972847305324,0.999817430973053,0.0
