split,scope,method,rows,u_cosine_count,u_cosine_mean,u_cosine_maximum,u_cosine_minimum,relative_u_error_count,relative_u_error_mean,relative_u_error_maximum,relative_u_error_minimum,relative_contribution_error_count,relative_contribution_error_mean,relative_contribution_error_maximum,relative_contribution_error_minimum,worst_veto_row_relative_u_error_count,worst_veto_row_relative_u_error_mean,worst_veto_row_relative_u_error_maximum,worst_veto_row_relative_u_error_minimum
calibration,all_rows,kmeans_joint_r1,227968,227968,0.6568623220334886,0.9999815225601196,-0.4273096024990082,227968,0.7656188487511937,3.774380922317505,0.006137701217085123,227968,0.008776951672936689,1.0595096349716187,6.031384837098044e-14,1781,1.0716153337572614,3.348433256149292,0.06914883852005005
calibration,all_rows,kmeans_joint_r2,227968,227968,0.7010516245067365,1.0000001192092896,-0.41229507327079773,227968,0.7250264422482071,11.4871826171875,9.939751907950267e-05,227968,0.008308551468745809,1.1037237644195557,6.148595901086379e-14,1781,1.0600670435032697,6.381099700927734,0.0005799275240860879
calibration,all_rows,kmeans_joint_r4,227968,227968,0.7451880860235143,1.0000001192092896,-0.3961525559425354,227968,0.6753985922998144,11.403779029846191,9.377833339385688e-05,227968,0.007804306949294536,1.4635603427886963,5.046469494997437e-14,1781,1.0338775378383984,6.330565452575684,0.0005131060024723411
calibration,all_rows,kmeans_joint_r8,227968,227968,0.7918319003918213,1.0000001192092896,-0.3854708969593048,227968,0.6129309043472835,9.41580581665039,4.360630555311218e-06,227968,0.007173616514693599,2.2636446952819824,5.833143213243575e-14,1781,0.9881282732852559,9.15939712524414,4.8851899919100106e-05
calibration,all_rows,kmeans_k_r1,227968,227968,0.6568623220334886,0.9999815225601196,-0.4273096024990082,227968,0.7656188487511937,3.774380922317505,0.006137701217085123,227968,0.008776951672936689,1.0595096349716187,6.031384837098044e-14,1781,1.0716153337572614,3.348433256149292,0.06914883852005005
calibration,all_rows,kmeans_k_r2,227968,227968,0.7038115770577951,1.0000001192092896,-0.35582250356674194,227968,0.7176544377131974,5.371706485748291,0.0001410919358022511,227968,0.00821165487349012,1.0998144149780273,6.305227200813571e-14,1781,1.0510808591602974,5.093228340148926,0.0005799275240860879
calibration,all_rows,kmeans_k_r4,227968,227968,0.7517459595136985,1.0000001192092896,-0.3628735840320587,227968,0.6479710090535552,6.076521396636963,9.293860057368875e-05,227968,0.007321715931990048,1.052053689956665,5.906734113327386e-14,1781,0.9831089207688055,6.076521396636963,0.00041369235259480774
calibration,all_rows,kmeans_k_r8,227968,227968,0.8016452778958153,1.000000238418579,-0.35172292590141296,227968,0.5755850840284579,5.348865985870361,7.329175423365086e-05,227968,0.006551516929003502,1.2856254577636719,6.839403446801812e-14,1781,0.9093537191806909,4.976914882659912,0.0004173264023847878
calibration,all_rows,mean_v,227968,227968,0.6568623217479737,0.9999813437461853,-0.4273096024990082,227968,0.7656188487511937,3.774380922317505,0.006137701217085123,227968,0.008776951672936689,1.0595096349716187,6.031384837098044e-14,1781,1.0716153337572614,3.348433256149292,0.06914883852005005
calibration,all_rows,norm_weighted_mean_v,227968,227968,0.6572284775501313,0.9998353123664856,-0.4941539764404297,227968,0.8002488704982704,3.8480992317199707,0.018264569342136383,227968,0.009328723591501772,1.0810657739639282,6.255850600999507e-14,1781,1.1240981977845028,3.3995401859283447,0.08233942836523056
calibration,all_rows,oracle_row_centroid_r1,227968,227968,0.7349572285477651,0.9999935626983643,-0.6033233404159546,227968,0.6532376307464053,4.9625678062438965,0.005192695651203394,227968,0.007565180419530951,0.9698822498321533,9.800474098714193e-14,1781,0.9507423401096441,4.787469863891602,0.09947007894515991
calibration,all_rows,oracle_row_centroid_r2,227968,227968,0.7938489221862045,1.0000001192092896,-0.5535836219787598,227968,0.5597631928913627,2.8576371669769287,0.0,227968,0.006189136490384095,0.9722713232040405,0.0,1781,0.805665669497364,2.455139636993408,0.0
calibration,all_rows,oracle_row_centroid_r4,227968,227968,0.844973319839705,1.0000001192092896,-0.17134621739387512,227968,0.4808690028141831,2.252218008041382,0.0,227968,0.0051456433769345505,0.9423441290855408,0.0,1781,0.6734641146663616,2.1793107986450195,0.0
calibration,all_rows,oracle_row_centroid_r8,227968,227968,0.8887244215419967,1.000000238418579,-0.22049245238304138,227968,0.4045133012267034,3.7448625564575195,0.0,227968,0.004181142826184393,0.8665416240692139,0.0,1781,0.5379243098164854,2.0415287017822266,0.0
calibration,all_rows,oracle_svd_1,227968,227968,0.731551985560283,1.0,-0.38816896080970764,227968,0.6742986991683161,3.210740566253662,6.81540768709965e-05,227968,0.007793309765167293,1.0484901666641235,5.886488670635293e-14,1781,0.978345140636988,2.792534589767456,0.025305457413196564
calibration,all_rows,oracle_svd_2,227968,227968,0.7766151775718715,1.0000001192092896,-0.3289172649383545,227968,0.6139845043604097,2.8429760932922363,1.3137777443716914e-07,227968,0.007129295423385096,1.0067218542099,4.3717945387954094e-14,1781,0.9192992688703107,2.7853033542633057,2.4850139652699e-06
calibration,all_rows,oracle_svd_4,227968,227968,0.8326629762083073,1.000000238418579,-0.28565171360969543,227968,0.5259192977145638,2.720107078552246,1.3208592974933708e-07,227968,0.006240998628967742,0.9985051155090332,3.84188428954272e-14,1781,0.8279956984841742,2.597867250442505,5.729109489038819e-07
calibration,all_rows,oracle_svd_8,227968,227968,0.8887761971106946,1.000000238418579,-0.22230681777000427,227968,0.41752481144537135,2.5177805423736572,1.2929764636737673e-07,227968,0.005068550109902558,0.9401875138282776,2.0838121809682586e-14,1781,0.6989520137793157,2.4074227809906006,5.726173526454659e-07
calibration,all_rows,per_instance_entropy_oracle,227968,227968,0.999999990516302,1.000000238418579,0.9999997019767761,227968,1.9490867231681824e-07,6.523367233057797e-07,2.7310813166536718e-08,227968,1.968019483562893e-09,3.5355691352378926e-07,3.45284122360843e-20,1781,2.3243859102331988e-07,4.272611988653807e-07,3.884983001967157e-08
calibration,all_rows,proxy_mean_q_r1,227968,227968,0.7222137053754025,0.9999999403953552,-0.6566729545593262,227968,0.6512999290006881,6.337406635284424,0.000377552438294515,227968,0.007358497447473207,0.998216450214386,1.0887487065331866e-13,1781,0.9425716361031982,6.112452507019043,0.10964006930589676
calibration,all_rows,proxy_mean_q_r2,227968,227968,0.7479838164115704,0.9999998807907104,-0.6615281105041504,227968,0.6104564877549814,6.239034652709961,0.00030356229399330914,227968,0.0069362668543692,0.9940724968910217,9.718618189944253e-14,1781,0.890733752751086,5.823955535888672,0.030239306390285492
calibration,all_rows,proxy_mean_q_r4,227968,227968,0.7789366530583043,0.9999998807907104,-0.6631524562835693,227968,0.5612995346016878,6.35116720199585,0.0005528804031200707,227968,0.006404068968707759,1.0227817296981812,8.252986239288412e-14,1781,0.82403101692063,5.712738037109375,0.021512800827622414
calibration,all_rows,proxy_mean_q_r8,227968,227968,0.8152013728041417,1.0,-0.6593679189682007,227968,0.5006299497259117,6.116621017456055,0.0003213357995264232,227968,0.0057229127542872404,0.9168241620063782,7.073621609244782e-14,1781,0.7407830803741893,5.443460464477539,0.004222548101097345
calibration,all_rows,proxy_mean_veto_q_r1,227968,227968,0.527792831382644,1.000000238418579,-0.7127448916435242,227968,0.98648097948135,9.451123237609863,5.479935794028279e-08,227968,0.008758422057616653,1.244356393814087,1.2499315547431084e-13,1781,0.5476065995936437,6.840874671936035,5.479935794028279e-08
calibration,all_rows,proxy_mean_veto_q_r2,227968,227968,0.6151997070601257,1.000000238418579,-0.7261166572570801,227968,0.8409351568686976,8.417466163635254,5.56778694260629e-08,227968,0.007639756578055551,1.0250968933105469,9.223541662427628e-14,1781,0.48354607660820204,6.092394828796387,5.56778694260629e-08
calibration,all_rows,proxy_mean_veto_q_r4,227968,227968,0.6834439453976272,1.000000238418579,-0.7248452305793762,227968,0.7227149111401836,8.140119552612305,3.985408270068547e-08,227968,0.00665428707249611,1.0301910638809204,8.556444262971738e-14,1781,0.42387180125333296,5.639085292816162,3.985408270068547e-08
calibration,all_rows,proxy_mean_veto_q_r8,227968,227968,0.7470974466690624,1.0000001192092896,-0.7421043515205383,227968,0.6190320940609482,7.966455936431885,5.691751425729308e-08,227968,0.005768764659982374,1.0833278894424438,7.188858747652835e-14,1781,0.3653445011879364,5.35646390914917,5.691751425729308e-08
calibration,all_rows,top_1_mean_v,227968,227968,0.7157025037631704,1.0000001192092896,-0.6215885877609253,227968,1.3154916120264826,10.850113868713379,5.9956309996778145e-06,227968,0.011477521961059632,1.5254621505737305,1.7477272613083267e-13,1781,1.1234550514703507,5.52133321762085,0.00010946834663627669
calibration,all_rows,top_2_mean_v,227968,227968,0.7994747124355222,1.0,-0.6094406247138977,227968,0.9814753974814193,7.076089859008789,0.0002161356242140755,227968,0.009851402773700219,1.8405303955078125,7.02810070340662e-14,1781,1.2292785395376316,5.380986213684082,0.0008612275123596191
calibration,all_rows,top_4_mean_v,227968,227968,0.8395477536793327,1.0,-0.6615700721740723,227968,0.7326285416678535,6.366776466369629,0.0002161356242140755,227968,0.008149252074876268,1.30298912525177,5.68877559533991e-14,1781,1.105393944715648,5.336843490600586,0.0008612275123596191
calibration,all_rows,top_8_mean_v,227968,227968,0.8427509490340984,1.0,-0.49338358640670776,227968,0.6057456822451431,5.576858997344971,0.0002161356242140755,227968,0.007252274441634287,1.317689299583435,2.7649786282714535e-14,1781,1.0155596043722384,5.028875827789307,0.0008612275123596191
calibration,all_rows,uniform_r1,227968,227968,0.6568623220334886,0.9999815225601196,-0.4273096024990082,227968,0.7656188487511937,3.774380922317505,0.006137701217085123,227968,0.008776951672936689,1.0595096349716187,6.031384837098044e-14,1781,1.0716153337572614,3.348433256149292,0.06914883852005005
calibration,all_rows,uniform_r2,227968,227968,0.6769046949090691,0.9999579191207886,-0.3774629235267639,227968,0.7442235555627131,3.7704989910125732,0.009390114806592464,227968,0.008600430135076468,1.0590792894363403,6.353369843030074e-14,1781,1.0618520147140478,3.3146414756774902,0.06968384981155396
calibration,all_rows,uniform_r4,227968,227968,0.7025536611986342,0.9999526739120483,-0.4118673801422119,227968,0.7154838908680606,3.6992878913879395,0.01064941007643938,227968,0.00834269312289911,1.0897568464279175,6.443912244080696e-14,1781,1.0432774567833314,3.32869553565979,0.06116928160190582
calibration,all_rows,uniform_r8,227968,227968,0.7352915798936976,0.9999836087226868,-0.4048841893672943,227968,0.6761331410336531,4.563313007354736,0.007431237958371639,227968,0.007994865094728942,1.2327888011932373,6.621184720292939e-14,1781,1.010999903114223,3.4451544284820557,0.052044983953237534
calibration,all_rows,zero,227968,227968,0.0,0.0,0.0,227968,0.9999999994472724,1.0,0.9999998807907104,227968,0.010196601150975688,0.9904905557632446,1.841450847058293e-13,1781,0.9999999997322644,1.0,0.9999999403953552
calibration,veto_only,kmeans_joint_r1,5863,5863,0.5115766063383071,0.9988512992858887,-0.3832223117351532,5863,0.9402510609154345,3.348433256149292,0.06115458160638809,5863,0.06737645221280877,1.0595096349716187,3.859385287796613e-06,1781,1.0716153337572614,3.348433256149292,0.06914883852005005
calibration,veto_only,kmeans_joint_r2,5863,5863,0.5651711480116683,1.0,-0.3615489602088928,5863,0.9060871520835685,6.381099700927734,9.939751907950267e-05,5863,0.06497581693569424,1.1037237644195557,2.7311064059176715e-06,1781,1.0600670435032697,6.381099700927734,0.0005799275240860879
calibration,veto_only,kmeans_joint_r4,5863,5863,0.6215150773075064,0.9999999403953552,-0.315739244222641,5863,0.8596548939995783,6.330565452575684,0.00017457555804867297,5863,0.062398177608298404,1.4635603427886963,1.977931560759316e-06,1781,1.0338775378383984,6.330565452575684,0.0005131060024723411
calibration,veto_only,kmeans_joint_r8,5863,5863,0.6783506077436758,1.0000001192092896,-0.3307094871997833,5863,0.7986296623680217,9.15939712524414,4.360630555311218e-06,5863,0.05891801550116253,2.2636446952819824,7.730334772304559e-08,1781,0.9881282732852559,9.15939712524414,4.8851899919100106e-05
calibration,veto_only,kmeans_k_r1,5863,5863,0.5115766063383071,0.9988512992858887,-0.3832223117351532,5863,0.9402510609154345,3.348433256149292,0.06115458160638809,5863,0.06737645221280877,1.0595096349716187,3.859385287796613e-06,1781,1.0716153337572614,3.348433256149292,0.06914883852005005
calibration,veto_only,kmeans_k_r2,5863,5863,0.5616453829531657,0.9999997615814209,-0.34969019889831543,5863,0.9065422113423715,5.093228340148926,0.0005799275240860879,5863,0.06535482877302344,1.0998144149780273,3.86892543247086e-06,1781,1.0510808591602974,5.093228340148926,0.0005799275240860879
calibration,veto_only,kmeans_k_r4,5863,5863,0.6232397904373044,0.9999999403953552,-0.3540547788143158,5863,0.8334368451661277,6.076521396636963,0.00041369235259480774,5863,0.061929556520596986,1.052053689956665,3.70962652596063e-06,1781,0.9831089207688055,6.076521396636963,0.00041369235259480774
calibration,veto_only,kmeans_k_r8,5863,5863,0.6945840248094025,0.9999999403953552,-0.3200342357158661,5863,0.7503340868636547,4.976914882659912,0.0004173264023847878,5863,0.056366099371948065,1.2856254577636719,2.2638948848907603e-06,1781,0.9093537191806909,4.976914882659912,0.0004173264023847878
calibration,veto_only,mean_v,5863,5863,0.5115766057944134,0.9988512992858887,-0.3832223117351532,5863,0.9402510609154345,3.348433256149292,0.06115458160638809,5863,0.06737645221280877,1.0595096349716187,3.859385287796613e-06,1781,1.0716153337572614,3.348433256149292,0.06914883852005005
calibration,veto_only,norm_weighted_mean_v,5863,5863,0.5155139887208571,0.9983164668083191,-0.4111380875110626,5863,0.9730133093371237,3.3995401859283447,0.05803927779197693,5863,0.0682799170821083,1.0810657739639282,3.907958216586849e-06,1781,1.1240981977845028,3.3995401859283447,0.08233942836523056
calibration,veto_only,oracle_row_centroid_r1,5863,5863,0.6102309631318447,0.9995949268341064,-0.4691263437271118,5863,0.8172685415227473,4.787469863891602,0.050932515412569046,5863,0.06007171596297803,0.9698822498321533,3.4162903830292635e-06,1781,0.9507423401096441,4.787469863891602,0.09947007894515991
calibration,veto_only,oracle_row_centroid_r2,5863,5863,0.7113615365521978,1.0000001192092896,-0.19877292215824127,5863,0.678531963516706,2.455139636993408,0.0,5863,0.05099295036489126,0.9722713232040405,0.0,1781,0.805665669497364,2.455139636993408,0.0
calibration,veto_only,oracle_row_centroid_r4,5863,5863,0.7997852944788504,1.0000001192092896,-0.17134621739387512,5863,0.5498907620947584,2.1793107986450195,0.0,5863,0.04074408285726959,0.9423441290855408,0.0,1781,0.6734641146663616,2.1793107986450195,0.0
calibration,veto_only,oracle_row_centroid_r8,5863,5863,0.873320599042582,1.0000001192092896,-0.22049245238304138,5863,0.42734053861251337,2.0415287017822266,0.0,5863,0.03144472677757823,0.8665416240692139,0.0,1781,0.5379243098164854,2.0415287017822266,0.0
calibration,veto_only,oracle_svd_1,5863,5863,0.6048364403802802,0.9999983310699463,-0.34438538551330566,5863,0.8401070535548302,2.792534589767456,0.002129289787262678,5863,0.061066515322590026,1.0484901666641235,3.53159339283593e-06,1781,0.978345140636988,2.792534589767456,0.025305457413196564
calibration,veto_only,oracle_svd_2,5863,5863,0.6569193386362044,1.0000001192092896,-0.2986227869987488,5863,0.777462238978343,2.7853033542633057,2.2598055693379138e-07,5863,0.05609349366414798,1.0067218542099,4.390402263965143e-09,1781,0.9192992688703107,2.7853033542633057,2.4850139652699e-06
calibration,veto_only,oracle_svd_4,5863,5863,0.7213322639178771,1.0000001192092896,-0.27684301137924194,5863,0.6877721278696342,2.597867250442505,2.2620406525675207e-07,5863,0.05007010313915383,0.9985051155090332,4.02767508234092e-09,1781,0.8279956984841742,2.597867250442505,5.729109489038819e-07
calibration,veto_only,oracle_svd_8,5863,5863,0.7930382706756899,1.0000001192092896,-0.2120548039674759,5863,0.5702047241649236,2.4074227809906006,2.247878541083992e-07,5863,0.04119996929592538,0.9401875138282776,3.997498332353189e-09,1781,0.6989520137793157,2.4074227809906006,5.726173526454659e-07
calibration,veto_only,per_instance_entropy_oracle,5863,5863,0.9999999893661166,1.000000238418579,0.9999997615814209,5863,1.9854362391533786e-07,4.272611988653807e-07,3.845092777510217e-08,5863,1.287660380999673e-08,3.5355691352378926e-07,7.539700200981381e-13,1781,2.3243859102331988e-07,4.272611988653807e-07,3.884983001967157e-08
calibration,veto_only,proxy_mean_q_r1,5863,5863,0.6067557972187912,0.9998019933700562,-0.49700331687927246,5863,0.8081746714368511,6.112452507019043,0.03058827854692936,5863,0.05982439504930106,0.998216450214386,2.387174390605651e-06,1781,0.9425716361031982,6.112452507019043,0.10964006930589676
calibration,veto_only,proxy_mean_q_r2,5863,5863,0.6476147349584075,0.9999575614929199,-0.4970957040786743,5863,0.7543135876617226,5.823955535888672,0.009684404358267784,5863,0.056221488481860614,0.9940724968910217,2.114339167746948e-06,1781,0.890733752751086,5.823955535888672,0.030239306390285492
calibration,veto_only,proxy_mean_q_r4,5863,5863,0.6999716702137037,0.999975323677063,-0.40372979640960693,5863,0.6867078556233622,5.712738037109375,0.007391583174467087,5863,0.05144902637562833,1.0227817296981812,1.9961958059866447e-06,1781,0.82403101692063,5.712738037109375,0.021512800827622414
calibration,veto_only,proxy_mean_q_r8,5863,5863,0.7602562658386611,0.999997615814209,-0.30020031332969666,5863,0.6020418509250688,5.443460464477539,0.0029755474533885717,5863,0.04501846817166512,0.9168241620063782,2.592268401713227e-06,1781,0.7407830803741893,5.443460464477539,0.004222548101097345
calibration,veto_only,proxy_mean_veto_q_r1,5863,5863,0.8069199717235257,1.000000238418579,-0.4990220069885254,5863,0.49404006804633377,6.840874671936035,5.479935794028279e-08,5863,0.03348586369503873,1.1002117395401,3.0458389716631062e-12,1781,0.5476065995936437,6.840874671936035,5.479935794028279e-08
calibration,veto_only,proxy_mean_veto_q_r2,5863,5863,0.8386081701359656,1.000000238418579,-0.4991080164909363,5863,0.4365030240737267,6.092394828796387,5.56778694260629e-08,5863,0.02968562097545304,1.0250968933105469,6.512038304429257e-12,1781,0.48354607660820204,6.092394828796387,5.56778694260629e-08
calibration,veto_only,proxy_mean_veto_q_r4,5863,5863,0.8716316864344954,1.000000238418579,-0.41433975100517273,5863,0.3778939165631504,5.639085292816162,3.985408270068547e-08,5863,0.02515117217308933,1.0301910638809204,2.1998121640248725e-12,1781,0.42387180125333296,5.639085292816162,3.985408270068547e-08
calibration,veto_only,proxy_mean_veto_q_r8,5863,5863,0.9045813569772697,1.0000001192092896,-0.3172942101955414,5863,0.31534585285265937,5.35646390914917,5.691751425729308e-08,5863,0.020577116546787674,1.0833278894424438,2.4577191410496413e-12,1781,0.3653445011879364,5.35646390914917,5.691751425729308e-08
calibration,veto_only,top_1_mean_v,5863,5863,0.8303749329592691,1.0000001192092896,-0.2508821487426758,5863,0.8505432992579895,5.52133321762085,4.0866136259865016e-05,5863,0.03489178370793568,1.5254621505737305,2.1157825358386617e-07,1781,1.1234550514703507,5.52133321762085,0.00010946834663627669
calibration,veto_only,top_2_mean_v,5863,5863,0.7872616422341817,1.0,-0.1433681845664978,5863,0.9628855497362026,5.380986213684082,0.0002161356242140755,5863,0.054828092113682565,1.8405303955078125,9.647013712310581e-07,1781,1.2292785395376316,5.380986213684082,0.0008612275123596191
calibration,veto_only,top_4_mean_v,5863,5863,0.7672751042196051,1.0,-0.264996200799942,5863,0.8809990188673041,5.336843490600586,0.0002161356242140755,5863,0.056767320448136344,1.30298912525177,3.041853460672428e-06,1781,1.105393944715648,5.336843490600586,0.0008612275123596191
calibration,veto_only,top_8_mean_v,5863,5863,0.7327854957745438,1.0,-0.23500214517116547,5863,0.8215665200889143,5.028875827789307,0.0002161356242140755,5863,0.05763830053997386,1.317689299583435,3.4117156246793456e-06,1781,1.0155596043722384,5.028875827789307,0.0008612275123596191
calibration,veto_only,uniform_r1,5863,5863,0.5115766063383071,0.9988512992858887,-0.3832223117351532,5863,0.9402510609154345,3.348433256149292,0.06115458160638809,5863,0.06737645221280877,1.0595096349716187,3.859385287796613e-06,1781,1.0716153337572614,3.348433256149292,0.06914883852005005
calibration,veto_only,uniform_r2,5863,5863,0.5354348587441847,0.9992161989212036,-0.3530772924423218,5863,0.9241396627548853,3.3146414756774902,0.049390606582164764,5863,0.06629203314708007,1.0590792894363403,3.8527095966855995e-06,1781,1.0618520147140478,3.3146414756774902,0.06968384981155396
calibration,veto_only,uniform_r4,5863,5863,0.5683315619778663,0.9992163777351379,-0.3385121822357178,5863,0.8976944082969542,3.32869553565979,0.049725037068128586,5863,0.06460681764598754,1.0897568464279175,3.7663080547645222e-06,1781,1.0432774567833314,3.32869553565979,0.06116928160190582
calibration,veto_only,uniform_r8,5863,5863,0.6125283992455984,0.9996398091316223,-0.33512383699417114,5863,0.8572733938171709,3.4451544284820557,0.03523581475019455,5863,0.06201508290645835,1.2327888011932373,3.832823949778685e-06,1781,1.010999903114223,3.4451544284820557,0.052044983953237534
calibration,veto_only,zero,5863,5863,0.0,0.0,0.0,5863,0.9999999997051792,1.0,0.9999999403953552,5863,0.06804885433467764,0.9904905557632446,4.176602033112431e-06,1781,0.9999999997322644,1.0,0.9999999403953552
test,all_rows,kmeans_joint_r1,469120,469120,0.6695606743828496,0.9999982118606567,-0.4164488911628723,469120,0.7619737271872767,3.6508617401123047,0.0018833972280845046,469120,0.008277557350329173,1.125907301902771,2.1017255047873357e-13,3665,1.0574046050827304,3.479794979095459,0.07131379097700119
test,all_rows,kmeans_joint_r2,469120,469120,0.7131966222939199,1.0000001192092896,-0.3942403793334961,469120,0.721597524928275,7.737663745880127,9.894264803733677e-05,469120,0.007874127589976108,1.1847041845321655,1.992222576144287e-13,3665,1.0418146775620907,4.775874614715576,0.0016425420762971044
test,all_rows,kmeans_joint_r4,469120,469120,0.7560610398134966,1.0000001192092896,-0.4574047029018402,469120,0.6715705245625793,9.701693534851074,3.535234645823948e-05,469120,0.007369411955463326,1.4110407829284668,1.526504617155311e-13,3665,1.0096579083086514,8.52306079864502,0.001113765174522996
test,all_rows,kmeans_joint_r8,469120,469120,0.8004251104027735,1.000000238418579,-0.43172621726989746,469120,0.6076232486897414,8.502073287963867,2.6976947538059903e-06,469120,0.006717294448486602,1.3371541500091553,1.9618689810728396e-13,3665,0.9562042469718814,8.502073287963867,2.6637384507921524e-05
test,all_rows,kmeans_k_r1,469120,469120,0.6695606743828496,0.9999982118606567,-0.4164488911628723,469120,0.7619737271872767,3.6508617401123047,0.0018833972280845046,469120,0.008277557350329173,1.125907301902771,2.1017255047873357e-13,3665,1.0574046050827304,3.479794979095459,0.07131379097700119
test,all_rows,kmeans_k_r2,469120,469120,0.7155123925078132,1.0000001192092896,-0.39416971802711487,469120,0.715984946283502,4.744876861572266,6.523730553453788e-05,469120,0.007772715672309379,1.0574554204940796,1.968230943895713e-13,3665,1.0289743221761967,4.107302665710449,0.0028778722044080496
test,all_rows,kmeans_k_r4,469120,469120,0.7652533264210039,1.0000001192092896,-0.34234508872032166,469120,0.6419248659544602,6.112557888031006,6.27765548415482e-05,469120,0.006842965168769154,1.078795075416565,1.8154013990863416e-13,3665,0.9607272179062907,4.4457902908325195,0.002445400692522526
test,all_rows,kmeans_k_r8,469120,469120,0.8119133810117726,1.0000001192092896,-0.3737868666648865,469120,0.569907121095504,7.919149398803711,1.4475889656750951e-05,469120,0.006098616659570698,1.229648232460022,1.9042159884498366e-13,3665,0.885046632878678,4.571286678314209,0.0020994991064071655
test,all_rows,mean_v,469120,469120,0.6695606734397147,0.9999982118606567,-0.4164488911628723,469120,0.7619737271872767,3.6508617401123047,0.0018833972280845046,469120,0.008277557350329173,1.125907301902771,2.1017255047873357e-13,3665,1.0574046050827304,3.479794979095459,0.07131379097700119
test,all_rows,norm_weighted_mean_v,469120,469120,0.6652478091670181,0.999996542930603,-0.5512605905532837,469120,0.8067676642738095,3.7963898181915283,0.003143907990306616,469120,0.00896975458282529,1.1529520750045776,2.0511760692731862e-13,3665,1.1170953012535305,3.579522132873535,0.06071336939930916
test,all_rows,oracle_row_centroid_r1,469120,469120,0.7449974972523217,0.9999948143959045,-0.5839823484420776,469120,0.640045683140224,3.841616630554199,0.003837134689092636,469120,0.006882415417783614,0.9893215298652649,1.4356139161567777e-13,3665,0.9242514583557885,2.7247211933135986,0.0912272185087204
test,all_rows,oracle_row_centroid_r2,469120,469120,0.8077214212396582,1.0000001192092896,-0.2607482075691223,469120,0.5417449131688222,3.142512083053589,0.0,469120,0.005530832389451486,0.969154417514801,0.0,3665,0.7797799533419819,2.592698335647583,0.005003117490559816
test,all_rows,oracle_row_centroid_r4,469120,469120,0.855421349831601,1.000000238418579,-0.2112746238708496,469120,0.46523900667531226,2.449528932571411,0.0,469120,0.0046065394197406795,1.0497490167617798,0.0,3665,0.6544333259359073,2.0755460262298584,0.0
test,all_rows,oracle_row_centroid_r8,469120,469120,0.8968100229274792,1.000000238418579,-0.021226882934570312,469120,0.39121731441214275,2.0807600021362305,0.0,469120,0.0037348286435270714,0.7888821363449097,0.0,3665,0.5192104551905581,2.0807600021362305,0.0
test,all_rows,oracle_svd_1,469120,469120,0.7393833422538437,1.0000001192092896,-0.42362332344055176,469120,0.6721475826209183,3.643956184387207,1.267027016638167e-07,469120,0.007353646144184457,1.120348572731018,1.1844705446496795e-13,3665,0.9702134432378433,3.4770307540893555,6.9655752668040805e-06
test,all_rows,oracle_svd_2,469120,469120,0.7819201116948963,1.000000238418579,-0.32511505484580994,469120,0.6125576286623647,3.2353217601776123,1.2642640001558902e-07,469120,0.00677905958696533,1.1159300804138184,1.1696275458578098e-13,3665,0.9083642065584185,3.156924247741699,1.4204434819475864e-06
test,all_rows,oracle_svd_4,469120,469120,0.8339800853024885,1.000000238418579,-0.26283055543899536,469120,0.5286817980619085,3.0904476642608643,1.267530791437821e-07,469120,0.00594641340320707,1.0242257118225098,1.1287458733530778e-13,3665,0.814162026443313,3.0783255100250244,4.058653360061726e-07
test,all_rows,oracle_svd_8,469120,469120,0.8871964294316685,1.000000238418579,-0.251179575920105,469120,0.4246830263269904,2.6414504051208496,1.2376540325931273e-07,469120,0.004923815455287325,0.9876468777656555,6.929907223150039e-14,3665,0.6905343927059027,2.6414504051208496,3.988390915310447e-07
test,all_rows,per_instance_entropy_oracle,469120,469120,0.9999999905231257,1.0000003576278687,0.9999996423721313,469120,1.9494459026846696e-07,7.076828296703752e-07,2.5256939650830645e-08,469120,1.8421903601697645e-09,2.9625553565892915e-07,5.871638180631098e-20,3665,2.314550127886251e-07,5.707702825930028e-07,3.911880597229356e-08
test,all_rows,proxy_mean_q_r1,469120,469120,0.7339444393496399,0.9999972581863403,-0.7048851847648621,469120,0.6340972565093121,4.192140102386475,0.002671509748324752,469120,0.006608523364073207,1.0786230564117432,1.4829408317637571e-13,3665,0.9162152803265382,2.916041612625122,0.02141457423567772
test,all_rows,proxy_mean_q_r2,469120,469120,0.7601407105826204,0.9999984502792358,-0.6939042806625366,469120,0.5931928067802636,4.1662397384643555,0.0018623757641762495,469120,0.0062276204923919,1.077892780303955,1.3812627257248078e-13,3665,0.8656728048070675,2.8321287631988525,0.01947772689163685
test,all_rows,proxy_mean_q_r4,469120,469120,0.7907874989239589,0.9999997615814209,-0.6359329223632812,469120,0.5441152772733777,3.3044395446777344,0.0005122927250340581,469120,0.005742844923483465,1.081432580947876,1.3812701796147436e-13,3665,0.7978949769889226,2.8019356727600098,0.013276740908622742
test,all_rows,proxy_mean_q_r8,469120,469120,0.8257197741090443,0.9999999403953552,-0.5757209658622742,469120,0.4841537006057443,3.3018786907196045,0.0004108331922907382,469120,0.005129606417917624,1.0581738948822021,1.353530867031702e-13,3665,0.7150067429422905,2.804166078567505,0.006032089702785015
test,all_rows,proxy_mean_veto_q_r1,469120,469120,0.5432194737186598,1.000000238418579,-0.7209538817405701,469120,0.9777094925846682,9.85171127319336,4.7274394177065915e-08,469120,0.008179478831945638,1.374043583869934,2.1756346182087716e-13,3665,0.5618077060244642,5.478469371795654,4.7274394177065915e-08
test,all_rows,proxy_mean_veto_q_r2,469120,469120,0.6285269564003056,1.000000238418579,-0.6925632357597351,469120,0.8293831839307212,9.766037940979004,3.809011772659687e-08,469120,0.007126521811728827,1.3630410432815552,1.9983336816895014e-13,3665,0.5018616345436916,5.158788681030273,3.809011772659687e-08
test,all_rows,proxy_mean_veto_q_r4,469120,469120,0.6947057742768612,1.000000238418579,-0.6851404309272766,469120,0.7165965090093,7.521901607513428,5.100728373008678e-08,469120,0.006297606121983143,1.1260401010513306,2.319499030779132e-13,3665,0.44104102275300316,4.316096782684326,5.100728373008678e-08
test,all_rows,proxy_mean_veto_q_r8,469120,469120,0.7584747218106175,1.0000003576278687,-0.6827250719070435,469120,0.6124791137672821,7.642991065979004,4.1172633302721806e-08,469120,0.005472711371016157,1.082982063293457,2.1335579516220532e-13,3665,0.3802607750762252,4.280633449554443,4.1172633302721806e-08
test,all_rows,top_1_mean_v,469120,469120,0.703494690644557,1.0000001192092896,-0.6292812824249268,469120,1.349645574624548,11.649531364440918,1.7109891814470757e-06,469120,0.011316749651949808,1.6852247714996338,1.3780334295540597e-13,3665,1.1810852641297478,8.426773071289062,2.2504807930090465e-05
test,all_rows,top_2_mean_v,469120,469120,0.7871957691363035,1.0,-0.613862931728363,469120,1.0192045079318104,9.523940086364746,0.00010356389975640923,469120,0.009824836873241522,1.610011100769043,9.251529663883984e-14,3665,1.2401849055558247,7.4807000160217285,0.0011289221001788974
test,all_rows,top_4_mean_v,469120,469120,0.8333718953165251,1.0,-0.5186125636100769,469120,0.7579657920471113,7.860345840454102,0.00010356389975640923,469120,0.008030492997383277,1.6677454710006714,1.0359800446972309e-13,3665,1.0933428144765671,6.055656909942627,0.0011289221001788974
test,all_rows,top_8_mean_v,469120,469120,0.8441740279252279,1.0,-0.4498615264892578,469120,0.6167107356268604,6.304555892944336,0.00010356389975640923,469120,0.007010723063488287,1.332411766052246,1.2841922078683787e-13,3665,0.9919583062372916,4.851695537567139,0.0011289221001788974
test,all_rows,uniform_r1,469120,469120,0.6695606743828496,0.9999982118606567,-0.4164488911628723,469120,0.7619737271872767,3.6508617401123047,0.0018833972280845046,469120,0.008277557350329173,1.125907301902771,2.1017255047873357e-13,3665,1.0574046050827304,3.479794979095459,0.07131379097700119
test,all_rows,uniform_r2,469120,469120,0.6905393708842457,0.9999908208847046,-0.4201936721801758,469120,0.739203306986963,3.775712251663208,0.004298245068639517,469120,0.008096492687544815,1.1374180316925049,1.987442735341613e-13,3665,1.0451908024299843,3.5616345405578613,0.04961520433425903
test,all_rows,uniform_r4,469120,469120,0.7158980504874909,0.9999992847442627,-0.39824602007865906,469120,0.7090837611044867,4.112191677093506,0.001122692134231329,469120,0.007857704469703625,1.1452909708023071,1.9953159404676596e-13,3665,1.0235289267961845,3.790776491165161,0.04145476967096329
test,all_rows,uniform_r8,469120,469120,0.7476841545341617,0.9999810457229614,-0.38991641998291016,469120,0.6695886213745615,4.75557279586792,0.006167602259665728,469120,0.00752206826473672,1.1494519710540771,1.795485824905227e-13,3665,0.9919482070795104,4.720670223236084,0.03205959498882294
test,all_rows,zero,469120,469120,0.0,0.0,0.0,469120,0.9999999993616692,1.0,0.9999998807907104,469120,0.009550747068816803,0.9988405108451843,2.2344897199905178e-13,3665,0.9999999996422095,1.0,0.9999999403953552
test,veto_only,kmeans_joint_r1,12333,12333,0.5265554469488823,0.999022364616394,-0.3978264331817627,12333,0.9299886149073289,3.479794979095459,0.047924287617206573,12333,0.055327652962697524,1.125907301902771,1.5351808713148785e-08,3665,1.0574046050827304,3.479794979095459,0.07131379097700119
test,veto_only,kmeans_joint_r2,12333,12333,0.5800144470029176,0.9999998807907104,-0.3942403793334961,12333,0.8923577291193039,4.775874614715576,0.00045773168676532805,12333,0.053525661287902475,1.1847041845321655,1.5347248805142044e-08,3665,1.0418146775620907,4.775874614715576,0.0016425420762971044
test,veto_only,kmeans_joint_r4,12333,12333,0.6390980150067159,1.0000001192092896,-0.408632755279541,12333,0.8430938248937393,8.52306079864502,3.535234645823948e-05,12333,0.05112707859974313,1.4110407829284668,1.2033721574766787e-08,3665,1.0096579083086514,8.52306079864502,0.001113765174522996
test,veto_only,kmeans_joint_r8,12333,12333,0.6966050695964723,1.0000001192092896,-0.3959023356437683,12333,0.7757390965990483,8.502073287963867,2.6976947538059903e-06,12333,0.04777506630640771,1.3371541500091553,8.026758813173274e-09,3665,0.9562042469718814,8.502073287963867,2.6637384507921524e-05
test,veto_only,kmeans_k_r1,12333,12333,0.5265554469488823,0.999022364616394,-0.3978264331817627,12333,0.9299886149073289,3.479794979095459,0.047924287617206573,12333,0.055327652962697524,1.125907301902771,1.5351808713148785e-08,3665,1.0574046050827304,3.479794979095459,0.07131379097700119
test,veto_only,kmeans_k_r2,12333,12333,0.5811604333480855,0.9999997019767761,-0.3561611771583557,12333,0.8851138294878553,4.107302665710449,0.0008056083461269736,12333,0.053225707843646636,1.0574554204940796,1.5676802078701257e-08,3665,1.0289743221761967,4.107302665710449,0.0028778722044080496
test,veto_only,kmeans_k_r4,12333,12333,0.6454287030118149,0.9999999403953552,-0.34234508872032166,12333,0.8117734864736946,4.4457902908325195,0.0006132491398602724,12333,0.050096742960258525,1.078795075416565,1.2882145128401135e-08,3665,0.9607272179062907,4.4457902908325195,0.002445400692522526
test,veto_only,kmeans_k_r8,12333,12333,0.7101624834959965,1.0,-0.3671647906303406,12333,0.7298250647886012,4.571286678314209,1.8756030840449966e-05,12333,0.04588875286274901,1.229648232460022,1.5453808899223986e-08,3665,0.885046632878678,4.571286678314209,0.0020994991064071655
test,veto_only,mean_v,12333,12333,0.5265554458523337,0.999022364616394,-0.3978264331817627,12333,0.9299886149073289,3.479794979095459,0.047924287617206573,12333,0.055327652962697524,1.125907301902771,1.5351808713148785e-08,3665,1.0574046050827304,3.479794979095459,0.07131379097700119
test,veto_only,norm_weighted_mean_v,12333,12333,0.5208189954401558,0.9988453984260559,-0.46552833914756775,12333,0.9803434156593055,3.579522132873535,0.049133144319057465,12333,0.05668255288008585,1.1529520750045776,1.5544202369710547e-08,3665,1.1170953012535305,3.579522132873535,0.06071336939930916
test,veto_only,oracle_row_centroid_r1,12333,12333,0.6192044265758402,0.9994795322418213,-0.47102129459381104,12333,0.8009735449809069,2.7247211933135986,0.04891446977853775,12333,0.04828214627034963,0.9893215298652649,1.4055840935611741e-08,3665,0.9242514583557885,2.7247211933135986,0.0912272185087204
test,veto_only,oracle_row_centroid_r2,12333,12333,0.7272190758423059,1.0,-0.2464388906955719,12333,0.6539678021402188,2.592698335647583,0.0,12333,0.040416316119953576,0.969154417514801,0.0,3665,0.7797799533419819,2.592698335647583,0.005003117490559816
test,veto_only,oracle_row_centroid_r4,12333,12333,0.8115827814236145,1.0000001192092896,-0.1489567756652832,12333,0.5306812183319839,2.0755460262298584,0.0,12333,0.03244174167263023,1.0497490167617798,0.0,3665,0.6544333259359073,2.0755460262298584,0.0
test,veto_only,oracle_row_centroid_r8,12333,12333,0.8858045119033149,1.0000001192092896,-0.01930338889360428,12333,0.40585164200956175,2.0807600021362305,0.0,12333,0.024249622082607815,0.7888821363449097,0.0,3665,0.5192104551905581,2.0807600021362305,0.0
test,veto_only,oracle_svd_1,12333,12333,0.6118997373731231,1.0000001192092896,-0.36865419149398804,12333,0.8345582167092235,3.4770307540893555,6.603265774174361e-07,12333,0.05039755607082093,1.120348572731018,5.397380806182461e-11,3665,0.9702134432378433,3.4770307540893555,6.9655752668040805e-06
test,veto_only,oracle_svd_2,12333,12333,0.6637511982971486,1.0000001192092896,-0.31303679943084717,12333,0.7730025303505509,3.156924247741699,1.645487088808295e-07,12333,0.04697018340632714,1.1159300804138184,1.162707864016399e-11,3665,0.9083642065584185,3.156924247741699,1.4204434819475864e-06
test,veto_only,oracle_svd_4,12333,12333,0.7304619264566233,1.0000001192092896,-0.25635629892349243,12333,0.6816843474584655,3.0783255100250244,1.6269765978904616e-07,12333,0.041619185738548455,1.0242257118225098,1.1470994293327763e-11,3665,0.814162026443313,3.0783255100250244,4.058653360061726e-07
test,veto_only,oracle_svd_8,12333,12333,0.7983770573454027,1.000000238418579,-0.18186426162719727,12333,0.5687196937032453,2.6414504051208496,1.5970664435371873e-07,12333,0.03502835036000017,0.9876468777656555,1.1099165857231252e-11,3665,0.6905343927059027,2.6414504051208496,3.988390915310447e-07
test,veto_only,per_instance_entropy_oracle,12333,12333,0.9999999904114477,1.000000238418579,0.9999997615814209,12333,1.9826140257213164e-07,5.707702825930028e-07,2.8289921516488903e-08,12333,1.0320106570116322e-08,2.9625553565892915e-07,3.9456357458892994e-15,3665,2.314550127886251e-07,5.707702825930028e-07,3.911880597229356e-08
test,veto_only,proxy_mean_q_r1,12333,12333,0.617004571504967,0.9999628067016602,-0.6065984964370728,12333,0.7836101357813395,2.916041612625122,0.008638535626232624,12333,0.04744917043048206,1.0786230564117432,1.859488030220291e-08,3665,0.9162152803265382,2.916041612625122,0.02141457423567772
test,veto_only,proxy_mean_q_r2,12333,12333,0.6593758343559384,0.9999694228172302,-0.6020660400390625,12333,0.7295243671659444,2.8321287631988525,0.008001676760613918,12333,0.044393198950998296,1.077892780303955,1.6147861714443934e-08,3665,0.8656728048070675,2.8321287631988525,0.01947772689163685
test,veto_only,proxy_mean_q_r4,12333,12333,0.7114882089365581,0.9999955296516418,-0.5698081851005554,12333,0.6631488311996305,2.8019356727600098,0.004605294670909643,12333,0.0403500297832951,1.081432580947876,1.624606049688282e-08,3665,0.7978949769889226,2.8019356727600098,0.013276740908622742
test,veto_only,proxy_mean_q_r8,12333,12333,0.7696568427550328,0.9999989867210388,-0.5531591176986694,12333,0.580902452009315,2.804166078567505,0.0013784911716356874,12333,0.03503509698371761,1.0581738948822021,1.426717144425993e-08,3665,0.7150067429422905,2.804166078567505,0.006032089702785015
test,veto_only,proxy_mean_veto_q_r1,12333,12333,0.8046926820518093,1.000000238418579,-0.5501622557640076,12333,0.5014041993106182,5.478469371795654,4.7274394177065915e-08,12333,0.027401242123723555,1.3281261920928955,3.6072004758191945e-12,3665,0.5618077060244642,5.478469371795654,4.7274394177065915e-08
test,veto_only,proxy_mean_veto_q_r2,12333,12333,0.8361025176182519,1.000000238418579,-0.5290473699569702,12333,0.44700542740306554,5.158788681030273,3.809011772659687e-08,12333,0.024203754518375302,1.3178542852401733,3.925161411177935e-12,3665,0.5018616345436916,5.158788681030273,3.809011772659687e-08
test,veto_only,proxy_mean_veto_q_r4,12333,12333,0.8690217673308228,1.000000238418579,-0.5230544805526733,12333,0.3879362244299096,4.316096782684326,5.100728373008678e-08,12333,0.020989404063813617,1.1260401010513306,3.3031127746191435e-12,3665,0.44104102275300316,4.316096782684326,5.100728373008678e-08
test,veto_only,proxy_mean_veto_q_r8,12333,12333,0.9016997457003082,1.0000003576278687,-0.3942200541496277,12333,0.3250560700107671,4.280633449554443,4.1172633302721806e-08,12333,0.01740703113288286,1.082982063293457,3.6308523462119657e-12,3665,0.3802607750762252,4.280633449554443,4.1172633302721806e-08
test,veto_only,top_1_mean_v,12333,12333,0.8252065708657016,1.0000001192092896,-0.4517431855201721,12333,0.90019023996445,8.426773071289062,1.8556111172074452e-06,12333,0.029978915007056496,1.6852247714996338,8.704725829034032e-09,3665,1.1810852641297478,8.426773071289062,2.2504807930090465e-05
test,veto_only,top_2_mean_v,12333,12333,0.7878105292959263,1.0,-0.34443336725234985,12333,0.9760231394703928,7.4807000160217285,0.00010356389975640923,12333,0.04698993767541172,1.610011100769043,1.820590123102761e-09,3665,1.2401849055558247,7.4807000160217285,0.0011289221001788974
test,veto_only,top_4_mean_v,12333,12333,0.7706601603675854,1.0,-0.23560458421707153,12333,0.8785309057338484,6.055656909942627,0.00010356389975640923,12333,0.04782382413702834,1.6677454710006714,7.435098314800825e-09,3665,1.0933428144765671,6.055656909942627,0.0011289221001788974
test,veto_only,top_8_mean_v,12333,12333,0.7419300575668972,1.0,-0.4498615264892578,12333,0.8080598174230968,4.851695537567139,0.00010356389975640923,12333,0.04758360729618406,1.332411766052246,1.0884606993499801e-08,3665,0.9919583062372916,4.851695537567139,0.0011289221001788974
test,veto_only,uniform_r1,12333,12333,0.5265554469488823,0.999022364616394,-0.3978264331817627,12333,0.9299886149073289,3.479794979095459,0.047924287617206573,12333,0.055327652962697524,1.125907301902771,1.5351808713148785e-08,3665,1.0574046050827304,3.479794979095459,0.07131379097700119
test,veto_only,uniform_r2,12333,12333,0.5513802577920338,0.9997690916061401,-0.3764420747756958,12333,0.9112824536947586,3.5616345405578613,0.02160578966140747,12333,0.0543176416231448,1.1374180316925049,1.5192796354313032e-08,3665,1.0451908024299843,3.5616345405578613,0.04961520433425903
test,veto_only,uniform_r4,12333,12333,0.5848168255583807,0.9999696612358093,-0.3649086356163025,12333,0.8839717907695146,3.790776491165161,0.007834224961698055,12333,0.052975715953444844,1.1452909708023071,1.4958706273660027e-08,3665,1.0235289267961845,3.790776491165161,0.04145476967096329
test,veto_only,uniform_r8,12333,12333,0.6282195385007374,0.9999804496765137,-0.38991641998291016,12333,0.8450581244168324,4.720670223236084,0.006305929273366928,12333,0.05093655674907643,1.1494519710540771,1.5226495619913294e-08,3665,0.9919482070795104,4.720670223236084,0.03205959498882294
test,veto_only,zero,12333,12333,0.0,0.0,0.0,12333,0.9999999994152143,1.0,0.9999999403953552,12333,0.05556824927304305,0.9988405108451843,1.8057283668326818e-08,3665,0.9999999996422095,1.0,0.9999999403953552
