split,candidate,reference,count,candidate_correct,reference_correct,delta_pp,paired_ci95_pp,candidate_overall_sparsity_pct,reference_overall_sparsity_pct,overall_sparsity_gap_pp,candidate_global_sparsity_pct,reference_global_sparsity_pct,global_sparsity_gap_pp,candidate_local_sparsity_pct,reference_local_sparsity_pct,local_sparsity_gap_pp,within2pp_all_types
full,jl_gaussian_r2_s50,jl_gaussian_r8_s50,30,16.0,15.0,3.3333333333333335,"[-10.0, 16.666666666666664]",50.205182880857,50.78100792023631,-0.5758250393793074,51.63106708910373,49.32274597912675,2.30832110997698,49.847106590657425,51.14489286416355,-1.297786273506124,False
full,jl_gaussian_r2_s50,jl_gaussian_r16_s50,30,16.0,11.0,16.666666666666668,"[-3.3333333333333335, 36.666666666666664]",50.205182880857,51.035903991754864,-0.8307211108978585,51.63106708910373,50.68110430659818,0.9499627825055534,49.847106590657425,51.124969005702944,-1.277862415045522,True
full,jl_gaussian_r2_s50,jl_gaussian_r24_s50,30,16.0,16.0,0.0,"[-16.666666666666664, 16.666666666666664]",50.205182880857,50.67194813263354,-0.4667652517765353,51.63106708910373,50.349125206864166,1.2819418822395678,49.847106590657425,50.74933656191642,-0.9022299712589998,True
full,jl_gaussian_r2_s50,jl_gaussian_r32_s50,30,16.0,15.0,3.3333333333333335,"[-16.666666666666664, 23.333333333333332]",50.205182880857,50.66209872342243,-0.4569158425654307,51.63106708910373,50.66969045007185,0.9613766390318856,49.847106590657425,50.66023008176459,-0.813123491107165,True
full,jl_gaussian_r2_s50,full_centered_s50,30,16.0,15.0,3.3333333333333335,"[-10.0, 16.666666666666664]",50.205182880857,51.30589972496203,-1.100716844105032,51.63106708910373,51.42517710361238,0.20588998549135873,49.847106590657425,51.27643520296559,-1.4293286123081617,True
full,jl_gaussian_r4_s50,jl_gaussian_r8_s50,30,13.0,15.0,-6.666666666666667,"[-23.333333333333332, 10.0]",51.01654944287309,50.78100792023631,0.23554152263678407,50.235264227642276,49.32274597912675,0.9125182485155203,51.20632272452566,51.14489286416355,0.06142986036211662,True
full,jl_gaussian_r4_s50,jl_gaussian_r16_s50,30,13.0,11.0,6.666666666666667,"[-13.333333333333334, 26.666666666666668]",51.01654944287309,51.035903991754864,-0.01935454888176702,50.235264227642276,50.68110430659818,-0.4458400789559058,51.20632272452566,51.124969005702944,0.08135371882271869,True
full,jl_gaussian_r4_s50,jl_gaussian_r24_s50,30,13.0,16.0,-10.0,"[-26.666666666666668, 6.666666666666667]",51.01654944287309,50.67194813263354,0.3446013102395562,50.235264227642276,50.349125206864166,-0.11386097922189142,51.20632272452566,50.74933656191642,0.45698616260924085,True
full,jl_gaussian_r4_s50,jl_gaussian_r32_s50,30,13.0,15.0,-6.666666666666667,"[-26.666666666666668, 13.333333333333334]",51.01654944287309,50.66209872342243,0.35445071945066076,50.235264227642276,50.66969045007185,-0.4344262224295736,51.20632272452566,50.66023008176459,0.5460926427610757,True
full,jl_gaussian_r4_s50,full_centered_s50,30,13.0,15.0,-6.666666666666667,"[-23.333333333333332, 10.0]",51.01654944287309,51.30589972496203,-0.2893502820889404,50.235264227642276,51.42517710361238,-1.1899128759701005,51.20632272452566,51.27643520296559,-0.07011247843992097,True
noncalibration24,jl_gaussian_r2_s50,jl_gaussian_r8_s50,24,13.0,13.0,0.0,"[-16.666666666666664, 16.666666666666664]",50.289863911089036,50.82641594057361,-0.5365520294845716,51.78177484558262,49.4028637406139,2.3789111049687115,49.91655179899061,51.183882626746744,-1.2673308277561357,False
noncalibration24,jl_gaussian_r2_s50,jl_gaussian_r16_s50,24,13.0,9.0,16.666666666666668,"[-4.166666666666666, 37.5]",50.289863911089036,51.044619863892606,-0.7547559528035652,51.78177484558262,50.50839535707957,1.2733794885030458,49.91655179899061,51.17846992601767,-1.2619181270270563,True
noncalibration24,jl_gaussian_r2_s50,jl_gaussian_r24_s50,24,13.0,14.0,-4.166666666666667,"[-16.666666666666664, 8.333333333333332]",50.289863911089036,50.790708738484206,-0.5008448273951638,51.78177484558262,50.6286806864784,1.1530941591042176,49.91655179899061,50.829536456999136,-0.9129846580085255,True
noncalibration24,jl_gaussian_r2_s50,jl_gaussian_r32_s50,24,13.0,12.0,4.166666666666667,"[-20.833333333333336, 29.166666666666668]",50.289863911089036,50.708548823676246,-0.4186849125872083,51.78177484558262,51.06525350423654,0.7165213413460769,49.91655179899061,50.62026517455297,-0.7037133755623592,True
noncalibration24,jl_gaussian_r2_s50,full_centered_s50,24,13.0,12.0,4.166666666666667,"[-12.5, 20.833333333333336]",50.289863911089036,51.46903830931324,-1.1791743982242031,51.78177484558262,51.849038064604905,-0.06726321902228438,49.91655179899061,51.37500798042136,-1.4584561814307506,True
noncalibration24,jl_gaussian_r4_s50,jl_gaussian_r8_s50,24,11.0,13.0,-8.333333333333334,"[-25.0, 8.333333333333332]",51.170443271664425,50.82641594057361,0.3440273310908126,50.40911333650085,49.4028637406139,1.0062495958869488,51.35478821668381,51.183882626746744,0.17090558993706484,True
noncalibration24,jl_gaussian_r4_s50,jl_gaussian_r16_s50,24,11.0,9.0,8.333333333333334,"[-12.5, 33.33333333333333]",51.170443271664425,51.044619863892606,0.125823407771819,50.40911333650085,50.50839535707957,-0.09928202057871705,51.35478821668381,51.17846992601767,0.17631829066614424,True
noncalibration24,jl_gaussian_r4_s50,jl_gaussian_r24_s50,24,11.0,14.0,-12.5,"[-25.0, 0.0]",51.170443271664425,50.790708738484206,0.37973453318022043,50.40911333650085,50.6286806864784,-0.21956734997754523,51.35478821668381,50.829536456999136,0.5252517596846751,True
noncalibration24,jl_gaussian_r4_s50,jl_gaussian_r32_s50,24,11.0,12.0,-4.166666666666667,"[-25.0, 16.666666666666664]",51.170443271664425,50.708548823676246,0.4618944479881759,50.40911333650085,51.06525350423654,-0.656140167735686,51.35478821668381,50.62026517455297,0.7345230421308413,True
noncalibration24,jl_gaussian_r4_s50,full_centered_s50,24,11.0,12.0,-4.166666666666667,"[-20.833333333333336, 12.5]",51.170443271664425,51.46903830931324,-0.2985950376488189,50.40911333650085,51.849038064604905,-1.4399247281040473,51.35478821668381,51.37500798042136,-0.02021976373755008,True
calibration6,jl_gaussian_r2_s50,jl_gaussian_r8_s50,6,3.0,2.0,16.666666666666668,"[0.0, 50.0]",49.94396330098335,50.60122740550257,-0.6572641045192174,51.171577443927205,48.99744068120933,2.174136762717871,49.632253190060446,50.99148300481142,-1.3592298147509785,False
calibration6,jl_gaussian_r2_s50,jl_gaussian_r16_s50,6,3.0,2.0,16.666666666666668,"[0.0, 50.0]",49.94396330098335,51.01023121236609,-1.0662679113827345,51.171577443927205,51.180897435897435,-0.009319991970224706,49.632253190060446,50.96667539181363,-1.3344222017531882,True
calibration6,jl_gaussian_r2_s50,jl_gaussian_r24_s50,6,3.0,2.0,16.666666666666668,"[-33.33333333333333, 66.66666666666666]",49.94396330098335,50.28031086798952,-0.33634756700616775,51.171577443927205,49.42841025476892,1.74316718915829,49.632253190060446,50.48478010370655,-0.8525269136461067,True
calibration6,jl_gaussian_r2_s50,jl_gaussian_r32_s50,6,3.0,3.0,0.0,"[0.0, 0.0]",49.94396330098335,50.495021464345335,-0.5510581633619838,51.171577443927205,49.21753211605081,1.954045327876397,49.632253190060446,50.803265128428386,-1.171011938367944,True
calibration6,jl_gaussian_r2_s50,full_centered_s50,6,3.0,3.0,0.0,"[0.0, 0.0]",49.94396330098335,50.71056932079935,-0.7666060198159963,51.171577443927205,49.868485470625394,1.303091973301812,49.632253190060446,50.917286965961075,-1.2850337759006292,True
calibration6,jl_gaussian_r4_s50,jl_gaussian_r8_s50,6,2.0,2.0,0.0,"[-50.0, 50.0]",50.50422186117667,50.60122740550257,-0.09700554432590103,49.66279034781562,48.99744068120933,0.6653496666062853,50.71074883686582,50.99148300481142,-0.28073416794560657,True
calibration6,jl_gaussian_r4_s50,jl_gaussian_r16_s50,6,2.0,2.0,0.0,"[-50.0, 50.0]",50.50422186117667,51.01023121236609,-0.5060093511894181,49.66279034781562,51.180897435897435,-1.5181070880818104,50.71074883686582,50.96667539181363,-0.25592655494781624,True
calibration6,jl_gaussian_r4_s50,jl_gaussian_r24_s50,6,2.0,2.0,0.0,"[-66.66666666666666, 66.66666666666666]",50.50422186117667,50.28031086798952,0.22391099318714858,49.66279034781562,49.42841025476892,0.23438009304670437,50.71074883686582,50.48478010370655,0.22596873315926524,True
calibration6,jl_gaussian_r4_s50,jl_gaussian_r32_s50,6,2.0,3.0,-16.666666666666668,"[-50.0, 0.0]",50.50422186117667,50.495021464345335,0.009200396831332558,49.66279034781562,49.21753211605081,0.4452582317648113,50.71074883686582,50.803265128428386,-0.09251629156257213,True
calibration6,jl_gaussian_r4_s50,full_centered_s50,6,2.0,3.0,-16.666666666666668,"[-50.0, 0.0]",50.50422186117667,50.71056932079935,-0.20634745962267997,49.66279034781562,49.868485470625394,-0.20569512280977365,50.71074883686582,50.917286965961075,-0.20653812909525726,True
