benchmark,split,condition,name,target,config,method,thresholds,count,accuracy,dense_accuracy,delta,paired_ci95,matching_tokens,compared_tokens,token_agreement,sequence_exact_match,relative_accuracy,length_terminated,empty_outputs,overall_eligible,overall_skipped,overall_softmax_skipped,overall_pv_omitted,overall_compensated,overall_mass_sum,overall_rows,overall_error_sq,overall_dense_sq,overall_denominator_mass_sum,overall_same_budget_best_mass_sum,overall_wrongly_replaced_vs_mass,overall_unnecessarily_retained_vs_mass,overall_physical_sparsity,overall_pv_omission,overall_mass,overall_denominator_mass,overall_relative_error,overall_rescued_rows,overall_prefix_eligible,overall_prefix_skipped,overall_prefix_replaced,overall_canvas_eligible,overall_canvas_skipped,overall_canvas_replaced,overall_boundary_eligible,overall_boundary_skipped,overall_boundary_replaced,overall_softmax_sparsity,overall_compensation_fraction,overall_mass_selection_gap,overall_wrongly_replaced_fraction,overall_rescued_row_rate,overall_prefix_sparsity,overall_canvas_sparsity,overall_boundary_sparsity,global_eligible,global_skipped,global_softmax_skipped,global_pv_omitted,global_compensated,global_mass_sum,global_rows,global_error_sq,global_dense_sq,global_denominator_mass_sum,global_same_budget_best_mass_sum,global_wrongly_replaced_vs_mass,global_unnecessarily_retained_vs_mass,global_physical_sparsity,global_pv_omission,global_mass,global_denominator_mass,global_relative_error,global_rescued_rows,global_prefix_eligible,global_prefix_skipped,global_prefix_replaced,global_canvas_eligible,global_canvas_skipped,global_canvas_replaced,global_boundary_eligible,global_boundary_skipped,global_boundary_replaced,global_softmax_sparsity,global_compensation_fraction,global_mass_selection_gap,global_wrongly_replaced_fraction,global_rescued_row_rate,global_prefix_sparsity,global_canvas_sparsity,global_boundary_sparsity,local_eligible,local_skipped,local_softmax_skipped,local_pv_omitted,local_compensated,local_mass_sum,local_rows,local_error_sq,local_dense_sq,local_denominator_mass_sum,local_same_budget_best_mass_sum,local_wrongly_replaced_vs_mass,local_unnecessarily_retained_vs_mass,local_physical_sparsity,local_pv_omission,local_mass,local_denominator_mass,local_relative_error,local_rescued_rows,local_prefix_eligible,local_prefix_skipped,local_prefix_replaced,local_canvas_eligible,local_canvas_skipped,local_canvas_replaced,local_boundary_eligible,local_boundary_skipped,local_boundary_replaced,local_softmax_sparsity,local_compensation_fraction,local_mass_selection_gap,local_wrongly_replaced_fraction,local_rescued_row_rate,local_prefix_sparsity,local_canvas_sparsity,local_boundary_sparsity,overall_mass_sample_p10_p50_p90,overall_relative_error_sample_p10_p50_p90,overall_physical_sparsity_sample_p10_p50_p90,global_mass_sample_p10_p50_p90,global_relative_error_sample_p10_p50_p90,global_physical_sparsity_sample_p10_p50_p90,local_mass_sample_p10_p50_p90,local_relative_error_sample_p10_p50_p90,local_physical_sparsity_sample_p10_p50_p90,equal_task_macro,dense_equal_task_macro,correct,unparsed_answers
aime26,calibration6,blasst_aggressive_s50,blasst_aggressive,0.5,"{""method"": ""blasst""}",blasst,"{""global"": {""log_scale"": 7.779279118037186, ""source"": ""existing AIME26 refined aggressive policy"", ""source_sha256"": ""25f4b8a909373450454895db3594bdd80091ffde568115199c9c2a74095e1bd1""}, ""local"": {""log_scale"": 8.091333801578767, ""source"": ""existing AIME26 refined aggressive policy"", ""source_sha256"": ""25f4b8a909373450454895db3594bdd80091ffde568115199c9c2a74095e1bd1""}}",6,0.3333333333333333,0.5,-0.16666666666666666,"(-0.5, 0.0)",182,10254,0.017749171055197972,0.0,0.6666666666666666,1,0,10155680.0,5223770.0,5223770.0,5223770.0,0.0,70074792.13222244,102973440.0,3370698713.9605184,11967162301.333496,70074792.13222244,79745962.32236862,1231005.0,1231005.0,0.5143692987569518,0.5143692987569518,0.6805132676175764,0.6805132676175764,0.5307186838300222,0.0,6133280.0,3094112.0,3094112.0,3217920.0,1725849.0,1725849.0,804480.0,403809.0,403809.0,0.5143692987569518,0.0,0.09391907457055118,0.12121344902556992,0.0,0.5044791693840815,0.5363243958830549,0.5019503281622911,1921280.0,951923.0,951923.0,951923.0,0.0,12001569.489307523,17162240.0,585439830.2870995,3335588871.895508,12001569.489307523,13043674.272276878,162135.0,162135.0,0.4954629205529647,0.4954629205529647,0.6993008773509474,0.6993008773509474,0.4189429389049688,0.0,1250880.0,612986.0,612986.0,536320.0,282006.0,282006.0,134080.0,56931.0,56931.0,0.4954629205529647,0.0,0.060720790699195185,0.08438905313124584,0.0,0.4900438091583525,0.5258166766109785,0.42460471360381863,8234400.0,4271847.0,4271847.0,4271847.0,0.0,58073222.64291492,85811200.0,2785258883.673419,8631573429.437988,58073222.64291492,66702288.05009174,1068870.0,1068870.0,0.5187806033226464,0.5187806033226464,0.6767557456709021,0.6767557456709021,0.5680516155484506,0.0,4882400.0,2481126.0,2481126.0,2681600.0,1443843.0,1443843.0,670400.0,346878.0,346878.0,0.5187806033226464,0.0,0.10055873134482238,0.12980545030603322,0.0,0.5081775356382107,0.5384259397374702,0.5174194510739857,"[0.5173936051536253, 0.7001820550849921, 0.7205756401228547]","[0.44906690345676725, 0.49391014430602026, 0.7205208589254604]","[0.4949130105855333, 0.511922070388247, 0.6210541901765045]","[0.5080367734648462, 0.7246884329706467, 0.7482071843474671]","[0.3378369183080453, 0.38463944853802723, 0.5906200784736657]","[0.46393279407904636, 0.4985143498020207, 0.5996921115451389]","[0.5192649714913811, 0.6952807795078612, 0.715049331277932]","[0.48567386969296383, 0.5301271220410091, 0.764705353084637]","[0.4998966283862295, 0.5168534554183409, 0.6253266059027778]",0.3333333333333333,0.5,2.0,0
aime26,calibration6,blasst_original_s50,blasst_original,0.5,"{""method"": ""blasst""}",blasst,"{""global"": {""cap_one"": true, ""log_threshold"": 0.0, ""source"": ""exact lambda1 fallback for this attention type only"", ""unattainable"": true}, ""local"": {""cap_one"": true, ""log_threshold"": 0.0, ""source"": ""exact lambda1 fallback for this attention type only"", ""unattainable"": true}}",6,0.5,0.5,0.0,"(0.0, 0.0)",448,9423,0.04754324525098164,0.0,1.0,0,0,7803040.0,2204814.0,2204814.0,2204814.0,0.0,59699484.56771755,63897600.0,148896791.82168892,6982675023.9096985,59699484.56771755,61188231.4990406,591734.0,591734.0,0.2825583362381841,0.2825583362381841,0.9342993252910524,0.9342993252910524,0.14602652656245235,0.0,5307040.0,1629122.0,1629122.0,1996800.0,485085.0,485085.0,499200.0,90607.0,90607.0,0.2825583362381841,0.0,0.023298949120515503,0.0758337776046259,0.0,0.30697375561518286,0.24293118990384616,0.18150440705128204,1511040.0,549852.0,549852.0,549852.0,0.0,9619675.265154839,10649600.0,58165851.88277685,2001385678.2961426,9619675.265154839,9790411.153335571,88567.0,88567.0,0.36388977128335454,0.36388977128335454,0.9032898198199781,0.9032898198199781,0.17047812206454271,0.0,1095040.0,449303.0,449303.0,332800.0,86776.0,86776.0,83200.0,13773.0,13773.0,0.36388977128335454,0.0,0.016032140942451617,0.05861327297755189,0.0,0.4103073860315605,0.26074519230769233,0.16554086538461538,6292000.0,1654962.0,1654962.0,1654962.0,0.0,50079809.30256271,53248000.0,90730939.93891206,4981289345.613556,50079809.30256271,51397820.34570503,503167.0,503167.0,0.2630263827082009,0.2630263827082009,0.9405012263852673,0.9405012263852673,0.13496054409929467,0.0,4212000.0,1179819.0,1179819.0,1664000.0,398309.0,398309.0,416000.0,76834.0,76834.0,0.2630263827082009,0.0,0.02475231075612828,0.07996932612841703,0.0,0.28010897435897436,0.23936838942307692,0.1846971153846154,"[0.9310942131849897, 0.9332098356053291, 0.9385267706001548]","[0.14037960445623626, 0.1451930479806937, 0.14949465762532987]","[0.2675875025390928, 0.2895341386284265, 0.30267563868613134]","[0.8935093618671663, 0.9077224525484728, 0.9240379446113388]","[0.15567075777415082, 0.16536623826029398, 0.1795650813314027]","[0.3044466089072944, 0.3395336002951257, 0.3915232268920208]","[0.9356716507967584, 0.9390751808355735, 0.9435961998308409]","[0.13169636375489768, 0.1352866122491492, 0.13841868369748606]","[0.2466912420609434, 0.2745273121453762, 0.29555811879652605]",0.5,0.5,3.0,0
aime26,calibration6,dense,dense,0.0,{},dense,,6,0.5,0.5,0.0,"(0.0, 0.0)",9052,9052,1.0,1.0,1.0,1,0,9073520.0,0.0,0.0,0.0,0.0,72253439.97746277,72253440.0,2.7181293168540045e-05,7957463921.763306,72253439.97746277,72253439.98387146,0.0,0.0,0.0,0.0,0.9999999996880808,0.9999999996880808,5.844504781096942e-08,0.0,6251120.0,0.0,0.0,2257920.0,0.0,0.0,564480.0,0.0,0.0,0.0,0.0,8.8697388058617e-11,0.0,0.0,0.0,0.0,0.0,1790720.0,0.0,0.0,0.0,0.0,12042239.997688293,12042240.0,5.245010683177509e-06,2286988228.536133,12042239.997688293,12042239.997283936,0.0,0.0,0.0,0.0,0.9999999998080336,0.9999999998080336,4.7889601581828827e-08,0.0,1320320.0,0.0,0.0,376320.0,0.0,0.0,94080.0,0.0,0.0,0.0,0.0,-3.357829690790501e-11,0.0,0.0,0.0,0.0,0.0,7282800.0,0.0,0.0,0.0,0.0,60211199.979774475,60211200.0,2.1936282485362536e-05,5670475693.227173,60211199.979774475,60211199.986587524,0.0,0.0,0.0,0.0,0.9999999996640904,0.9999999996640904,6.219733382931984e-08,0.0,4930800.0,0.0,0.0,1881600.0,0.0,0.0,470400.0,0.0,0.0,0.0,0.0,1.131525250519214e-10,0.0,0.0,0.0,0.0,0.0,"[0.9999999993430433, 0.999999999740826, 0.9999999997669544]","[5.223758246659457e-08, 5.399473640637724e-08, 8.263977049195048e-08]","[0.0, 0.0, 0.0]","[0.9999999995194302, 0.9999999998491624, 0.999999999883256]","[4.233849313902474e-08, 4.4528051704618e-08, 6.708909666007614e-08]","[0.0, 0.0, 0.0]","[0.999999999307766, 0.9999999997163413, 0.9999999997465114]","[5.567047315936286e-08, 5.737867255354371e-08, 8.849853523042405e-08]","[0.0, 0.0, 0.0]",0.5,0.5,3.0,0
aime26,calibration6,full_centered_s50,full_centered,0.5,"{""family"": ""identity""}",centered,"{""global"": {""log_threshold"": -1.2118581533432007}, ""local"": {""log_threshold"": -0.7402970194816589}}",6,0.5,0.5,0.0,"(0.0, 0.0)",412,9723,0.042373752956906305,0.0,1.0,2,0,12850400.0,6516511.0,0.0,6516511.0,0.0,73812308.4061656,101130240.0,727342307.6698579,10756229168.413422,73812308.4061656,88927075.42009449,2066635.0,2066635.0,0.5071056932079935,0.5071056932079935,0.7298737588891868,0.7298737588891868,0.2600395475779997,0.0,8900000.0,4919571.0,4919571.0,3160320.0,1315363.0,1315363.0,790080.0,281577.0,281577.0,0.0,0.0,0.1494584311668685,0.16082262030753908,0.0,0.5527607865168539,0.4162119658768732,0.35639049210206564,2532800.0,1263069.0,0.0,1263069.0,0.0,13464079.438443184,16855040.0,91183286.93068664,3069193221.2141113,13464079.438443184,14556488.905007362,300328.0,300328.0,0.49868485470625395,0.49868485470625395,0.7988162257961526,0.7988162257961526,0.17236358027882603,0.0,1874400.0,1020383.0,1020383.0,526720.0,200417.0,200417.0,131680.0,42269.0,42269.0,0.0,0.0,0.06481203643326734,0.118575489576753,0.0,0.5443784677763551,0.3805000759416768,0.3209978736330498,10317600.0,5253442.0,0.0,5253442.0,0.0,60348228.96772241,84275200.0,636159020.7391711,7687035947.19931,60348228.96772241,74370586.51508713,1766307.0,1766307.0,0.5091728696596107,0.5091728696596107,0.7160852655077936,0.7160852655077936,0.28767583937076247,0.0,7025600.0,3899188.0,3899188.0,2633600.0,1114946.0,1114946.0,658400.0,239308.0,239308.0,0.0,0.0,0.1663877101135888,0.17119359153291464,0.0,0.5549971532680483,0.4233543438639125,0.36346901579586877,"[0.7046712683622443, 0.7408091919352726, 0.7712692445527618]","[0.2291482874369229, 0.2573324095396563, 0.27102493679240336]","[0.48482789091389855, 0.49877423936830667, 0.5210710391638997]","[0.768658989133453, 0.8133139470300867, 0.863855812563517]","[0.13643544595350093, 0.16203372020567128, 0.18917883706621458]","[0.39480063516021424, 0.45085318852396844, 0.5356129114758478]","[0.6918737242080024, 0.7263082409163099, 0.7527519309506108]","[0.2586683077449399, 0.28674062174070997, 0.29703415195634764]","[0.5022343317090008, 0.5077713500306662, 0.5191151461391406]",0.5,0.5,3.0,0
aime26,calibration6,jl_gaussian_r16_s50,jl_gaussian_r16,0.5,"{""family"": ""gaussian"", ""rank"": 16}",centered,"{""global"": {""log_threshold"": -1.2361350059509277}, ""local"": {""log_threshold"": -0.7595282196998596}}",6,0.3333333333333333,0.5,-0.16666666666666666,"(-0.5, 0.0)",486,10020,0.048502994011976046,0.0,0.6666666666666666,3,0,15345200.0,7827622.0,0.0,7827622.0,0.0,86568190.4346755,119070720.0,880562482.038855,12669888592.186646,86568190.4346755,104510013.83903599,2467797.0,2467797.0,0.5101023121236609,0.5101023121236609,0.7270317205999552,0.7270317205999552,0.2636293086623327,0.0,10694000.0,5935550.0,5935550.0,3720960.0,1550733.0,1550733.0,930240.0,341339.0,341339.0,0.0,0.0,0.15068207704094247,0.16081882282407528,0.0,0.5550355339442679,0.4167561597007224,0.36693648950808394,3120000.0,1596844.0,0.0,1596844.0,0.0,15813711.679018497,19845120.0,108036041.21261016,3598003569.2802734,15813711.679018497,17104965.74118042,353904.0,353904.0,0.5118089743589743,0.5118089743589743,0.7968564402240197,0.7968564402240197,0.17328203356678684,0.0,2344800.0,1307987.0,1307987.0,620160.0,242423.0,242423.0,155040.0,46434.0,46434.0,0.0,0.0,0.06506657869349858,0.11343076923076922,0.0,0.5578245479358581,0.39090396026831786,0.2994969040247678,12225200.0,6230778.0,0.0,6230778.0,0.0,70754478.755657,99225600.0,772526440.8262447,9071885022.906372,70754478.755657,87405048.09785557,2113893.0,2113893.0,0.5096667539181363,0.5096667539181363,0.7130667766751423,0.7130667766751423,0.2918151987308932,0.0,8349200.0,4627563.0,4627563.0,3100800.0,1308310.0,1308310.0,775200.0,294905.0,294905.0,0.0,0.0,0.16780517671043124,0.17291275398357492,0.0,0.5542522636899344,0.4219265995872033,0.3804244066047472,"[0.6995886797712655, 0.7448907204458981, 0.7769793846751698]","[0.22863722366936406, 0.25426288358461907, 0.2765674638185142]","[0.491914947669719, 0.4961021153590095, 0.5237388167515775]","[0.7574462952129, 0.8198419102841782, 0.871669723016509]","[0.13046575146151235, 0.1611753582840367, 0.19235879540765372]","[0.39244862522319535, 0.47369480296920513, 0.5552932865525689]","[0.6880171566829386, 0.7299004824782422, 0.758041317006902]","[0.25927613303313213, 0.2811773493845492, 0.3047151656057989]","[0.4976204258345731, 0.5087810915518352, 0.5221358350351128]",0.3333333333333333,0.5,2.0,0
aime26,calibration6,jl_gaussian_r24_s50,jl_gaussian_r24,0.5,"{""family"": ""gaussian"", ""rank"": 24}",centered,"{""global"": {""log_threshold"": -1.2361350059509277}, ""local"": {""log_threshold"": -0.7595282196998596}}",6,0.3333333333333333,0.5,-0.16666666666666666,"(-0.6666666666666666, 0.3333333333333333)",447,9834,0.045454545454545456,0.0,0.6666666666666666,1,0,12913520.0,6492958.0,0.0,6492958.0,0.0,75135450.10977696,103096320.0,749904969.6233934,10994424709.431671,75135450.10977696,90440622.89501,2114834.0,2114834.0,0.5028031086798952,0.5028031086798952,0.7287888656915879,0.7287888656915879,0.26116613445493464,0.0,8886320.0,4855948.0,4855948.0,3221760.0,1354429.0,1354429.0,805440.0,282581.0,282581.0,0.0,0.0,0.14845508341357902,0.1637689801076701,0.0,0.5464520746495737,0.4204003401867302,0.3508405343663091,2499520.0,1235473.0,0.0,1235473.0,0.0,13615151.195739746,17182720.0,96051434.05168387,3136460453.3825684,13615151.195739746,14747872.547245026,300133.0,300133.0,0.4942841025476892,0.4942841025476892,0.7923746179731582,0.7923746179731582,0.17499757018942255,0.0,1828320.0,981950.0,981950.0,536960.0,212326.0,212326.0,134240.0,41197.0,41197.0,0.0,0.0,0.0659221212651594,0.12007625464089106,0.0,0.5370777544412356,0.3954223778307509,0.30689064362336116,10414000.0,5257485.0,0.0,5257485.0,0.0,61520298.91403721,85913600.0,653853535.5717095,7857964256.049103,61520298.91403721,75692750.34776497,1814701.0,1814701.0,0.5048478010370655,0.5048478010370655,0.7160717152352737,0.7160717152352737,0.28845974398182905,0.0,7058000.0,3873998.0,3873998.0,2684800.0,1142103.0,1142103.0,671200.0,241384.0,241384.0,0.0,0.0,0.16496167584326296,0.17425590551181103,0.0,0.5488804193822613,0.4253959326579261,0.3596305125148987,"[0.6995396016857626, 0.741958272442585, 0.7771746020691481]","[0.23720930184078898, 0.25844894009569186, 0.27265233120176724]","[0.48439393021255134, 0.4974665916393989, 0.5131327992423694]","[0.7389435141223575, 0.8226636408272563, 0.8648141742060242]","[0.13515765276167113, 0.15979220069492295, 0.2006794702727549]","[0.41020848899764634, 0.46911497872711366, 0.5321152005021614]","[0.6916588191984436, 0.7258171987656508, 0.7596466876417729]","[0.26514139958897126, 0.2872094608997334, 0.3012569774063779]","[0.4986158367152448, 0.5052508964706762, 0.5081568008092481]",0.3333333333333333,0.5,2.0,0
aime26,calibration6,jl_gaussian_r2_s50,jl_gaussian_r2,0.5,"{""family"": ""gaussian"", ""rank"": 2}",centered,"{""global"": {""log_threshold"": -1.2668640613555908}, ""local"": {""log_threshold"": -0.8551128506660461}}",6,0.5,0.5,0.0,"(0.0, 0.0)",526,9862,0.05333603731494626,0.0,1.0,3,0,14936640.0,7459950.0,0.0,7459950.0,0.0,84927420.3214067,115752960.0,978055472.0337808,12311074140.056458,84927420.3214067,102039328.54845905,2389089.0,2389089.0,0.4994396330098335,0.4994396330098335,0.7336954521198137,0.7336954521198137,0.28186020940010176,0.0,10415040.0,5621321.0,5621321.0,3617280.0,1506255.0,1506255.0,904320.0,332374.0,332374.0,0.0,0.0,0.1478312798830574,0.1599482212867151,0.0,0.5397311004086398,0.41640542064755837,0.36754025123849965,3024640.0,1547756.0,0.0,1547756.0,0.0,15248791.733596802,19292160.0,136609582.1820294,3476745210.7976074,15248791.733596802,16493574.800179482,344372.0,344372.0,0.5117157744392721,0.5117157744392721,0.7904139159947254,0.7904139159947254,0.19822304761284731,0.0,2271040.0,1256011.0,1256011.0,602880.0,242713.0,242713.0,150720.0,49032.0,49032.0,0.0,0.0,0.06452274222184969,0.11385553322048243,0.0,0.5530554283500071,0.40258923832271765,0.32531847133757963,11912000.0,5912194.0,0.0,5912194.0,0.0,69678628.5878099,96460800.0,841445889.8517514,8834328929.25885,69678628.5878099,85545753.74827957,2044717.0,2044717.0,0.49632253190060444,0.49632253190060444,0.7223517593448313,0.7223517593448313,0.3086215968496419,0.0,8144000.0,4365310.0,4365310.0,3014400.0,1263542.0,1263542.0,753600.0,283342.0,283342.0,0.0,0.0,0.1644929874152989,0.17165186366689053,0.0,0.5360154715127702,0.41916865711252654,0.37598460721868365,"[0.7132414033307207, 0.7379088520235342, 0.7914641145938945]","[0.24725320328424505, 0.2842131283402682, 0.29091357657828376]","[0.47220233762455416, 0.4934366372163186, 0.5070522883948239]","[0.7594290750648185, 0.8030178213996473, 0.8685356369996615]","[0.15934402590034213, 0.19293134417638122, 0.2124444452408984]","[0.3786071634028365, 0.48005031564178874, 0.5468457343458366]","[0.7040038689839012, 0.7248870581483116, 0.7760498101127411]","[0.27602051971309555, 0.3102756252541662, 0.31879523741994]","[0.4879664444761024, 0.4957556840768642, 0.5003593518980062]",0.5,0.5,3.0,0
aime26,calibration6,jl_gaussian_r32_s50,jl_gaussian_r32,0.5,"{""family"": ""gaussian"", ""rank"": 32}",centered,"{""global"": {""log_threshold"": -1.2361350059509277}, ""local"": {""log_threshold"": -0.7595282196998596}}",6,0.5,0.5,0.0,"(0.0, 0.0)",626,9247,0.06769763166432356,0.0,1.0,1,0,11404960.0,5758937.0,0.0,5758937.0,0.0,65612499.791829295,89948160.0,652203291.1081499,9556909914.281555,65612499.791829295,79216566.09789276,1857584.0,1857584.0,0.5049502146434534,0.5049502146434534,0.7294479374767565,0.7294479374767565,0.2612358325146761,0.0,7891360.0,4354147.0,4354147.0,2810880.0,1150250.0,1150250.0,702720.0,254540.0,254540.0,0.0,0.0,0.15124340849288598,0.16287509995651014,0.0,0.5517612933638815,0.4092134847449909,0.36222108378870677,2216960.0,1091133.0,0.0,1091133.0,0.0,11978345.654505253,14991360.0,78648026.25489756,2737394091.1208496,11978345.654505253,12988246.165138245,270333.0,270333.0,0.4921753211605081,0.4921753211605081,0.7990166105346849,0.7990166105346849,0.16950216563180714,0.0,1631360.0,879973.0,879973.0,468480.0,175354.0,175354.0,117120.0,35806.0,35806.0,0.0,0.0,0.06736550323873162,0.12193860060623557,0.0,0.5394106757551981,0.3743041325136612,0.30572062841530057,9188000.0,4667804.0,0.0,4667804.0,0.0,53634154.13732404,74956800.0,573555264.8532523,6819515823.160706,53634154.13732404,66228319.93275452,1587251.0,1587251.0,0.5080326512842839,0.5080326512842839,0.7155342028651709,0.7155342028651709,0.2900085918785547,0.0,6260000.0,3474174.0,3474174.0,2342400.0,974896.0,974896.0,585600.0,218734.0,218734.0,0.0,0.0,0.16801898954371683,0.1727526121027427,0.0,0.5549798722044729,0.41619535519125683,0.373521174863388,"[0.7067897763957596, 0.7420536583928588, 0.7709286924657393]","[0.23394745746816603, 0.24427222478489768, 0.2790013798392588]","[0.48505549169909545, 0.5024255224408395, 0.5153963453863094]","[0.7715861734082883, 0.8080763933877677, 0.8623874973801264]","[0.1369012777501471, 0.1653181536773871, 0.18243219268822836]","[0.419342867468794, 0.458701647512044, 0.521763063292506]","[0.693574377869248, 0.7291052305178827, 0.7526369314828619]","[0.26453792123697256, 0.2691706700952795, 0.3091221154014409]","[0.498267820179396, 0.5036518102679861, 0.5223874603348287]",0.5,0.5,3.0,0
aime26,calibration6,jl_gaussian_r4_s50,jl_gaussian_r4,0.5,"{""family"": ""gaussian"", ""rank"": 4}",centered,"{""global"": {""log_threshold"": -1.2361350059509277}, ""local"": {""log_threshold"": -0.7595282196998596}}",6,0.3333333333333333,0.5,-0.16666666666666666,"(-0.5, 0.0)",395,9997,0.03951185355606682,0.0,0.6666666666666666,2,0,13491680.0,6813868.0,0.0,6813868.0,0.0,78333902.71863613,107888640.0,868730126.6022909,11510720987.843536,78333902.71863613,94537967.35182571,2184292.0,2184292.0,0.5050422186117667,0.5050422186117667,0.7260625652398263,0.7260625652398263,0.27472056929601596,0.0,9277280.0,5079298.0,5079298.0,3371520.0,1421302.0,1421302.0,842880.0,313268.0,313268.0,0.0,0.0,0.15019250064872064,0.16189918527566619,0.0,0.547498620285256,0.4215611949506454,0.37166381928625664,2658880.0,1320474.0,0.0,1320474.0,0.0,14387376.989070892,17981440.0,103285180.953995,3290604573.909912,14387376.989070892,15586821.949362755,311746.0,311746.0,0.4966279034781562,0.4966279034781562,0.8001237380916596,0.8001237380916596,0.1771663177574641,0.0,1956480.0,1060764.0,1060764.0,561920.0,215084.0,215084.0,140480.0,44626.0,44626.0,0.0,0.0,0.0667046109928828,0.11724711156577206,0.0,0.5421798331697743,0.38276623006833715,0.31766799544419133,10832800.0,5493394.0,0.0,5493394.0,0.0,63946525.72956523,89907200.0,765444945.6482959,8220116413.933624,63946525.72956523,78951145.40246296,1872546.0,1872546.0,0.5071074883686582,0.5071074883686582,0.7112503306694595,0.7112503306694595,0.3051532472403466,0.0,7320800.0,4018534.0,4018534.0,2809600.0,1206218.0,1206218.0,702400.0,268642.0,268642.0,0.0,0.0,0.16689007857988822,0.17285890997710657,0.0,0.5489200633810513,0.4293201879271071,0.3824629840546697,"[0.7071331308419493, 0.720325451413091, 0.7723324985148405]","[0.24615662272522765, 0.27970093796879014, 0.28503273902138615]","[0.4786940284822113, 0.5009056004814251, 0.5171429297581147]","[0.7688808896683925, 0.8020784380351005, 0.8626829258593736]","[0.1447817674607889, 0.17700104280199108, 0.19167743251630526]","[0.386346173679868, 0.4713478747660093, 0.5432364197091658]","[0.6947835790766606, 0.7039748540886891, 0.7542624130459339]","[0.278113894112457, 0.3088110075841618, 0.3166750972810867]","[0.49760172693366383, 0.502931336714137, 0.515226931209289]",0.3333333333333333,0.5,2.0,0
aime26,calibration6,jl_gaussian_r8_s50,jl_gaussian_r8,0.5,"{""family"": ""gaussian"", ""rank"": 8}",centered,"{""global"": {""log_threshold"": -1.268207311630249}, ""local"": {""log_threshold"": -0.7595282196998596}}",6,0.3333333333333333,0.5,-0.16666666666666666,"(-0.5, 0.0)",384,9616,0.03993344425956739,0.0,0.6666666666666666,1,0,12817280.0,6485701.0,0.0,6485701.0,0.0,74644358.32229286,102604800.0,769039599.7411312,10907058460.87732,74644358.32229286,89802827.90700245,2056311.0,2056311.0,0.5060122740550257,0.5060122740550257,0.7274938240929554,0.7274938240929554,0.2655342405616157,0.0,8809280.0,4837369.0,4837369.0,3206400.0,1356107.0,1356107.0,801600.0,292225.0,292225.0,0.0,0.0,0.14773645662492968,0.16043271271283768,0.0,0.5491219486723092,0.4229375623752495,0.36455214570858285,2508480.0,1229091.0,0.0,1229091.0,0.0,13736004.627224922,17100800.0,89468982.24531184,3079441232.0720215,13736004.627224922,14720808.272035599,289638.0,289638.0,0.48997440681209337,0.48997440681209337,0.8032375460343915,0.8032375460343915,0.17045128839948265,0.0,1840480.0,985474.0,985474.0,534400.0,200780.0,200780.0,133600.0,42837.0,42837.0,0.0,0.0,0.05758816223864829,0.11546354764638346,0.0,0.5354440146048857,0.3757110778443114,0.32063622754491017,10308800.0,5256610.0,0.0,5256610.0,0.0,60908353.69506794,85504000.0,679570617.4958193,7827617228.805298,60908353.69506794,75082019.63496685,1766673.0,1766673.0,0.5099148300481142,0.5099148300481142,0.7123450797046681,0.7123450797046681,0.2946473274838297,0.0,6968800.0,3851895.0,3851895.0,2672000.0,1155327.0,1155327.0,668000.0,249388.0,249388.0,0.0,0.0,0.16576611550218595,0.1713752328108024,0.0,0.5527343301572725,0.4323828592814371,0.37333532934131736,"[0.7087842775860027, 0.7392364982663995, 0.7771568759569076]","[0.2334812374521722, 0.25392342125715517, 0.2788894795957677]","[0.4682197199490614, 0.49931131631325076, 0.5181749019417816]","[0.7757774100558266, 0.8253142234187729, 0.874960829664329]","[0.13395940353829566, 0.15943403531638706, 0.18326285717057547]","[0.35210087810062296, 0.43700721650625884, 0.5280366553570923]","[0.695385651092038, 0.7220209532359247, 0.7575960852154233]","[0.2642112391604289, 0.28316011829677745, 0.30781240910263025]","[0.49123946417702535, 0.5094015056716337, 0.5188431202435312]",0.3333333333333333,0.5,2.0,0
aime26,calibration6,mass_s50,mass,0.5,"{""method"": ""mass""}",mass,"{""global"": {""dense_unattainable"": false, ""log_threshold"": -0.045639991760253906}, ""local"": {""dense_unattainable"": false, ""log_threshold"": -0.018442153930664062}}",6,0.5,0.5,0.0,"(0.0, 0.0)",596,10100,0.05900990099009901,0.0,1.0,2,0,12749120.0,6445376.0,6445376.0,6445376.0,0.0,77335945.9371996,102481920.0,990461135.3383237,11177402682.988312,77335945.9371996,88869349.28827572,1823750.0,1823750.0,0.5055545794533269,0.5055545794533269,0.7546301429286218,0.7546301429286218,0.29767904984842647,0.0,8745920.0,4587979.0,4587979.0,3202560.0,1531584.0,1531584.0,800640.0,325813.0,325813.0,0.5055545794533269,0.0,0.11254085941282253,0.1430490888782912,0.0,0.5245850636639713,0.4782374100719424,0.40694069744204636,2497920.0,1297229.0,1297229.0,1297229.0,0.0,13330199.372553825,17080320.0,167436222.37810147,3114101359.9978027,13330199.372553825,14357595.386945724,260205.0,260205.0,0.5193236772995132,0.5193236772995132,0.7804420158728774,0.7804420158728774,0.2318773542895231,0.0,1830720.0,1014817.0,1014817.0,533760.0,239699.0,239699.0,133440.0,42713.0,42713.0,0.5193236772995132,0.0,0.06015086452665402,0.10416866833205227,0.0,0.55432671298724,0.4490763639088729,0.3200914268585132,10251200.0,5148147.0,5148147.0,5148147.0,0.0,64005746.56464577,85401600.0,823024912.9602222,8063301322.990509,64005746.56464577,74511753.90133,1563545.0,1563545.0,0.5021994498205088,0.5021994498205088,0.7494677683397708,0.7494677683397708,0.3194846861563146,0.0,6915200.0,3573162.0,3573162.0,2668800.0,1291885.0,1291885.0,667200.0,283100.0,283100.0,0.5021994498205088,0.0,0.12301885839005625,0.15252311924457623,0.0,0.5167113026376677,0.48406961930455633,0.424310551558753,"[0.7397033968539275, 0.7593828363907189, 0.7707908996935381]","[0.2864137349740754, 0.297495559665112, 0.31149451108922516]","[0.4947498345303484, 0.5026678085142002, 0.5130026830615684]","[0.7526472727705514, 0.792999445522091, 0.8211799239942905]","[0.21428428492012, 0.2297626909287034, 0.24197063551495993]","[0.4384386710033262, 0.4946160034203274, 0.5512319907871237]","[0.7331751789717521, 0.7537610728470937, 0.7635509792495889]","[0.3073466831459254, 0.32116414493456236, 0.3362564269144117]","[0.49265566308202025, 0.5042855902777779, 0.5166007598410238]",0.5,0.5,3.0,0
aime26,full,blasst_aggressive_s50,blasst_aggressive,0.5,"{""method"": ""blasst""}",blasst,"{""global"": {""log_scale"": 7.779279118037186, ""source"": ""existing AIME26 refined aggressive policy"", ""source_sha256"": ""25f4b8a909373450454895db3594bdd80091ffde568115199c9c2a74095e1bd1""}, ""local"": {""log_scale"": 8.091333801578767, ""source"": ""existing AIME26 refined aggressive policy"", ""source_sha256"": ""25f4b8a909373450454895db3594bdd80091ffde568115199c9c2a74095e1bd1""}}",30,0.36666666666666664,0.5666666666666667,-0.2,"(-0.36666666666666664, -0.03333333333333333)",1139,47250,0.024105820105820106,0.0,0.6470588235294117,6,0,62640480.0,32173054.0,32173054.0,32173054.0,0.0,409614623.03328323,585646080.0,16656471745.414755,66588686212.533356,409614623.03328323,463011106.7405901,7596183.0,7596183.0,0.5136144231334115,0.5136144231334115,0.6994234863371462,0.6994234863371462,0.5001396467515733,0.0,39763680.0,20584976.0,20584976.0,18301440.0,9494306.0,9494306.0,4575360.0,2093772.0,2093772.0,0.5136144231334115,0.0,0.09117534553856634,0.12126636002789251,0.0,0.5176828703983133,0.5187737139809764,0.45761907259756607,11918880.0,5912894.0,5912894.0,5912894.0,0.0,70041662.65623039,97607680.0,2860421296.811484,18490155123.11328,70041662.65623039,75397253.6235857,995262.0,995262.0,0.4960947672935712,0.4960947672935712,0.7175835206433591,0.7175835206433591,0.39331881684981557,0.0,8106080.0,4060752.0,4060752.0,3050240.0,1565101.0,1565101.0,762560.0,287041.0,287041.0,0.4960947672935712,0.0,0.05486854074756526,0.08350298014578551,0.0,0.5009513846396779,0.5131074931808645,0.37641759336970204,50721600.0,26260160.0,26260160.0,26260160.0,0.0,339572960.3770528,488038400.0,13796050448.603271,48098531089.420074,339572960.3770528,387613853.1170044,6600921.0,6600921.0,0.5177313018516766,0.5177313018516766,0.6957914794759035,0.6957914794759035,0.535564127835433,0.0,31657600.0,16524224.0,16524224.0,15251200.0,7929205.0,7929205.0,3812800.0,1806731.0,1806731.0,0.5177313018516766,0.0,0.09843670649676667,0.13014023611242548,0.0,0.5219670474072576,0.5199069581409987,0.4738593684431389,"[0.5473617160093686, 0.7104742739030703, 0.7391428447024139]","[0.41664497882104307, 0.4649665491268202, 0.7218203967430854]","[0.48079692145757347, 0.5164969282643197, 0.6260380949797454]","[0.5262637304247255, 0.7347805740591387, 0.768024408311079]","[0.3068192351454477, 0.34922409563799156, 0.5857035486245706]","[0.4469870148192308, 0.48957658151288685, 0.6349172421824368]","[0.5524035797712313, 0.7064345504065617, 0.7333740397173946]","[0.45110884857063577, 0.5048398506825489, 0.7689284041761325]","[0.4858543562291131, 0.5198260309429512, 0.6289268663194445]",0.36666666666666664,0.5666666666666667,11.0,0
aime26,full,blasst_original_s50,blasst_original,0.5,"{""method"": ""blasst""}",blasst,"{""global"": {""cap_one"": true, ""log_threshold"": 0.0, ""source"": ""exact lambda1 fallback for this attention type only"", ""unattainable"": true}, ""local"": {""cap_one"": true, ""log_threshold"": 0.0, ""source"": ""exact lambda1 fallback for this attention type only"", ""unattainable"": true}}",30,0.5333333333333333,0.5666666666666667,-0.03333333333333333,"(-0.2, 0.13333333333333333)",2444,42612,0.057354735755186334,0.0,0.9411764705882353,2,0,35726640.0,10295971.0,10295971.0,10295971.0,0.0,275730101.24419403,295157760.0,692404193.2854809,32114396214.146393,275730101.24419403,282571469.5851383,2814763.0,2814763.0,0.28818749818062933,0.28818749818062933,0.9341787295180517,0.9341787295180517,0.14683512729667697,0.0,24197040.0,7543262.0,7543262.0,9223680.0,2366165.0,2366165.0,2305920.0,386544.0,386544.0,0.28818749818062933,0.0,0.023178683633268832,0.07878611030872201,0.0,0.3117431718920992,0.25653155790313625,0.16763114071606994,6883040.0,2441219.0,2441219.0,2441219.0,0.0,44596637.32763767,49192960.0,262033673.77183664,9213967290.101807,44596637.32763767,45359437.32624817,394321.0,394321.0,0.35467162765289756,0.35467162765289756,0.9065654379740042,0.9065654379740042,0.16863791335761447,0.0,4961440.0,1960751.0,1960751.0,1537280.0,424418.0,424418.0,384320.0,56050.0,56050.0,0.35467162765289756,0.0,0.015506283797732369,0.057288785187940214,0.0,0.39519796671933954,0.2760837323064113,0.14584200666111574,28843600.0,7854752.0,7854752.0,7854752.0,0.0,231133463.91655636,245964800.0,430370519.51364416,22900428924.044586,231133463.91655636,237212032.25889015,2420442.0,2420442.0,0.272322178923574,0.272322178923574,0.9397013878268612,0.9397013878268612,0.13708800263669016,0.0,19235600.0,5582511.0,5582511.0,7686400.0,1941747.0,1941747.0,1921600.0,330494.0,330494.0,0.272322178923574,0.0,0.024713163600376127,0.08391608537075816,0.0,0.2902176693214664,0.25262112302248124,0.17198896752706078,"[0.9306806286393676, 0.9340461944070904, 0.9410806266789804]","[0.13694993010405823, 0.14547804974032896, 0.15358416983735224]","[0.27492095309272785, 0.2895341386284265, 0.31676453986655856]","[0.8919968963873551, 0.9155596477859136, 0.9346119237824327]","[0.1441354131691107, 0.16413941450722, 0.1810222142148241]","[0.27237375070382885, 0.3364631483804933, 0.3840191806684112]","[0.9358355243956827, 0.9396538352279, 0.9435522596130959]","[0.12671178783724368, 0.13755805148476263, 0.14894454951598027]","[0.25813997642647374, 0.28426520735466243, 0.31927713793682794]",0.5333333333333333,0.5666666666666667,16.0,0
aime26,full,dense,dense,0.0,{},dense,,30,0.5666666666666667,0.5666666666666667,0.0,"(0.0, 0.0)",39999,39999,1.0,1.0,1.0,6,0,37578880.0,0.0,0.0,0.0,0.0,300687359.97746277,300687360.0,2.7181293168540045e-05,32978789223.287933,300687359.97746277,300687359.98387146,0.0,0.0,0.0,0.0,0.9999999999250476,0.9999999999250476,2.870897610837873e-08,0.0,25833280.0,0.0,0.0,9396480.0,0.0,0.0,2349120.0,0.0,0.0,0.0,0.0,2.1313471262144175e-11,0.0,0.0,0.0,0.0,0.0,7415680.0,0.0,0.0,0.0,0.0,50114559.99768829,50114560.0,5.245010683177509e-06,9511026284.870605,50114559.99768829,50114559.997283936,0.0,0.0,0.0,0.0,0.9999999999538716,0.9999999999538716,2.3483320079121042e-08,0.0,5458080.0,0.0,0.0,1566080.0,0.0,0.0,391520.0,0.0,0.0,0.0,0.0,-8.068671263526009e-12,0.0,0.0,0.0,0.0,0.0,30163200.0,0.0,0.0,0.0,0.0,250572799.97977448,250572800.0,2.1936282485362536e-05,23467762938.417328,250572799.97977448,250572799.98658752,0.0,0.0,0.0,0.0,0.9999999999192828,0.9999999999192828,3.057353590147204e-08,0.0,20375200.0,0.0,0.0,7830400.0,0.0,0.0,1957600.0,0.0,0.0,0.0,0.0,2.718989976727821e-11,0.0,0.0,0.0,0.0,0.0,"[0.9999999997469359, 1.0, 1.0]","[0.0, 0.0, 5.3302427283925395e-08]","[0.0, 0.0, 0.0]","[0.9999999998577553, 1.0, 1.0]","[0.0, 0.0, 4.4176316024906394e-08]","[0.0, 0.0, 0.0]","[0.9999999997242085, 1.0, 1.0]","[0.0, 0.0, 5.654224268682053e-08]","[0.0, 0.0, 0.0]",0.5666666666666667,0.5666666666666667,17.0,0
aime26,full,full_centered_s50,full_centered,0.5,"{""family"": ""identity""}",centered,"{""global"": {""log_threshold"": -1.2118581533432007}, ""local"": {""log_threshold"": -0.7402970194816589}}",30,0.5,0.5666666666666667,-0.06666666666666667,"(-0.23333333333333334, 0.13333333333333333)",2153,44164,0.04875011321438275,0.0,0.8823529411764706,7,0,59744480.0,30652443.0,0.0,30652443.0,0.0,340996582.3363609,469155840.0,3303635932.389712,49871432090.79761,340996582.3363609,411574356.73124075,9568824.0,9568824.0,0.5130589972496203,0.5130589972496203,0.7268300919719146,0.7268300919719146,0.2573772586398094,0.0,41418080.0,22982559.0,22982559.0,14661120.0,6449458.0,6449458.0,3665280.0,1220426.0,1220426.0,0.0,0.0,0.15043567270713262,0.16016247860890245,0.0,0.5548919457396383,0.43990213571678016,0.3329693775100402,11834880.0,6086108.0,0.0,6086108.0,0.0,61692594.403549194,78192640.0,444678042.7418729,14170371003.560547,61692594.403549194,66850199.764835835,1389646.0,1389646.0,0.5142517710361237,0.5142517710361237,0.7889821139630174,0.7889821139630174,0.17714635974051013,0.0,8780480.0,4903212.0,4903212.0,2443520.0,1016918.0,1016918.0,610880.0,165978.0,165978.0,0.0,0.0,0.06596024077568734,0.11741952601124811,0.0,0.5584218630416561,0.4161692967522263,0.2717031168150864,47909600.0,24566335.0,0.0,24566335.0,0.0,279303987.9328117,390963200.0,2858957889.6478386,35701061087.23706,279303987.9328117,344724156.9664049,8179178.0,8179178.0,0.5127643520296559,0.5127643520296559,0.7143996875736941,0.7143996875736941,0.282984935771082,0.0,32637600.0,18079347.0,18079347.0,12217600.0,5432540.0,5432540.0,3054400.0,1054448.0,1054448.0,0.0,0.0,0.16733075909342168,0.17072106634161002,0.0,0.5539422935509964,0.44464870350969093,0.3452226296490309,"[0.6953025682835646, 0.7401093493679425, 0.8020544960367881]","[0.19585085028804058, 0.2492251006619346, 0.2753395781418678]","[0.47960942494269804, 0.5046889322951835, 0.5255073473229803]","[0.741069816321553, 0.8173888529644623, 0.8695945634931467]","[0.13603464358683612, 0.16161986748880086, 0.20026805224623814]","[0.3684646872695994, 0.4530087242206314, 0.5682749109677633]","[0.6862645773359874, 0.7241834274751437, 0.7901206449957285]","[0.2172148121719161, 0.27790866011866144, 0.30111747400266936]","[0.49349403518473006, 0.509662897273027, 0.525485080499639]",0.5,0.5666666666666667,15.0,0
aime26,full,jl_gaussian_r16_s50,jl_gaussian_r16,0.5,"{""family"": ""gaussian"", ""rank"": 16}",centered,"{""global"": {""log_threshold"": -1.2361350059509277}, ""local"": {""log_threshold"": -0.7595282196998596}}",30,0.36666666666666664,0.5666666666666667,-0.2,"(-0.36666666666666664, -0.03333333333333333)",2064,43603,0.0473361924638213,0.0,0.6470588235294117,8,0,60544800.0,30899586.0,0.0,30899586.0,0.0,343875651.101247,474071040.0,3461449781.3059545,50373233138.1564,343875651.101247,415701963.91577435,9749454.0,9749454.0,0.5103590399175486,0.5103590399175486,0.7253673438926939,0.7253673438926939,0.26213747053907127,0.0,42026400.0,23191265.0,23191265.0,14814720.0,6449532.0,6449532.0,3703680.0,1258789.0,1258789.0,0.0,0.0,0.15150959825457241,0.16102875886946524,0.0,0.5518261140616374,0.4353461962156558,0.3398752052013133,12148800.0,6157146.0,0.0,6157146.0,0.0,62811634.44348812,79011840.0,425357023.86435694,14323675828.717285,62811634.44348812,68050867.8063612,1408979.0,1408979.0,0.5068110430659818,0.5068110430659818,0.7949648362003482,0.7949648362003482,0.17232550606089955,0.0,9062400.0,4975365.0,4975365.0,2469120.0,1014590.0,1014590.0,617280.0,167191.0,167191.0,0.0,0.0,0.06630947162948081,0.11597680429342816,0.0,0.5490118511652542,0.4109115798341109,0.2708511534473821,48396000.0,24742440.0,0.0,24742440.0,0.0,281064016.6577589,395059200.0,3036092757.4415975,36049557309.43912,281064016.6577589,347651096.10941315,8340475.0,8340475.0,0.5112496900570295,0.5112496900570295,0.7114478454311629,0.7114478454311629,0.29020677695965486,0.0,32964000.0,18215900.0,18215900.0,12345600.0,5434942.0,5434942.0,3086400.0,1091598.0,1091598.0,0.0,0.0,0.16854962357959075,0.17233810645507894,0.0,0.5525998058488047,0.44023311949196475,0.35368001555209955,"[0.6885292910338742, 0.7448907204458981, 0.795581258673136]","[0.20793076355715984, 0.2520481505194816, 0.28500460536928657]","[0.46707491288767455, 0.4981021770003192, 0.5238869595440518]","[0.7487049242967085, 0.8292684372050887, 0.8843744710794846]","[0.12631500889248923, 0.15555287405028495, 0.1991537906401611]","[0.3447763714954975, 0.45680466098147554, 0.5501920676007512]","[0.6792824586914575, 0.7287244226973919, 0.7801910057410699]","[0.23377375790127053, 0.2811773493845492, 0.3116973392331225]","[0.4872294160009503, 0.508311465484363, 0.524698534197517]",0.36666666666666664,0.5666666666666667,11.0,0
aime26,full,jl_gaussian_r24_s50,jl_gaussian_r24,0.5,"{""family"": ""gaussian"", ""rank"": 24}",centered,"{""global"": {""log_threshold"": -1.2361350059509277}, ""local"": {""log_threshold"": -0.7595282196998596}}",30,0.5333333333333333,0.5666666666666667,-0.03333333333333333,"(-0.2, 0.13333333333333333)",2045,42792,0.04778930641241354,0.0,0.9411764705882353,5,0,55498480.0,28122161.0,0.0,28122161.0,0.0,324226114.07791317,442982400.0,3007476158.8057594,47131784415.589386,324226114.07791317,388887367.1523323,8929417.0,8929417.0,0.5067194813263354,0.5067194813263354,0.7319164690920298,0.7319164690920298,0.2526062870315015,0.0,38194480.0,20909363.0,20909363.0,13843200.0,6096868.0,6096868.0,3460800.0,1115930.0,1115930.0,0.0,0.0,0.14596799573621694,0.16089480288469163,0.0,0.5474446307424529,0.44042331252889505,0.32244856680536294,10731680.0,5403307.0,0.0,5403307.0,0.0,58356743.50684595,73830400.0,412671083.7187796,13403933458.967041,58356743.50684595,63233880.09690666,1277567.0,1277567.0,0.5034912520686416,0.5034912520686416,0.7904161904425,0.7904161904425,0.17546313621632723,0.0,7847680.0,4281987.0,4281987.0,2307200.0,964612.0,964612.0,576800.0,156708.0,156708.0,0.0,0.0,0.06605865050251267,0.11904631893608457,0.0,0.5456373093704127,0.4180877253814147,0.2716851595006935,44766800.0,22718854.0,0.0,22718854.0,0.0,265869370.5710672,369152000.0,2594805075.08698,33727850956.622345,265869370.5710672,325653487.05542564,7651850.0,7651850.0,0.5074933656191642,0.5074933656191642,0.7202165248219358,0.7202165248219358,0.27736907252537724,0.0,30346800.0,16627376.0,16627376.0,11536000.0,5132256.0,5132256.0,2884000.0,959222.0,959222.0,0.0,0.0,0.16194986478295778,0.17092689225050708,0.0,0.5479120039015646,0.4448904299583911,0.33260124826629683,"[0.6995607633564117, 0.7488340345626312, 0.7894538622746387]","[0.2149117163778977, 0.24637973308781078, 0.27133223863862677]","[0.47289126103657836, 0.5006057410246585, 0.5187393849518873]","[0.7331013020501289, 0.8340303299684428, 0.8718587692188606]","[0.13326066727549424, 0.15500953905762838, 0.20155202320971902]","[0.3791297732250307, 0.4627575438906016, 0.5446889173962333]","[0.6889330118535862, 0.7327220341621656, 0.7729095852894078]","[0.2380296601664736, 0.2719374292120995, 0.29880600508824556]","[0.4860966831298165, 0.5063482710552667, 0.5195112396635363]",0.5333333333333333,0.5666666666666667,16.0,0
aime26,full,jl_gaussian_r2_s50,jl_gaussian_r2,0.5,"{""family"": ""gaussian"", ""rank"": 2}",centered,"{""global"": {""log_threshold"": -1.2668640613555908}, ""local"": {""log_threshold"": -0.8551128506660461}}",30,0.5333333333333333,0.5666666666666667,-0.03333333333333333,"(-0.2, 0.13333333333333333)",2181,44545,0.0489617240992255,0.0,0.9411764705882353,8,0,61012400.0,30631387.0,0.0,30631387.0,0.0,348797028.14328676,477634560.0,3978373702.64991,50454560432.49042,348797028.14328676,419086102.73550606,9764511.0,9764511.0,0.50205182880857,0.50205182880857,0.7302591925996451,0.7302591925996451,0.2808035372904341,0.0,42354800.0,22898605.0,22898605.0,14926080.0,6447833.0,6447833.0,3731520.0,1284949.0,1284949.0,0.0,0.0,0.14716078039289973,0.16004141781015008,0.0,0.5406377789530349,0.4319843522210788,0.34435002358288314,12246400.0,6322947.0,0.0,6322947.0,0.0,62398418.44680977,79605760.0,577410766.22875,14301990301.2417,62398418.44680977,67588233.59593964,1420346.0,1420346.0,0.5163106708910373,0.5163106708910373,0.7838430089331446,0.7838430089331446,0.20092972926783775,0.0,9136800.0,5095806.0,5095806.0,2487680.0,1043280.0,1043280.0,621920.0,183861.0,183861.0,0.0,0.0,0.06519396522475092,0.11598069636791221,0.0,0.5577232729183084,0.4193786982248521,0.29563448675070747,48766000.0,24308440.0,0.0,24308440.0,0.0,286398609.696477,398028800.0,3400962936.42116,36152570131.24872,286398609.696477,351497869.1395664,8344165.0,8344165.0,0.49847106590657425,0.49847106590657425,0.7195424293329452,0.7195424293329452,0.3067124187590069,0.0,33218000.0,17802799.0,17802799.0,12438400.0,5404553.0,5404553.0,3109600.0,1101088.0,1101088.0,0.0,0.0,0.1635541434265295,0.1711062010417094,0.0,0.5359383165753507,0.43450548302032416,0.3540931309493182,"[0.7040031566036046, 0.7379244928004437, 0.7994807020629336]","[0.23442318996112613, 0.2757443094017148, 0.2953666567872973]","[0.4607694514489085, 0.4943184375055386, 0.5125276277115924]","[0.731965478000791, 0.808739491442839, 0.8639204120384052]","[0.16061572485481362, 0.19329329256264607, 0.2249250358774409]","[0.3598062745740498, 0.4516390012265352, 0.5564578520346866]","[0.6963747363634591, 0.7248870581483116, 0.785132074343244]","[0.25982599943570023, 0.3044799118288881, 0.3216168326651725]","[0.4790114968120115, 0.49603405786046306, 0.5085483284028505]",0.5333333333333333,0.5666666666666667,16.0,0
aime26,full,jl_gaussian_r32_s50,jl_gaussian_r32,0.5,"{""family"": ""gaussian"", ""rank"": 32}",centered,"{""global"": {""log_threshold"": -1.2361350059509277}, ""local"": {""log_threshold"": -0.7595282196998596}}",30,0.5,0.5666666666666667,-0.06666666666666667,"(-0.26666666666666666, 0.1)",2215,42619,0.05197212510851967,0.0,0.8823529411764706,5,0,52427680.0,26560963.0,0.0,26560963.0,0.0,306281654.41013724,417792000.0,2832912878.308681,44366041959.71295,306281654.41013724,367617185.39846087,8333027.0,8333027.0,0.5066209872342243,0.5066209872342243,0.7330960248404403,0.7330960248404403,0.2526918683730712,0.0,36107680.0,19796665.0,19796665.0,13056000.0,5691638.0,5691638.0,3264000.0,1072660.0,1072660.0,0.0,0.0,0.14680877323721764,0.15894327195099994,0.0,0.5482674323024908,0.4359404105392157,0.32863357843137253,10355680.0,5247191.0,0.0,5247191.0,0.0,55344222.8369689,69632000.0,377533260.1609279,12657975014.998535,55344222.8369689,59867537.43347788,1213015.0,1213015.0,0.5066969045007185,0.5066969045007185,0.7948101855033447,0.7948101855033447,0.1727012544430292,0.0,7635680.0,4211594.0,4211594.0,2176000.0,892993.0,892993.0,544000.0,142604.0,142604.0,0.0,0.0,0.06496028545078383,0.11713523399718802,0.0,0.5515676403411353,0.4103828125,0.2621397058823529,42072000.0,21313772.0,0.0,21313772.0,0.0,250937431.57316834,348160000.0,2455379618.147753,31708066944.714417,250937431.57316834,307749647.964983,7120012.0,7120012.0,0.5066023008176459,0.5066023008176459,0.7207531927078594,0.7207531927078594,0.27827515929128877,0.0,28472000.0,15585071.0,15585071.0,10880000.0,4798645.0,4798645.0,2720000.0,930056.0,930056.0,0.0,0.0,0.1631784707945044,0.16923397984407682,0.0,0.5473823756673223,0.44105193014705885,0.34193235294117647,"[0.703512149611914, 0.7534073742576709, 0.8067245815443218]","[0.20341303336879113, 0.24234262382065969, 0.27380475947723565]","[0.45942781294899426, 0.49858917547626846, 0.5241532290650297]","[0.7448011674369036, 0.8368713100130124, 0.8832270336378858]","[0.12833756622332873, 0.15268586457911643, 0.19755595604734755]","[0.3592863587622549, 0.44762948174644035, 0.5465426971567728]","[0.6958763498048978, 0.7376130506110287, 0.7901005073330181]","[0.2264088514536031, 0.26865042285881036, 0.2976278348299912]","[0.4810716217771639, 0.5040859213124838, 0.5214389088473798]",0.5,0.5666666666666667,15.0,0
aime26,full,jl_gaussian_r4_s50,jl_gaussian_r4,0.5,"{""family"": ""gaussian"", ""rank"": 4}",centered,"{""global"": {""log_threshold"": -1.2361350059509277}, ""local"": {""log_threshold"": -0.7595282196998596}}",30,0.43333333333333335,0.5666666666666667,-0.13333333333333333,"(-0.3, 0.0)",1983,44373,0.04468933811101346,0.0,0.7647058823529412,6,0,58406800.0,29797134.0,0.0,29797134.0,0.0,336697688.95300555,466206720.0,3667697215.7523313,49515154867.14929,336697688.95300555,407097318.4090462,9390868.0,9390868.0,0.5101654944287309,0.5101654944287309,0.7222068548325634,0.7222068548325634,0.2721621123101969,0.0,40195600.0,22091912.0,22091912.0,14568960.0,6467827.0,6467827.0,3642240.0,1237395.0,1237395.0,0.0,0.0,0.1510051795393267,0.16078381284371,0.0,0.5496102060922091,0.4439456900149359,0.3397346138639958,11414400.0,5734054.0,0.0,5734054.0,0.0,61722314.27702117,77701120.0,462270179.74064076,14125999890.692383,61722314.27702117,66929200.9459219,1338383.0,1338383.0,0.5023526422764227,0.5023526422764227,0.794355528942455,0.794355528942455,0.18089990554440308,0.0,8379200.0,4574888.0,4574888.0,2428160.0,997328.0,997328.0,607040.0,161838.0,161838.0,0.0,0.0,0.06701173250656783,0.11725390734510793,0.0,0.5459814779453885,0.4107340537691091,0.2666018713758566,46992400.0,24063080.0,0.0,24063080.0,0.0,274975374.6759844,388505600.0,3205427036.01169,35389154976.45691,274975374.6759844,340168117.4631243,8052485.0,8052485.0,0.5120632272452567,0.5120632272452567,0.7077771200105851,0.7077771200105851,0.30095935779949207,0.0,31816400.0,17517024.0,17517024.0,12140800.0,5470499.0,5470499.0,3035200.0,1075557.0,1075557.0,0.0,0.0,0.1678038689458785,0.1713571769052017,0.0,0.5505658716888145,0.4505880172641012,0.3543611623616236,"[0.7014771646375012, 0.7304653411793736, 0.7859162830261106]","[0.2326602618724332, 0.2638550851171334, 0.28738408534576515]","[0.4688049234605036, 0.5065006996476407, 0.5270521153035509]","[0.7576287319692966, 0.812618492522089, 0.871904102494087]","[0.1433039056666781, 0.16932304935644285, 0.19598450470486142]","[0.34825254768885966, 0.475308396639549, 0.5473696933859928]","[0.6875122467356735, 0.7146659913387785, 0.7687187191325154]","[0.2601560270955233, 0.296003692771052, 0.31651757632398203]","[0.4929153986148324, 0.5086843772233777, 0.5221766287305007]",0.43333333333333335,0.5666666666666667,13.0,0
aime26,full,jl_gaussian_r8_s50,jl_gaussian_r8,0.5,"{""family"": ""gaussian"", ""rank"": 8}",centered,"{""global"": {""log_threshold"": -1.268207311630249}, ""local"": {""log_threshold"": -0.7595282196998596}}",30,0.5,0.5666666666666667,-0.06666666666666667,"(-0.2, 0.06666666666666667)",1950,45055,0.043280435023859726,0.0,0.8823529411764706,6,0,63563760.0,32278318.0,0.0,32278318.0,0.0,358381214.4730839,495329280.0,3730177731.255932,52565226636.99039,358381214.4730839,434402396.0767746,10320960.0,10320960.0,0.5078100792023631,0.5078100792023631,0.7235211584364323,0.7235211584364323,0.26638851197510466,0.0,44214960.0,24143003.0,24143003.0,15479040.0,6792280.0,6792280.0,3869760.0,1343035.0,1343035.0,0.0,0.0,0.1534760505247957,0.16237176655377214,0.0,0.5460369748157637,0.4388049904903663,0.3470589907384437,12693760.0,6260911.0,0.0,6260911.0,0.0,65909037.236866,82554880.0,434818848.06974256,14878847014.903076,65909037.236866,71243267.46663952,1530239.0,1530239.0,0.49322745979126753,0.49322745979126753,0.7983663380876576,0.7983663380876576,0.1709501717279341,0.0,9468960.0,5039615.0,5039615.0,2579840.0,1044058.0,1044058.0,644960.0,177238.0,177238.0,0.0,0.0,0.06461435386707026,0.12055049094988404,0.0,0.5322247638600226,0.4046987410071942,0.2748046390473828,50870000.0,26017407.0,0.0,26017407.0,0.0,292472177.2362179,412774400.0,3295358883.186189,37686379622.08731,292472177.2362179,363159128.6101351,8790721.0,8790721.0,0.5114489286416355,0.5114489286416355,0.7085521225061872,0.7085521225061872,0.2957053282421005,0.0,34746000.0,19103388.0,19103388.0,12899200.0,5748222.0,5748222.0,3224800.0,1165797.0,1165797.0,0.0,0.0,0.1712483898563408,0.17280756831138194,0.0,0.5498010706268347,0.44562624038700077,0.3615098610766559,"[0.6986851853498824, 0.7369261918979247, 0.7847237558074177]","[0.2207650859152988, 0.2614948694046024, 0.28035806702726934]","[0.46503095462922495, 0.5033190370686762, 0.5181003361933515]","[0.7625070729468034, 0.8203024954879847, 0.8796761821939227]","[0.13146402240988744, 0.162218998608407, 0.1873465809615426]","[0.3509514041918391, 0.45579194157451686, 0.5309400915314655]","[0.6861243849874796, 0.7182603276118633, 0.7668513327242104]","[0.2471890479480601, 0.2912981014572619, 0.3109645051681006]","[0.4883397569319714, 0.5106235769746661, 0.523686163160757]",0.5,0.5666666666666667,15.0,0
aime26,full,mass_s50,mass,0.5,"{""method"": ""mass""}",mass,"{""global"": {""dense_unattainable"": false, ""log_threshold"": -0.045639991760253906}, ""local"": {""dense_unattainable"": false, ""log_threshold"": -0.018442153930664062}}",30,0.4666666666666667,0.5666666666666667,-0.1,"(-0.23333333333333334, 0.03333333333333333)",1950,45675,0.042692939244663386,0.0,0.823529411764706,8,0,61217520.0,31460530.0,31460530.0,31460530.0,0.0,364197209.78272533,485253120.0,4801952847.440483,52858245551.459625,364197209.78272533,419950162.7927308,8733207.0,8733207.0,0.5139138272834313,0.5139138272834313,0.7505303825408177,0.7505303825408177,0.3014064720048783,0.0,42262320.0,22362799.0,22362799.0,15164160.0,7597059.0,7597059.0,3791040.0,1500672.0,1500672.0,0.5139138272834313,0.0,0.11489457916314989,0.14265862125744394,0.0,0.5291427209864484,0.5009877896302861,0.3958470498860471,12153920.0,6433694.0,6433694.0,6433694.0,0.0,62380229.51803255,80875520.0,810388834.3598356,14687124810.74707,62380229.51803255,67502264.25660944,1289083.0,1289083.0,0.529351353308233,0.529351353308233,0.7713116344480079,0.7713116344480079,0.23489746588628152,0.0,8994720.0,5023612.0,5023612.0,2527360.0,1224156.0,1224156.0,631840.0,185926.0,185926.0,0.529351353308233,0.0,0.06333232526451625,0.10606314670493142,0.0,0.558506768415248,0.48436154722714614,0.2942612053684477,49063600.0,25026836.0,25026836.0,25026836.0,0.0,301816980.2646928,404377600.0,3991564013.0806475,38171120740.712555,301816980.2646928,352447898.53612137,7444124.0,7444124.0,0.5100896795180133,0.5100896795180133,0.7463741321593798,0.7463741321593798,0.323373251537011,0.0,33267600.0,17339187.0,17339187.0,12636800.0,6372903.0,6372903.0,3159200.0,1314746.0,1314746.0,0.5100896795180133,0.0,0.1252070299428766,0.1517239664435549,0.0,0.5212034231504526,0.5043130381109141,0.416164218789567,"[0.7253491936901474, 0.7621012699444919, 0.7923600724590114]","[0.28598604434094493, 0.29944017692949415, 0.3148442009633769]","[0.4922792108796048, 0.5082280207082546, 0.5282555751275217]","[0.7377206498049853, 0.8017568286327967, 0.8415375776868348]","[0.2069575042697941, 0.2223908452541553, 0.2522816112568881]","[0.401211972935021, 0.4889651062133308, 0.5690155467985625]","[0.7213711810421967, 0.7549528005595139, 0.7812646696745053]","[0.30748636299972626, 0.32333519000720595, 0.3354893882066853]","[0.4915964671020026, 0.51322071758039, 0.5291250451793621]",0.4666666666666667,0.5666666666666667,14.0,0
aime26,noncalibration24,blasst_aggressive_s50,blasst_aggressive,0.5,"{""method"": ""blasst""}",blasst,"{""global"": {""log_scale"": 7.779279118037186, ""source"": ""existing AIME26 refined aggressive policy"", ""source_sha256"": ""25f4b8a909373450454895db3594bdd80091ffde568115199c9c2a74095e1bd1""}, ""local"": {""log_scale"": 8.091333801578767, ""source"": ""existing AIME26 refined aggressive policy"", ""source_sha256"": ""25f4b8a909373450454895db3594bdd80091ffde568115199c9c2a74095e1bd1""}}",24,0.375,0.5833333333333334,-0.20833333333333334,"(-0.4166666666666667, 0.0)",957,36996,0.025867661368796625,0.0,0.6428571428571428,5,0,52484800.0,26949284.0,26949284.0,26949284.0,0.0,339539830.90106076,482672640.0,13285773031.454237,54621523911.19986,339539830.90106076,383265144.4182215,6365178.0,6365178.0,0.5134683565527544,0.5134683565527544,0.7034577947096002,0.7034577947096002,0.4931868724968034,0.0,33630400.0,17490864.0,17490864.0,15083520.0,7768457.0,7768457.0,3770880.0,1689963.0,1689963.0,0.5134683565527544,0.0,0.09058999805160017,0.121276598176996,0.0,0.5200908701650887,0.5150294493593007,0.4481614371181263,9997600.0,4960971.0,4960971.0,4960971.0,0.0,58040093.16692287,80445440.0,2274981466.5243845,15154566251.217773,58040093.16692287,62353579.35130882,833127.0,833127.0,0.49621619188605265,0.49621619188605265,0.7214839419974938,0.7214839419974938,0.3874513479540777,0.0,6855200.0,3447766.0,3447766.0,2513920.0,1283095.0,1283095.0,628480.0,230110.0,230110.0,0.49621619188605265,0.0,0.05362002102774197,0.08333269984796352,0.0,0.5029417084840705,0.5103961144348269,0.36613734725050917,42487200.0,21988313.0,21988313.0,21988313.0,0.0,281499737.7341379,402227200.0,11010791564.929852,39466957659.982086,281499737.7341379,320911565.06691265,5532051.0,5532051.0,0.5175279378259805,0.5175279378259805,0.6998525652520214,0.6998525652520214,0.5281927622785401,0.0,26775200.0,14043098.0,14043098.0,12569600.0,6485362.0,6485362.0,3142400.0,1459853.0,1459853.0,0.5175279378259805,0.0,0.09798399345637182,0.13020512060102807,0.0,0.5244815351519316,0.5159561163441955,0.46456625509164967,"[0.5582145786162955, 0.7136808504505516, 0.740342688923578]","[0.41522070652158416, 0.45608182445498835, 0.7000261891506898]","[0.4789760698856384, 0.5178336527006456, 0.633072193287037]","[0.5323358806292448, 0.7380187136722536, 0.7682216955694622]","[0.30324014419806145, 0.3422550951053555, 0.580314167222645]","[0.44618568308746653, 0.48935165601050545, 0.6421078307274789]","[0.564109801528023, 0.7092458577791045, 0.7352140162681635]","[0.4479656711074349, 0.4926164449935874, 0.7411927392185119]","[0.482720073858004, 0.5199854268776098, 0.6323298611111111]",0.375,0.5833333333333334,9.0,0
aime26,noncalibration24,blasst_original_s50,blasst_original,0.5,"{""method"": ""blasst""}",blasst,"{""global"": {""cap_one"": true, ""log_threshold"": 0.0, ""source"": ""exact lambda1 fallback for this attention type only"", ""unattainable"": true}, ""local"": {""cap_one"": true, ""log_threshold"": 0.0, ""source"": ""exact lambda1 fallback for this attention type only"", ""unattainable"": true}}",24,0.5416666666666666,0.5833333333333334,-0.041666666666666664,"(-0.25, 0.16666666666666666)",1996,33189,0.060140407966494926,0.0,0.9285714285714285,2,0,27923600.0,8091157.0,8091157.0,8091157.0,0.0,216030616.67647648,231260160.0,543507401.4637918,25131721190.236694,216030616.67647648,221383238.08609772,2223029.0,2223029.0,0.2897605251471873,0.2897605251471873,0.9341454086881047,0.9341454086881047,0.14705900215710838,0.0,18890000.0,5914140.0,5914140.0,7226880.0,1881080.0,1881080.0,1806720.0,295937.0,295937.0,0.2897605251471873,0.0,0.023145454061872302,0.07961111747768912,0.0,0.31308311275807305,0.26028936415161175,0.16379793216436414,5372000.0,1891367.0,1891367.0,1891367.0,0.0,34976962.062482834,38543360.0,203867821.88905978,7212581611.805664,34976962.062482834,35569026.1729126,305754.0,305754.0,0.35207874162323155,0.35207874162323155,0.9074704971876566,0.9074704971876566,0.1681237124280773,0.0,3866400.0,1511448.0,1511448.0,1204480.0,337642.0,337642.0,301120.0,42277.0,42277.0,0.35207874162323155,0.0,0.015360988518638848,0.05691623231571109,0.0,0.39091868404717567,0.280321798618491,0.1403991764080765,22551600.0,6199790.0,6199790.0,6199790.0,0.0,181053654.61399364,192716800.0,339639579.5747321,17919139578.43103,181053654.61399364,185814211.91318512,1917275.0,1917275.0,0.27491574877170577,0.27491574877170577,0.9394803909881944,0.9394803909881944,0.13767356902465927,0.0,15023600.0,4402692.0,4402692.0,6022400.0,1543438.0,1543438.0,1505600.0,253660.0,253660.0,0.27491574877170577,0.0,0.024702347170518994,0.08501724933042445,0.0,0.293051731941745,0.2562828772582359,0.16847768331562168,"[0.9308930783490043, 0.9341696814378061, 0.9421168360484814]","[0.1369084156234029, 0.146531612823926, 0.153804037581009]","[0.27710249561051004, 0.28936143671813624, 0.31813302906590973]","[0.8927625417547146, 0.9161543051195585, 0.9352391819721693]","[0.1432511006858399, 0.16413941450722, 0.17985777514617557]","[0.26838535366263444, 0.32986830048917354, 0.380764144862109]","[0.9363352220125262, 0.9396538352279, 0.9431474564436024]","[0.12478809636500746, 0.13901919323661888, 0.14939126332955407]","[0.25945353990753367, 0.2859886660916381, 0.32458109459005374]",0.5416666666666666,0.5833333333333334,13.0,0
aime26,noncalibration24,dense,dense,0.0,{},dense,,24,0.5833333333333334,0.5833333333333334,0.0,"(0.0, 0.0)",30947,30947,1.0,1.0,1.0,5,0,28505360.0,0.0,0.0,0.0,0.0,228433920.0,228433920.0,0.0,25021325301.524628,228433920.0,228433920.0,0.0,0.0,0.0,0.0,1.0,1.0,0.0,0.0,19582160.0,0.0,0.0,7138560.0,0.0,0.0,1784640.0,0.0,0.0,0.0,0.0,0.0,0.0,0.0,0.0,0.0,0.0,5624960.0,0.0,0.0,0.0,0.0,38072320.0,38072320.0,0.0,7224038056.334473,38072320.0,38072320.0,0.0,0.0,0.0,0.0,1.0,1.0,0.0,0.0,4137760.0,0.0,0.0,1189760.0,0.0,0.0,297440.0,0.0,0.0,0.0,0.0,0.0,0.0,0.0,0.0,0.0,0.0,22880400.0,0.0,0.0,0.0,0.0,190361600.0,190361600.0,0.0,17797287245.190155,190361600.0,190361600.0,0.0,0.0,0.0,0.0,1.0,1.0,0.0,0.0,15444400.0,0.0,0.0,5948800.0,0.0,0.0,1487200.0,0.0,0.0,0.0,0.0,0.0,0.0,0.0,0.0,0.0,0.0,"[1.0, 1.0, 1.0]","[0.0, 0.0, 0.0]","[0.0, 0.0, 0.0]","[1.0, 1.0, 1.0]","[0.0, 0.0, 0.0]","[0.0, 0.0, 0.0]","[1.0, 1.0, 1.0]","[0.0, 0.0, 0.0]","[0.0, 0.0, 0.0]",0.5833333333333334,0.5833333333333334,14.0,0
aime26,noncalibration24,full_centered_s50,full_centered,0.5,"{""family"": ""identity""}",centered,"{""global"": {""log_threshold"": -1.2118581533432007}, ""local"": {""log_threshold"": -0.7402970194816589}}",24,0.5,0.5833333333333334,-0.08333333333333333,"(-0.2916666666666667, 0.16666666666666666)",1741,34441,0.05055021631195378,0.0,0.8571428571428571,5,0,46894080.0,24135932.0,0.0,24135932.0,0.0,267184273.93019527,368025600.0,2576293624.719854,39115202922.384186,267184273.93019527,322647281.31114626,7502189.0,7502189.0,0.5146903830931324,0.5146903830931324,0.7259937187255323,0.7259937187255323,0.2566403185086136,0.0,32518080.0,18062988.0,18062988.0,11500800.0,5134095.0,5134095.0,2875200.0,938849.0,938849.0,0.0,0.0,0.15070421019883123,0.15998157976443936,0.0,0.5554752310099489,0.4464119887312187,0.3265334585420145,9302080.0,4823039.0,0.0,4823039.0,0.0,48228514.96510601,61337600.0,353494755.8111863,11101177782.346436,48228514.96510601,52293710.85982847,1089318.0,1089318.0,0.518490380646049,0.518490380646049,0.7862797854025265,0.7862797854025265,0.1784460580904575,0.0,6906080.0,3882829.0,3882829.0,1916800.0,816501.0,816501.0,479200.0,123709.0,123709.0,0.0,0.0,0.06627575736126717,0.11710477656610134,0.0,0.5622334233023655,0.42597088898163604,0.25815734557595993,37592000.0,19312893.0,0.0,19312893.0,0.0,218955758.96508926,306688000.0,2222798868.9086676,28014025140.03775,218955758.96508926,270353570.4513178,6412871.0,6412871.0,0.5137500798042136,0.5137500798042136,0.7139365053901335,0.7139365053901335,0.2816840955455897,0.0,25612000.0,14180159.0,14180159.0,9584000.0,4317594.0,4317594.0,2396000.0,815140.0,815140.0,0.0,0.0,0.16758990076634406,0.17059137582464354,0.0,0.553652936123692,0.4505002086811352,0.3402086811352254,"[0.6941026007532147, 0.7401093493679425, 0.8047476991123675]","[0.19529872108007063, 0.24383037272174654, 0.2738050672884871]","[0.47342631353740455, 0.5061197582517556, 0.5321487550052622]","[0.7388712304160435, 0.8173888529644623, 0.8725498539330437]","[0.13675661906161962, 0.16161986748880086, 0.2004263790959373]","[0.37035639795207914, 0.4530087242206314, 0.5704981477068518]","[0.6859216329063379, 0.7241834274751437, 0.7916110708103887]","[0.2151697929192711, 0.2715693414023143, 0.30001707483569595]","[0.4916347638649955, 0.5099086751568467, 0.5249563078081062]",0.5,0.5833333333333334,12.0,0
aime26,noncalibration24,jl_gaussian_r16_s50,jl_gaussian_r16,0.5,"{""family"": ""gaussian"", ""rank"": 16}",centered,"{""global"": {""log_threshold"": -1.2361350059509277}, ""local"": {""log_threshold"": -0.7595282196998596}}",24,0.375,0.5833333333333334,-0.20833333333333334,"(-0.4166666666666667, 0.0)",1578,33583,0.0469880594348331,0.0,0.6428571428571428,5,0,45199600.0,23071964.0,0.0,23071964.0,0.0,257307460.6665715,355000320.0,2580887299.2670994,37703344545.96976,257307460.6665715,311191950.07673836,7281657.0,7281657.0,0.510446198638926,0.510446198638926,0.724809095007496,0.724809095007496,0.26163424146706454,0.0,31332400.0,17255715.0,17255715.0,11093760.0,4898799.0,4898799.0,2773440.0,917450.0,917450.0,0.0,0.0,0.1517871572909198,0.161100031858689,0.0,0.5507307132552884,0.44158148364485983,0.3307985750548056,9028800.0,4560302.0,0.0,4560302.0,0.0,46997922.76446962,59166720.0,317320982.6517468,10725672259.437012,46997922.76446962,50945902.06518078,1055075.0,1055075.0,0.5050839535707957,0.5050839535707957,0.7943303729608405,0.7943303729608405,0.17200344056105135,0.0,6717600.0,3667378.0,3667378.0,1848960.0,772167.0,772167.0,462240.0,120757.0,120757.0,0.0,0.0,0.06672635056854859,0.11685661438950913,0.0,0.5459357508634036,0.4176223390446521,0.26124307718933887,36170800.0,18511662.0,0.0,18511662.0,0.0,210309537.90210187,295833600.0,2263566316.6153526,26977672286.532745,210309537.90210187,260246048.01155758,6226582.0,6226582.0,0.5117846992601767,0.5117846992601767,0.7109048394168271,0.7109048394168271,0.2896639002120225,0.0,24614800.0,13588337.0,13588337.0,9244800.0,4126632.0,4126632.0,2311200.0,796693.0,796693.0,0.0,0.0,0.16879931863539405,0.17214388401694183,0.0,0.552039301558412,0.44637331256490137,0.3447096746278989,"[0.6914823676591298, 0.7420573574267846, 0.7997199202229875]","[0.2064935504667931, 0.2508768617188513, 0.2828537537334046]","[0.463467546946614, 0.5024387237065888, 0.5219134965955715]","[0.7497540088524692, 0.8389882637894307, 0.8853682890827277]","[0.12724422011056108, 0.15106425441884042, 0.19496912345027723]","[0.34034043006489484, 0.44278536099573623, 0.5445133290727581]","[0.6812975677442605, 0.7242816721322007, 0.7820348750365315]","[0.23294706791108735, 0.28083682282951866, 0.31050271996145673]","[0.48567213717221513, 0.508311465484363, 0.5243168334300629]",0.375,0.5833333333333334,9.0,0
aime26,noncalibration24,jl_gaussian_r24_s50,jl_gaussian_r24,0.5,"{""family"": ""gaussian"", ""rank"": 24}",centered,"{""global"": {""log_threshold"": -1.2361350059509277}, ""local"": {""log_threshold"": -0.7595282196998596}}",24,0.5833333333333334,0.5833333333333334,0.0,"(-0.16666666666666666, 0.16666666666666666)",1598,32958,0.04848595181746465,0.0,1.0,4,0,42584960.0,21629203.0,0.0,21629203.0,0.0,249090663.96813622,339886080.0,2257571189.182366,36137359706.157715,249090663.96813622,298446744.2573223,6814583.0,6814583.0,0.507907087384842,0.507907087384842,0.7328651528422,0.7328651528422,0.24994388598118716,0.0,29308160.0,16053415.0,16053415.0,10621440.0,4742439.0,4742439.0,2655360.0,833349.0,833349.0,0.0,0.0,0.14521359712403076,0.16002323355475737,0.0,0.5477455766585142,0.4464968026934201,0.31383654193781635,8232160.0,4167834.0,0.0,4167834.0,0.0,44741592.311106205,56647680.0,316619649.6670957,10267473005.584473,44741592.311106205,48486007.54966164,977434.0,977434.0,0.506286806864784,0.506286806864784,0.7898221482522533,0.7898221482522533,0.17560510906986546,0.0,6019360.0,3300037.0,3300037.0,1770240.0,752286.0,752286.0,442560.0,115511.0,115511.0,0.0,0.0,0.06610006338398026,0.11873360090182893,0.0,0.5482371880066984,0.4249627169197397,0.261006417208966,34352800.0,17461369.0,0.0,17461369.0,0.0,204349071.65703002,283238400.0,1940951539.5152702,25869886700.573242,204349071.65703002,249960736.70766068,5837149.0,5837149.0,0.5082953645699914,0.5082953645699914,0.7214737537601894,0.7214737537601894,0.2739113843312327,0.0,23288800.0,12753378.0,12753378.0,8851200.0,3990153.0,3990153.0,2212800.0,717838.0,717838.0,0.0,0.0,0.16103630387204088,0.1699177068535898,0.0,0.5476185119027172,0.4508036198481562,0.32440256688358643,"[0.7037328546622899, 0.7536982437626772, 0.7945442516050332]","[0.21121974471444915, 0.24253175752350006, 0.26832285708478615]","[0.46697902333448, 0.5026566406257795, 0.5189236863866774]","[0.7382582840749146, 0.8348122769354165, 0.871599410487196]","[0.13446728797907165, 0.15219746939739875, 0.1991066832981297]","[0.3622765260977523, 0.4627575438906016, 0.5531044412327766]","[0.6936019920220408, 0.7364429170618907, 0.7791332198286005]","[0.2352347765463795, 0.2666434971123033, 0.2930732052285579]","[0.4860705642921351, 0.5077814397953486, 0.5201617076083495]",0.5833333333333334,0.5833333333333334,14.0,0
aime26,noncalibration24,jl_gaussian_r2_s50,jl_gaussian_r2,0.5,"{""family"": ""gaussian"", ""rank"": 2}",centered,"{""global"": {""log_threshold"": -1.2668640613555908}, ""local"": {""log_threshold"": -0.8551128506660461}}",24,0.5416666666666666,0.5833333333333334,-0.041666666666666664,"(-0.25, 0.16666666666666666)",1655,34683,0.0477179021422599,0.0,0.9285714285714285,5,0,46075760.0,23171437.0,0.0,23171437.0,0.0,263869607.82188007,361881600.0,3000318230.6161294,38143486292.43396,263869607.82188007,317046774.187047,7375422.0,7375422.0,0.5028986391108904,0.5028986391108904,0.729160056277744,0.729160056277744,0.2804616392254183,0.0,31939760.0,17277284.0,17277284.0,11308800.0,4941578.0,4941578.0,2827200.0,952575.0,952575.0,0.0,0.0,0.14694631162558952,0.1600716298548304,0.0,0.5409334321860904,0.43696749434069043,0.33693230050933787,9221760.0,4775191.0,0.0,4775191.0,0.0,47149626.71321297,60313600.0,440801184.04672056,10825245090.444092,47149626.71321297,51094658.795760155,1075974.0,1075974.0,0.5178177484558262,0.5178177484558262,0.7817412111565711,0.7817412111565711,0.20179133210203604,0.0,6865760.0,3839795.0,3839795.0,1884800.0,800567.0,800567.0,471200.0,134829.0,134829.0,0.0,0.0,0.06540866541786906,0.11667772746200292,0.0,0.5592672916035515,0.42474904499151106,0.28613964346349746,36854000.0,18396246.0,0.0,18396246.0,0.0,216719981.1086671,301568000.0,2559517046.569409,27318241201.98987,216719981.1086671,265952115.39128685,6299448.0,6299448.0,0.4991655179899061,0.4991655179899061,0.7186438253019787,0.7186438253019787,0.3060924697439723,0.0,25074000.0,13437489.0,13437489.0,9424000.0,4141011.0,4141011.0,2356000.0,817746.0,817746.0,0.0,0.0,0.1632538408671336,0.17092983122591848,0.0,0.5359132567599905,0.43941118421052633,0.3470908319185059,"[0.7011057240775631, 0.7439403089519372, 0.7970673725585322]","[0.23334839895268655, 0.2707100098882678, 0.2945773987011639]","[0.4585966159064349, 0.4943184375055386, 0.5140112701547073]","[0.7264799954138782, 0.8136985195418334, 0.8621250588527323]","[0.1653041823636352, 0.19383505210047858, 0.2252757979806906]","[0.3572261830477604, 0.448987042401318, 0.5554038288076419]","[0.6953522178233974, 0.728981359354202, 0.7829394371601429]","[0.2576504153693715, 0.29870835329539347, 0.3209068690887827]","[0.47845400709584535, 0.49603405786046306, 0.5092316042592835]",0.5416666666666666,0.5833333333333334,13.0,0
aime26,noncalibration24,jl_gaussian_r32_s50,jl_gaussian_r32,0.5,"{""family"": ""gaussian"", ""rank"": 32}",centered,"{""global"": {""log_threshold"": -1.2361350059509277}, ""local"": {""log_threshold"": -0.7595282196998596}}",24,0.5,0.5833333333333334,-0.08333333333333333,"(-0.2916666666666667, 0.125)",1589,33372,0.0476147668704303,0.0,0.8571428571428571,4,0,41022720.0,20802026.0,0.0,20802026.0,0.0,240669154.61830795,327843840.0,2180709587.200531,34809132045.4314,240669154.61830795,288400619.3005681,6475443.0,6475443.0,0.5070854882367625,0.5070854882367625,0.7340969243720057,0.7340969243720057,0.25029508367923986,0.0,28216320.0,15442518.0,15442518.0,10245120.0,4541388.0,4541388.0,2561280.0,818120.0,818120.0,0.0,0.0,0.14559207420905074,0.15785016205653843,0.0,0.547290291575939,0.4432732852323838,0.31941841579210395,8138720.0,4156058.0,0.0,4156058.0,0.0,43365877.182463646,54640640.0,298885233.90603036,9920580923.877686,43365877.182463646,46879291.268339634,942682.0,942682.0,0.5106525350423654,0.5106525350423654,0.7936560988755558,0.7936560988755558,0.17357360271509248,0.0,6004320.0,3331621.0,3331621.0,1707520.0,717639.0,717639.0,426880.0,106798.0,106798.0,0.0,0.0,0.06430038311915798,0.11582681306151336,0.0,0.5548706597916166,0.42028146083208395,0.2501827211394303,32884000.0,16645968.0,0.0,16645968.0,0.0,197303277.4358443,273203200.0,1881824353.2945006,24888551121.55371,197303277.4358443,241521328.03222847,5532761.0,5532761.0,0.5062026517455297,0.5062026517455297,0.7221850894712958,0.7221850894712958,0.27497279919913153,0.0,22212000.0,12110897.0,12110897.0,8537600.0,3823749.0,3823749.0,2134400.0,711322.0,711322.0,0.0,0.0,0.1618504124270293,0.1682508514779224,0.0,0.5452411759409328,0.4478716501124438,0.3332655547226387,"[0.7044266014867733, 0.7534073742576709, 0.8069176696050085]","[0.2006757937997999, 0.24234262382065969, 0.26869080778780224]","[0.4591430383441092, 0.4976255233472283, 0.526678023112126]","[0.7427575207010024, 0.8397494364454929, 0.8868179973618728]","[0.12680677157067835, 0.15029772550649517, 0.19889522061198944]","[0.3590633348651961, 0.4379029305222558, 0.5635691335765345]","[0.6962359057262724, 0.7376130506110287, 0.7904964094561053]","[0.22466325049905625, 0.26865042285881036, 0.29443653043431806]","[0.4796974850368324, 0.5054297757170281, 0.5204403795162873]",0.5,0.5833333333333334,12.0,0
aime26,noncalibration24,jl_gaussian_r4_s50,jl_gaussian_r4,0.5,"{""family"": ""gaussian"", ""rank"": 4}",centered,"{""global"": {""log_threshold"": -1.2361350059509277}, ""local"": {""log_threshold"": -0.7595282196998596}}",24,0.4583333333333333,0.5833333333333334,-0.125,"(-0.2916666666666667, 0.041666666666666664)",1588,34376,0.04619501978124273,0.0,0.7857142857142856,4,0,44915120.0,22983266.0,0.0,22983266.0,0.0,258363786.23436943,358318080.0,2798967089.15004,38004433879.305756,258363786.23436943,312559351.05722046,7206576.0,7206576.0,0.5117044327166442,0.5117044327166442,0.7210459104781133,0.7210459104781133,0.27138245206025174,0.0,30918320.0,17012614.0,17012614.0,11197440.0,5046525.0,5046525.0,2799360.0,924127.0,924127.0,0.0,0.0,0.15124987503519507,0.1604487753789815,0.0,0.5502438036736795,0.4506856031378601,0.33012081332876086,8755520.0,4413580.0,0.0,4413580.0,0.0,47334937.28795028,59719680.0,358984998.7866457,10835395316.78247,47334937.28795028,51342378.99655914,1026637.0,1026637.0,0.5040911333650085,0.5040911333650085,0.7926187362013708,0.7926187362013708,0.18201860015324606,0.0,6422720.0,3514124.0,3514124.0,1866240.0,782244.0,782244.0,466560.0,117212.0,117212.0,0.0,0.0,0.06710420599388453,0.11725597109023793,0.0,0.5471395296696726,0.4191550925925926,0.25122599451303157,36159600.0,18569686.0,0.0,18569686.0,0.0,211028848.94641915,298598400.0,2439982090.3633947,27169038562.523285,211028848.94641915,261216972.06066132,6179939.0,6179939.0,0.5135478821668381,0.5135478821668381,0.7067313453334617,0.7067313453334617,0.29967891261585833,0.0,24495600.0,13498490.0,13498490.0,9331200.0,4264281.0,4264281.0,2332800.0,806915.0,806915.0,0.0,0.0,0.1680790088434572,0.1709072832664078,0.0,0.551057740982054,0.45699170524691357,0.3458997770919067,"[0.6998789878350267, 0.7373733822577659, 0.7859853300060253]","[0.22843679601634734, 0.2620101162669216, 0.28741663670812206]","[0.46789274236922074, 0.5065006996476407, 0.5280034451374155]","[0.758426915261228, 0.8188130376892013, 0.8782319276088513]","[0.14144996864415324, 0.1678658670662624, 0.19912949257553272]","[0.34712213845777934, 0.475308396639549, 0.547928407637294]","[0.685338007659207, 0.720016569235497, 0.7677061947698549]","[0.25650439549081977, 0.2918573153083851, 0.3143486050741524]","[0.49204686315150903, 0.5109790336432689, 0.5233379508688071]",0.4583333333333333,0.5833333333333334,11.0,0
aime26,noncalibration24,jl_gaussian_r8_s50,jl_gaussian_r8,0.5,"{""family"": ""gaussian"", ""rank"": 8}",centered,"{""global"": {""log_threshold"": -1.268207311630249}, ""local"": {""log_threshold"": -0.7595282196998596}}",24,0.5416666666666666,0.5833333333333334,-0.041666666666666664,"(-0.16666666666666666, 0.08333333333333333)",1566,35439,0.0441886057733006,0.0,0.9285714285714285,5,0,50746480.0,25792617.0,0.0,25792617.0,0.0,283736856.15079105,392724480.0,2961138131.5148005,41658168176.11307,283736856.15079105,344599568.16977215,8264649.0,8264649.0,0.5082641594057361,0.5082641594057361,0.7224832435981354,0.7224832435981354,0.26661172755751394,0.0,35405680.0,19305634.0,19305634.0,12272640.0,5436173.0,5436173.0,3068160.0,1050810.0,1050810.0,0.0,0.0,0.1549756002451925,0.1628615226120117,0.0,0.5452694031014232,0.44295057950041716,0.3424886576971214,10185280.0,5031820.0,0.0,5031820.0,0.0,52173032.609641075,65454080.0,345349865.8244307,11799405782.831055,52173032.609641075,56522459.19460392,1240601.0,1240601.0,0.49402863740613906,0.49402863740613906,0.7970936664244777,0.7970936664244777,0.17108013228446545,0.0,7628480.0,4054141.0,4054141.0,2045440.0,843278.0,843278.0,511360.0,134401.0,134401.0,0.0,0.0,0.06645004535947713,0.121803327939929,0.0,0.5314480735349637,0.4122721761576971,0.26283049123904884,40561200.0,20760797.0,0.0,20760797.0,0.0,231563823.54114997,327270400.0,2615788265.6903696,29858762393.282013,231563823.54114997,288077108.9751682,7024048.0,7024048.0,0.5118388262674675,0.5118388262674675,0.707561159032867,0.707561159032867,0.2959820625243986,0.0,27777200.0,15251493.0,15251493.0,10227200.0,4592895.0,4592895.0,2556800.0,916409.0,916409.0,0.0,0.0,0.17268071122233558,0.17317160241807442,0.0,0.5490651685555059,0.4490862601689612,0.3584202909887359,"[0.6997258454717755, 0.7369261918979247, 0.7890066787229627]","[0.2200452718545355, 0.2614948694046024, 0.27995174627373015]","[0.471152409170779, 0.5033190370686762, 0.5176074191620844]","[0.7633783515961923, 0.8203024954879847, 0.8793363679857238]","[0.1320364349055694, 0.162218998608407, 0.18620767086282164]","[0.35622316986092606, 0.45579194157451686, 0.5279157585321493]","[0.6846619477499793, 0.7182603276118633, 0.7709558874797515]","[0.24666333865615753, 0.2919944519566885, 0.3108658983384515]","[0.4926703354978355, 0.5106235769746661, 0.5232517428756137]",0.5416666666666666,0.5833333333333334,13.0,0
aime26,noncalibration24,mass_s50,mass,0.5,"{""method"": ""mass""}",mass,"{""global"": {""dense_unattainable"": false, ""log_threshold"": -0.045639991760253906}, ""local"": {""dense_unattainable"": false, ""log_threshold"": -0.018442153930664062}}",24,0.4583333333333333,0.5833333333333334,-0.125,"(-0.2916666666666667, 0.041666666666666664)",1354,35575,0.038060435699226985,0.0,0.7857142857142856,6,0,48468400.0,25015154.0,25015154.0,25015154.0,0.0,286861263.84552574,382771200.0,3811491712.1021595,41680842868.47131,286861263.84552574,331080813.5044551,6909457.0,6909457.0,0.5161126424639559,0.5161126424639559,0.7494327259875501,0.7494327259875501,0.3023982291113767,0.0,33516400.0,17774820.0,17774820.0,11961600.0,6065475.0,6065475.0,2990400.0,1174859.0,1174859.0,0.5161126424639559,0.0,0.11552475645745905,0.14255591271838972,0.0,0.5303320165650249,0.5070789024879615,0.39287687265917604,9656000.0,5136465.0,5136465.0,5136465.0,0.0,49050030.145478725,63795200.0,642952611.9817342,11573023450.749268,49050030.145478725,53144668.869663715,1028878.0,1028878.0,0.5319454225352113,0.5319454225352113,0.7688670957294393,0.7688670957294393,0.2357035186861342,0.0,7164000.0,4008795.0,4008795.0,1993600.0,984457.0,984457.0,498400.0,143213.0,143213.0,0.5319454225352113,0.0,0.06418411924698081,0.10655323115161558,0.0,0.5595749581239531,0.4938086878009631,0.2873455056179775,38812400.0,19878689.0,19878689.0,19878689.0,0.0,237811233.70004702,318976000.0,3168539100.120425,30107819417.722046,237811233.70004702,277936144.6347914,5880579.0,5880579.0,0.5121736609949398,0.5121736609949398,0.7455458520391722,0.7455458520391722,0.32440675150121684,0.0,26352400.0,13766025.0,13766025.0,9968000.0,5081018.0,5081018.0,2492000.0,1031646.0,1031646.0,0.5121736609949398,0.0,0.1257928838995547,0.15151289278684132,0.0,0.5223822118668509,0.5097329454253612,0.4139831460674157,"[0.7255916128301736, 0.7621012699444919, 0.7935310711197006]","[0.2866299095872608, 0.29944017692949415, 0.3152611998469206]","[0.49317267011489074, 0.5121892770685587, 0.5294558974731526]","[0.7254708261763015, 0.8017568286327967, 0.8462622092078649]","[0.20593916999720785, 0.2208804250100485, 0.25539640150900017]","[0.39067805514946335, 0.4889651062133308, 0.577700757201588]","[0.7233363133690207, 0.7561137254892316, 0.7836147943715384]","[0.31110418407045093, 0.32333519000720595, 0.3350598678120735]","[0.4929169189764861, 0.5164796676706913, 0.53083610056926]",0.4583333333333333,0.5833333333333334,11.0,0
