benchmark,task,condition,count,accuracy,dense_accuracy,delta,paired_ci95,matching_tokens,compared_tokens,token_agreement,sequence_exact_match,relative_accuracy,length_terminated,empty_outputs,overall_eligible,overall_skipped,overall_softmax_skipped,overall_pv_omitted,overall_compensated,overall_mass_sum,overall_rows,overall_error_sq,overall_dense_sq,overall_denominator_mass_sum,overall_same_budget_best_mass_sum,overall_wrongly_replaced_vs_mass,overall_unnecessarily_retained_vs_mass,overall_physical_sparsity,overall_pv_omission,overall_mass,overall_denominator_mass,overall_relative_error,overall_rescued_rows,overall_prefix_eligible,overall_prefix_skipped,overall_prefix_replaced,overall_canvas_eligible,overall_canvas_skipped,overall_canvas_replaced,overall_boundary_eligible,overall_boundary_skipped,overall_boundary_replaced,overall_softmax_sparsity,overall_compensation_fraction,overall_mass_selection_gap,overall_wrongly_replaced_fraction,overall_rescued_row_rate,overall_prefix_sparsity,overall_canvas_sparsity,overall_boundary_sparsity,global_eligible,global_skipped,global_softmax_skipped,global_pv_omitted,global_compensated,global_mass_sum,global_rows,global_error_sq,global_dense_sq,global_denominator_mass_sum,global_same_budget_best_mass_sum,global_wrongly_replaced_vs_mass,global_unnecessarily_retained_vs_mass,global_physical_sparsity,global_pv_omission,global_mass,global_denominator_mass,global_relative_error,global_rescued_rows,global_prefix_eligible,global_prefix_skipped,global_prefix_replaced,global_canvas_eligible,global_canvas_skipped,global_canvas_replaced,global_boundary_eligible,global_boundary_skipped,global_boundary_replaced,global_softmax_sparsity,global_compensation_fraction,global_mass_selection_gap,global_wrongly_replaced_fraction,global_rescued_row_rate,global_prefix_sparsity,global_canvas_sparsity,global_boundary_sparsity,local_eligible,local_skipped,local_softmax_skipped,local_pv_omitted,local_compensated,local_mass_sum,local_rows,local_error_sq,local_dense_sq,local_denominator_mass_sum,local_same_budget_best_mass_sum,local_wrongly_replaced_vs_mass,local_unnecessarily_retained_vs_mass,local_physical_sparsity,local_pv_omission,local_mass,local_denominator_mass,local_relative_error,local_rescued_rows,local_prefix_eligible,local_prefix_skipped,local_prefix_replaced,local_canvas_eligible,local_canvas_skipped,local_canvas_replaced,local_boundary_eligible,local_boundary_skipped,local_boundary_replaced,local_softmax_sparsity,local_compensation_fraction,local_mass_selection_gap,local_wrongly_replaced_fraction,local_rescued_row_rate,local_prefix_sparsity,local_canvas_sparsity,local_boundary_sparsity,overall_mass_sample_p10_p50_p90,overall_relative_error_sample_p10_p50_p90,overall_physical_sparsity_sample_p10_p50_p90,global_mass_sample_p10_p50_p90,global_relative_error_sample_p10_p50_p90,global_physical_sparsity_sample_p10_p50_p90,local_mass_sample_p10_p50_p90,local_relative_error_sample_p10_p50_p90,local_physical_sparsity_sample_p10_p50_p90,equal_task_macro,dense_equal_task_macro,correct,unparsed_answers
longbench_v2,Code Repository Understanding,blasst_aggressive_s50,5,0.4,0.4,0.0,"(0.0, 0.0)",114,3006,0.03792415169660679,0.0,1.0,0,0,29562560.0,15810030.0,15810030.0,15810030.0,0.0,28140445.515271127,36986880.0,452456044.58926874,3699465226.044739,28140445.515271127,33626067.751132965,2364094.0,2364094.0,0.5347990837058766,0.5347990837058766,0.760822364991887,0.760822364991887,0.3497185930873856,0.0,28117760.0,15222361.0,15222361.0,1155840.0,455547.0,455547.0,288960.0,132122.0,132122.0,0.5347990837058766,0.0,0.14831265129315688,0.0799691907602048,0.0,0.5413788651727591,0.3941263496677741,0.4572328349944629,24987360.0,13601730.0,13601730.0,13601730.0,0.0,5547120.0302734375,6164480.0,21312478.959637105,917071629.3171387,5547120.0302734375,5628089.433643341,1522283.0,1522283.0,0.5443444205390245,0.5443444205390245,0.899852060558788,0.899852060558788,0.15244576172278843,0.0,24746560.0,13569289.0,13569289.0,192640.0,31359.0,31359.0,48160.0,1082.0,1082.0,0.5443444205390245,0.0,0.013134831059538447,0.06092212222499696,0.0,0.5483303133849715,0.16278550664451827,0.022466777408637874,4575200.0,2208300.0,2208300.0,2208300.0,0.0,22593325.48499769,30822400.0,431143565.62963164,2782393596.7276,22593325.48499769,27997978.317489624,841811.0,841811.0,0.48266742437489074,0.48266742437489074,0.7330164258785069,0.7330164258785069,0.3936422195850047,0.0,3371200.0,1653072.0,1653072.0,963200.0,424188.0,424188.0,240800.0,131040.0,131040.0,0.48266742437489074,0.0,0.17534821533988054,0.18399436090225563,0.0,0.4903512102515425,0.44039451827242526,0.5441860465116279,"[0.7528819603171343, 0.7573168751287634, 0.7777457145276016]","[0.32600103906670375, 0.33627387917119794, 0.3638405864636127]","[0.507675771295571, 0.5370880110748691, 0.5953310313325538]","[0.8901313901482846, 0.8963468972173795, 0.9059216466752119]","[0.14645336654926377, 0.15340214241700256, 0.16357616514698428]","[0.5098424833331667, 0.5524987657645528, 0.6184825893551598]","[0.7244783578593035, 0.7271811895944443, 0.753923155170254]","[0.3660805583207349, 0.3775077736483666, 0.4105811717103126]","[0.4591374439004488, 0.4701330741626794, 0.49838483161635827]",0.4,0.4,2.0,0
longbench_v2,Code Repository Understanding,blasst_original_s50,5,0.4,0.4,0.0,"(0.0, 0.0)",135,3142,0.0429662635264163,0.0,1.0,0,0,24874560.0,12606459.0,12606459.0,12606459.0,0.0,29203680.331462383,31088640.0,53200988.64346466,3193854890.07283,29203680.331462383,30261728.524196625,1701605.0,1701605.0,0.5068012861333024,0.5068012861333024,0.9393682171835881,0.9393682171835881,0.12906315019571316,0.0,23660160.0,12365651.0,12365651.0,971520.0,205046.0,205046.0,242880.0,35762.0,35762.0,0.5068012861333024,0.0,0.034033273656687506,0.06840744117684895,0.0,0.5226359838648598,0.21105690052700923,0.14724143610013174,21028960.0,11709276.0,11709276.0,11709276.0,0.0,4678666.505088806,5181440.0,17272411.618918173,815197494.9875488,4678666.505088806,4746153.291519165,1281839.0,1281839.0,0.5568166946915112,0.5568166946915112,0.9029664543232782,0.9029664543232782,0.14556101368004437,0.0,20826560.0,11680558.0,11680558.0,161920.0,27738.0,27738.0,40480.0,980.0,980.0,0.5568166946915112,0.0,0.013024716378141768,0.06095589130418242,0.0,0.5608491272682574,0.17130681818181817,0.024209486166007904,3845600.0,897183.0,897183.0,897183.0,0.0,24525013.826373577,25907200.0,35928577.02454649,2378657395.0852814,24525013.826373577,25515575.23267746,419766.0,419766.0,0.23330117536925318,0.23330117536925318,0.94664856975565,0.94664856975565,0.12290061654657089,0.0,2833600.0,685093.0,685093.0,809600.0,177308.0,177308.0,202400.0,34782.0,34782.0,0.23330117536925318,0.0,0.038234985112396654,0.10915487830247556,0.0,0.24177477413890458,0.21900691699604743,0.17184782608695653,"[0.9365603590533949, 0.9415040236642762, 0.9427055875190544]","[0.1203669569241333, 0.1293532964697108, 0.13292287489817062]","[0.4781535595175027, 0.5067048849926711, 0.5792422650584619]","[0.886712094378415, 0.8994672894991678, 0.9092104239259465]","[0.13672056470198915, 0.14670453796642954, 0.16577675419772173]","[0.5215848012643086, 0.5577754788760595, 0.6439319684544984]","[0.9441043582619745, 0.9504478920732693, 0.9514803324642054]","[0.10594441980024491, 0.11712828705187531, 0.12924465073825384]","[0.2223936349494426, 0.2319286703601108, 0.245160783055199]",0.4,0.4,2.0,0
longbench_v2,Code Repository Understanding,dense,5,0.4,0.4,0.0,"(0.0, 0.0)",2785,2785,1.0,1.0,1.0,0,0,23165440.0,0.0,0.0,0.0,0.0,28999680.0,28999680.0,0.0,3022400721.3970947,28999680.0,28999680.0,0.0,0.0,0.0,0.0,1.0,1.0,0.0,0.0,22032640.0,0.0,0.0,906240.0,0.0,0.0,226560.0,0.0,0.0,0.0,0.0,0.0,0.0,0.0,0.0,0.0,0.0,19578240.0,0.0,0.0,0.0,0.0,4833280.0,4833280.0,0.0,788261506.4389648,4833280.0,4833280.0,0.0,0.0,0.0,0.0,1.0,1.0,0.0,0.0,19389440.0,0.0,0.0,151040.0,0.0,0.0,37760.0,0.0,0.0,0.0,0.0,0.0,0.0,0.0,0.0,0.0,0.0,3587200.0,0.0,0.0,0.0,0.0,24166400.0,24166400.0,0.0,2234139214.95813,24166400.0,24166400.0,0.0,0.0,0.0,0.0,1.0,1.0,0.0,0.0,2643200.0,0.0,0.0,755200.0,0.0,0.0,188800.0,0.0,0.0,0.0,0.0,0.0,0.0,0.0,0.0,0.0,0.0,"[1.0, 1.0, 1.0]","[0.0, 0.0, 0.0]","[0.0, 0.0, 0.0]","[1.0, 1.0, 1.0]","[0.0, 0.0, 0.0]","[0.0, 0.0, 0.0]","[1.0, 1.0, 1.0]","[0.0, 0.0, 0.0]","[0.0, 0.0, 0.0]",0.4,0.4,2.0,0
longbench_v2,Code Repository Understanding,full_centered_s50,5,0.4,0.4,0.0,"(0.0, 0.0)",107,3473,0.03080909876187734,0.0,1.0,0,0,41685760.0,23072777.0,0.0,23072777.0,0.0,38206682.42041162,52101120.0,392801244.4895908,5185424682.985077,38206682.42041162,47967279.85790253,4950683.0,4950683.0,0.5534930153606411,0.5534930153606411,0.7333178714855193,0.7333178714855193,0.2752290443781524,0.0,39650560.0,22303345.0,22303345.0,1628160.0,596012.0,596012.0,407040.0,173420.0,173420.0,0.0,0.0,0.18733949361339852,0.11876197051463137,0.0,0.5624976040691481,0.3660647602201258,0.42605149371069184,35240960.0,19918169.0,0.0,19918169.0,0.0,7892833.059135437,8683520.0,14737680.790597081,1356195186.274414,7892833.059135437,8088524.291618347,3660063.0,3660063.0,0.5651993873038645,0.5651993873038645,0.908943960414145,0.908943960414145,0.10424457752299403,0.0,34901760.0,19881116.0,19881116.0,271360.0,36920.0,36920.0,67840.0,133.0,133.0,0.0,0.0,0.02253593387047075,0.10385820931098358,0.0,0.5696307578758206,0.13605542452830188,0.001960495283018868,6444800.0,3154608.0,0.0,3154608.0,0.0,30313849.36127618,43417600.0,378063563.69899374,3829229496.710663,30313849.36127618,39878755.56628418,1290620.0,1290620.0,0.4894811320754717,0.4894811320754717,0.6981926536997941,0.6981926536997941,0.31421485566357993,0.0,4748800.0,2422229.0,2422229.0,1356800.0,559092.0,559092.0,339200.0,173287.0,173287.0,0.0,0.0,0.2203002055619841,0.2002575719960278,0.0,0.5100718076145553,0.4120666273584906,0.5108696933962265,"[0.721130436831519, 0.7364863681576567, 0.7554594514315436]","[0.2558349244372202, 0.27817697586735646, 0.2826254004692735]","[0.5200601340351854, 0.5392476483908897, 0.6056884029698948]","[0.9033630985454106, 0.9097041425077205, 0.9134349557043043]","[0.09705048057063045, 0.1031849382073771, 0.11328624017967316]","[0.5227521753756164, 0.5511736896197328, 0.629878559053429]","[0.6837715612619332, 0.7024853358594876, 0.724076528983766]","[0.2910083326990544, 0.3164784698316693, 0.3243667400266085]","[0.46005593904975206, 0.4886928860613071, 0.5058068159761104]",0.4,0.4,2.0,1
longbench_v2,Code Repository Understanding,jl_gaussian_r32_s50,5,0.4,0.4,0.0,"(0.0, 0.0)",125,3246,0.038508934072704865,0.0,1.0,0,0,45097920.0,23316876.0,0.0,23316876.0,0.0,40478531.53989362,56401920.0,455362784.7253712,5618685254.54834,40478531.53989362,51678658.2040596,5408517.0,5408517.0,0.5170277476211763,0.5170277476211763,0.7176800282666551,0.7176800282666551,0.28468292202379464,0.0,42894720.0,22459279.0,22459279.0,1762560.0,661649.0,661649.0,440640.0,195948.0,195948.0,0.0,0.0,0.19857704603258153,0.1199283026800349,0.0,0.5235907589558808,0.3753909086782861,0.4446895424836601,38121120.0,19833152.0,0.0,19833152.0,0.0,8615195.713020325,9400320.0,12945068.847898424,1453898615.8359375,8615195.713020325,8820406.205986023,3986526.0,3986526.0,0.5202667707559484,0.5202667707559484,0.9164789829516787,0.9164789829516787,0.09435938914678367,0.0,37753920.0,19797314.0,19797314.0,293760.0,35719.0,35719.0,73440.0,119.0,119.0,0.0,0.0,0.02183016035259419,0.10457525906898853,0.0,0.52437770700367,0.12159245642701524,0.0016203703703703703,6976800.0,3483724.0,0.0,3483724.0,0.0,31863335.826873295,47001600.0,442417715.87747276,4164786638.7124023,31863335.826873295,42858251.99807358,1421991.0,1421991.0,0.49932977869510375,0.49932977869510375,0.6779202373296503,0.6779202373296503,0.32592665229972484,0.0,5140800.0,2661965.0,2661965.0,1468800.0,625930.0,625930.0,367200.0,195829.0,195829.0,0.0,0.0,0.233926423168579,0.2038170794633643,0.0,0.5178114301276066,0.4261505991285403,0.5333033769063181,"[0.7059315879129967, 0.7174356543762781, 0.7401914560071726]","[0.26318424285824477, 0.28793431414458526, 0.2903322639763687]","[0.48892233417342845, 0.5128161421911422, 0.5786428485861593]","[0.9109620775990019, 0.9166210780718497, 0.9187364438943586]","[0.0882232885841482, 0.09437248702241666, 0.10644898426898791]","[0.48534431935598915, 0.5179857142857143, 0.5960536198359385]","[0.6644801133019244, 0.6775935402212382, 0.7050702006693541]","[0.29954042962039273, 0.3291159629625233, 0.33367870449518333]","[0.47942348591258366, 0.4954721362229102, 0.5094275586023883]",0.4,0.4,2.0,0
longbench_v2,Code Repository Understanding,mass_s50,5,0.2,0.4,-0.2,"(-0.6, 0.0)",133,3362,0.039559785841760856,0.0,0.5,0,0,38449600.0,20744925.0,20744925.0,20744925.0,0.0,36275413.31464052,48046080.0,467373441.86052406,4990776876.7388,36275413.31464052,43942954.098379135,3812814.0,3812814.0,0.5395355218259748,0.5395355218259748,0.7550129649419999,0.7550129649419999,0.3060186803695929,0.0,36572800.0,19875331.0,19875331.0,1501440.0,681895.0,681895.0,375360.0,187699.0,187699.0,0.5395355218259748,0.0,0.15958722925447014,0.0991639444883692,0.0,0.5434457028173943,0.4541606724211424,0.5000506180733163,32506400.0,17785336.0,17785336.0,17785336.0,0.0,7308322.955196381,8007680.0,12943213.036486244,1246189632.8811035,7308322.955196381,7439492.434120178,2683151.0,2683151.0,0.5471333645066817,0.5471333645066817,0.9126642117562616,0.9126642117562616,0.10191285841728069,0.0,32193600.0,17720002.0,17720002.0,250240.0,64800.0,64800.0,62560.0,534.0,534.0,0.5471333645066817,0.0,0.016380459624235434,0.08254223783624148,0.0,0.5504200213707072,0.25895140664961636,0.008535805626598466,5943200.0,2959589.0,2959589.0,2959589.0,0.0,28967090.35944414,40038400.0,454430228.82403785,3744587243.8576965,28967090.35944414,36503461.66425896,1129663.0,1129663.0,0.49797903486337325,0.49797903486337325,0.7234827155791476,0.7234827155791476,0.34836268544641663,0.0,4379200.0,2155329.0,2155329.0,1251200.0,617095.0,617095.0,312800.0,187165.0,187165.0,0.49797903486337325,0.0,0.18822858318051708,0.19007655808318752,0.0,0.4921741413956887,0.4932025255754476,0.5983535805626599,"[0.7451073960561397, 0.7537525653281252, 0.7766944953242838]","[0.2776530559092197, 0.31083226498576555, 0.31655775458692886]","[0.5159153925395965, 0.5373871562375448, 0.5831069881519446]","[0.9105278237932264, 0.9120262107501428, 0.9161641211034379]","[0.09559806192872411, 0.10070541102536446, 0.1112050472913976]","[0.5170291275634034, 0.5492878627034677, 0.6017155965904506]","[0.7114285462862024, 0.7223498324668945, 0.7492282429343323]","[0.31491067494135494, 0.35302660349878284, 0.3619043830754034]","[0.47213175723862505, 0.4965412280701754, 0.5098124426646761]",0.2,0.4,1.0,0
longbench_v2,Long In-context Learning,blasst_aggressive_s50,8,0.5,0.5,0.0,"(0.0, 0.0)",157,4327,0.0362837993991218,0.0,1.0,0,0,37086880.0,16492302.0,16492302.0,16492302.0,0.0,36647727.03323436,48046080.0,533930598.8001115,4746114847.775726,36647727.03323436,43664697.598716736,3196017.0,3196017.0,0.4446937030022477,0.4446937030022477,0.7627620616132338,0.7627620616132338,0.3354078969763385,0.0,35210080.0,15742856.0,15742856.0,1501440.0,586030.0,586030.0,375360.0,163416.0,163416.0,0.4446937030022477,0.0,0.14604668196619533,0.08617648613202297,0.0,0.44711219059996454,0.3903119671781756,0.43535805626598467,31143680.0,13658145.0,13658145.0,13658145.0,0.0,7260360.3822898865,8007680.0,24734890.93076996,1195080804.5478516,7260360.3822898865,7368285.800937653,2100604.0,2100604.0,0.4385527015432987,0.4385527015432987,0.9066746401317094,0.9066746401317094,0.1438654022816383,0.0,30830880.0,13617265.0,13617265.0,250240.0,39438.0,39438.0,62560.0,1442.0,1442.0,0.4385527015432987,0.0,0.013477738701817019,0.0674488050223994,0.0,0.44167617012553645,0.1576007033248082,0.023049872122762147,5943200.0,2834157.0,2834157.0,2834157.0,0.0,29387366.65094447,40038400.0,509195707.86934155,3551034043.2278748,29387366.65094447,36296411.79777908,1095413.0,1095413.0,0.47687390631309734,0.47687390631309734,0.7339795459095386,0.7339795459095386,0.3786735308920809,0.0,4379200.0,2125591.0,2125591.0,1251200.0,546592.0,546592.0,312800.0,161974.0,161974.0,0.47687390631309734,0.0,0.17256047061907098,0.18431366940368824,0.0,0.48538340336134456,0.4368542199488491,0.5178196930946292,"[0.7477387448462977, 0.7645319340406885, 0.7801076186805349]","[0.30828465167002145, 0.3379518596258747, 0.35009439429364747]","[0.4151416669686091, 0.45127282493429066, 0.47930746427914184]","[0.8961618782505393, 0.9034080617775306, 0.9153881618355346]","[0.12836574173849213, 0.14500345924914157, 0.16043364077504133]","[0.40309879925153813, 0.4462346133899358, 0.4819203960298015]","[0.7175279274044221, 0.73711757884769, 0.7534539265320914]","[0.3490393175527791, 0.3806644222293446, 0.3943343518583674]","[0.46441302525466893, 0.47431924892017274, 0.48451446612220206]",0.5,0.5,4.0,0
longbench_v2,Long In-context Learning,blasst_original_s50,8,0.5,0.5,0.0,"(0.0, 0.0)",346,4132,0.08373668925459826,0.0,1.0,0,0,27466720.0,11475092.0,11475092.0,11475092.0,0.0,33426955.19562435,35512320.0,58046903.522927664,3649280867.137665,33426955.19562435,34603607.02087402,2031455.0,2031455.0,0.41778166450162235,0.41778166450162235,0.9412777085705567,0.9412777085705567,0.12612055803917116,0.0,26079520.0,11203479.0,11203479.0,1109760.0,229488.0,229488.0,277440.0,42125.0,42125.0,0.41778166450162235,0.0,0.033133623070801116,0.07396059667845305,0.0,0.4295891565488935,0.20679065743944636,0.151834630911188,23073920.0,10457174.0,10457174.0,10457174.0,0.0,5378343.107898712,5918720.0,18511848.250423145,941125794.0302734,5378343.107898712,5458405.092971802,1554978.0,1554978.0,0.4532031835076138,0.4532031835076138,0.9087003791189163,0.9087003791189163,0.14024941307885755,0.0,22842720.0,10425912.0,10425912.0,184960.0,30058.0,30058.0,46240.0,1204.0,1204.0,0.4532031835076138,0.0,0.013526908702065582,0.06739114983496519,0.0,0.4564216520624514,0.16251081314878893,0.026038062283737024,4392800.0,1017918.0,1017918.0,1017918.0,0.0,28048612.08772564,29593600.0,39535055.272504516,2708155073.1073914,28048612.08772564,29145201.92790222,476477.0,476477.0,0.23172418503004918,0.23172418503004918,0.9477931744608847,0.9477931744608847,0.12082433418876726,0.0,3236800.0,777567.0,777567.0,924800.0,199430.0,199430.0,231200.0,40921.0,40921.0,0.23172418503004918,0.0,0.03705496594454823,0.10846771990529958,0.0,0.24022707612456748,0.21564662629757786,0.1769939446366782,"[0.9394017656036502, 0.9416278607260598, 0.9448866530644695]","[0.11121731134790235, 0.12321226815903458, 0.13418091534243698]","[0.3899126795364654, 0.42134808917960986, 0.4362319416077299]","[0.8947295483331318, 0.9058054371343072, 0.9161842949756411]","[0.12827105805980618, 0.14284156874078288, 0.15979515822143234]","[0.4209510874096719, 0.454261937810312, 0.4941207650197795]","[0.9462530421316965, 0.9494652928699779, 0.9520450198133042]","[0.10388014716837263, 0.11171177341379548, 0.1339379051901687]","[0.21176930778032035, 0.2231589097217096, 0.24206094004340747]",0.5,0.5,4.0,0
longbench_v2,Long In-context Learning,dense,8,0.5,0.5,0.0,"(0.0, 0.0)",3721,3721,1.0,1.0,1.0,0,0,31314880.0,0.0,0.0,0.0,0.0,40427520.0,40427520.0,0.0,4186744729.06546,40427520.0,40427520.0,0.0,0.0,0.0,0.0,1.0,1.0,0.0,0.0,29735680.0,0.0,0.0,1263360.0,0.0,0.0,315840.0,0.0,0.0,0.0,0.0,0.0,0.0,0.0,0.0,0.0,0.0,26314080.0,0.0,0.0,0.0,0.0,6737920.0,6737920.0,0.0,1099038751.4072266,6737920.0,6737920.0,0.0,0.0,0.0,0.0,1.0,1.0,0.0,0.0,26050880.0,0.0,0.0,210560.0,0.0,0.0,52640.0,0.0,0.0,0.0,0.0,0.0,0.0,0.0,0.0,0.0,0.0,5000800.0,0.0,0.0,0.0,0.0,33689600.0,33689600.0,0.0,3087705977.6582336,33689600.0,33689600.0,0.0,0.0,0.0,0.0,1.0,1.0,0.0,0.0,3684800.0,0.0,0.0,1052800.0,0.0,0.0,263200.0,0.0,0.0,0.0,0.0,0.0,0.0,0.0,0.0,0.0,0.0,"[1.0, 1.0, 1.0]","[0.0, 0.0, 0.0]","[0.0, 0.0, 0.0]","[1.0, 1.0, 1.0]","[0.0, 0.0, 0.0]","[0.0, 0.0, 0.0]","[1.0, 1.0, 1.0]","[0.0, 0.0, 0.0]","[0.0, 0.0, 0.0]",0.5,0.5,4.0,0
longbench_v2,Long In-context Learning,full_centered_s50,8,0.5,0.5,0.0,"(0.0, 0.0)",232,5516,0.04205946337926034,0.0,1.0,0,0,65962880.0,30758620.0,0.0,30758620.0,0.0,63915534.553192675,87490560.0,649414792.1217109,8776636526.433899,63915534.553192675,80194303.74067497,8746014.0,8746014.0,0.4663019564943192,0.4663019564943192,0.7305420670892114,0.7305420670892114,0.27201761709027117,0.0,62545280.0,29470876.0,29470876.0,2734080.0,981743.0,981743.0,683520.0,306001.0,306001.0,0.0,0.0,0.18606314998420742,0.13258993543035114,0.0,0.4711926463515712,0.3590761791900749,0.44768404728464417,55140480.0,25393126.0,0.0,25393126.0,0.0,13210537.590431213,14581760.0,21758155.562590107,2299632138.336914,13210537.590431213,13600101.256240845,6589250.0,6589250.0,0.460516955964112,0.460516955964112,0.9059631752567052,0.9059631752567052,0.09727065806179723,0.0,54570880.0,25340531.0,25340531.0,455680.0,52339.0,52339.0,113920.0,256.0,256.0,0.0,0.0,0.02671581933934116,0.11949932245783859,0.0,0.46435994801623137,0.11485911165730336,0.0022471910112359553,10822400.0,5365494.0,0.0,5365494.0,0.0,50704996.96276146,72908800.0,627656636.5591208,6477004388.096985,50704996.96276146,66594202.48443413,2156764.0,2156764.0,0.4957767223536369,0.4957767223536369,0.6954578454557127,0.6954578454557127,0.3112963058665223,0.0,7974400.0,4130345.0,4130345.0,2278400.0,929404.0,929404.0,569600.0,305745.0,305745.0,0.0,0.0,0.21793261611318065,0.19928703429923122,0.0,0.5179505668138041,0.4079195926966292,0.5367714185393259,"[0.713747076411267, 0.7291770206946139, 0.7426147603495769]","[0.25786421329779724, 0.27457961355210325, 0.2907482138591805]","[0.37829457929454047, 0.48552697181495474, 0.5266127993701506]","[0.8710563370936197, 0.896912220922992, 0.9268431791297804]","[0.0761178280537484, 0.10365822700634869, 0.12228074845306622]","[0.34696467155081906, 0.48669110587453945, 0.533651513680749]","[0.68014642840853, 0.6958776529354743, 0.7093993318303874]","[0.2993539662255685, 0.3127605634662697, 0.33078987631699874]","[0.47863549664944854, 0.4894544871272609, 0.5080423813439849]",0.5,0.5,4.0,0
longbench_v2,Long In-context Learning,jl_gaussian_r32_s50,8,0.5,0.5,0.0,"(0.0, 0.0)",319,5001,0.0637872425514897,0.0,1.0,0,0,66427680.0,30008652.0,0.0,30008652.0,0.0,62176742.84359107,85647360.0,663877529.0965542,8555597298.539246,62176742.84359107,78514321.72559357,8625434.0,8625434.0,0.4517492105700515,0.4517492105700515,0.7259621644332186,0.7259621644332186,0.27856004063070927,0.0,63082080.0,28729665.0,28729665.0,2676480.0,979750.0,979750.0,669120.0,299237.0,299237.0,0.0,0.0,0.19075402770152514,0.1298469854735255,0.0,0.4554330643504463,0.3660591523194644,0.4472097680535629,55833280.0,24773467.0,0.0,24773467.0,0.0,13017210.943553925,14274560.0,18752166.212208197,2236795723.5429688,13017210.943553925,13372065.900627136,6471087.0,6471087.0,0.4437043104041174,0.4437043104041174,0.9119167906789368,0.9119167906789368,0.0915614285615174,0.0,55275680.0,24717501.0,24717501.0,446080.0,55808.0,55808.0,111520.0,158.0,158.0,0.0,0.0,0.024859257103070895,0.11590017638225804,0.0,0.44716774176274265,0.12510760401721666,0.0014167862266857962,10594400.0,5235185.0,0.0,5235185.0,0.0,49159531.90003715,71372800.0,645125362.8843459,6318801574.996277,49159531.90003715,65142255.82496643,2154347.0,2154347.0,0.4941464358529034,0.4941464358529034,0.688771239184075,0.688771239184075,0.3195248939096205,0.0,7806400.0,4012164.0,4012164.0,2230400.0,923942.0,923942.0,557600.0,299079.0,299079.0,0.0,0.0,0.223932981821216,0.2033477119987918,0.0,0.5139582906333265,0.4142494619799139,0.5363683644189383,"[0.7054419164522248, 0.7268024856327493, 0.7408624460542278]","[0.26969247335998286, 0.2779509664659875, 0.29234595830819754]","[0.3516379629319877, 0.45858551647278023, 0.5117805037347805]","[0.8830135500444132, 0.9109782844782365, 0.9342644670476741]","[0.06832500292878997, 0.09102593300122941, 0.11479108996649966]","[0.31502181995726847, 0.45084474980734435, 0.5142059466397563]","[0.6703183306754931, 0.6894123327628899, 0.7016559827686485]","[0.3070101683018726, 0.32018705170266515, 0.3355881253002546]","[0.4760563477532274, 0.4961557379100891, 0.5054776744004983]",0.5,0.5,4.0,0
longbench_v2,Long In-context Learning,mass_s50,8,0.375,0.5,-0.125,"(-0.375, 0.0)",218,4456,0.048922800718132854,0.0,0.75,0,0,44196960.0,20742643.0,20742643.0,20742643.0,0.0,43156039.959540606,57384960.0,542914289.2804538,5905105393.302948,43156039.959540606,52343540.076402664,5141584.0,5141584.0,0.4693228448291466,0.4693228448291466,0.7520444374195017,0.7520444374195017,0.30321578722474873,0.0,41955360.0,19711169.0,19711169.0,1793280.0,814082.0,814082.0,448320.0,217392.0,217392.0,0.4693228448291466,0.0,0.1601029279599055,0.11633343107761258,0.0,0.46981289160669815,0.45396257137758744,0.4849036402569593,37098560.0,17233243.0,17233243.0,17233243.0,0.0,8671278.415168762,9564160.0,15508958.15163982,1481443596.7573242,8671278.415168762,8868265.354930878,3773388.0,3773388.0,0.46452592769099393,0.46452592769099393,0.9066429686630882,0.9066429686630882,0.10231722466357704,0.0,36724960.0,17160515.0,17160515.0,298880.0,72139.0,72139.0,74720.0,589.0,589.0,0.46452592769099393,0.0,0.020596365991588962,0.10171251929994048,0.0,0.4672711692538263,0.24136442719486081,0.007882762312633834,7098400.0,3509400.0,3509400.0,3509400.0,0.0,34484761.54437184,47820800.0,527405331.128814,4423661796.545624,34484761.54437184,43475274.72147179,1368196.0,1368196.0,0.49439310267102443,0.49439310267102443,0.7211247311707843,0.7211247311707843,0.345287852303748,0.0,5230400.0,2550654.0,2550654.0,1494400.0,741943.0,741943.0,373600.0,216803.0,216803.0,0.49439310267102443,0.0,0.1880042403535688,0.1927470979375634,0.0,0.48765945243193637,0.49648220021413275,0.5803078158458244,"[0.7423003151589727, 0.7574457923300058, 0.766171518184785]","[0.2775671366795106, 0.3004801851073033, 0.31238201202369653]","[0.38715211487051254, 0.48650173193367224, 0.5094313377930332]","[0.878601493351228, 0.8998094643011415, 0.930437617369937]","[0.07930385412175613, 0.10395111924670014, 0.12972897057009486]","[0.36087080292843426, 0.48411090693016723, 0.512731693213718]","[0.7100554159778942, 0.7233480872605176, 0.7400343318417513]","[0.31559461532449157, 0.3398252248224653, 0.35852680383739244]","[0.4783270878448357, 0.48810501012145746, 0.5012280248355763]",0.375,0.5,3.0,0
longbench_v2,Long Structured Data Understanding,blasst_aggressive_s50,3,0.0,0.0,0.0,"(0.0, 0.0)",80,3234,0.024737167594310452,0.0,,0,0,26628480.0,14122658.0,14122658.0,14122658.0,0.0,25272423.21433723,33177600.0,395368775.10073084,3409569143.1082153,25272423.21433723,30312837.989786148,2136878.0,2136878.0,0.5303591493018002,0.5303591493018002,0.7617315060262716,0.7617315060262716,0.34052690612941056,0.0,25332480.0,13589877.0,13589877.0,1036800.0,414506.0,414506.0,259200.0,118275.0,118275.0,0.5303591493018002,0.0,0.15192222389349797,0.08024783990674646,0.0,0.5364605834091254,0.39979359567901235,0.45630787037037035,22524480.0,12129110.0,12129110.0,12129110.0,0.0,4996823.568397522,5529600.0,19132436.11468764,878893487.296875,4996823.568397522,5064565.563865662,1384405.0,1384405.0,0.5384856831323076,0.5384856831323076,0.9036500955580009,0.9036500955580009,0.14754245745907882,0.0,22308480.0,12099966.0,12099966.0,172800.0,28152.0,28152.0,43200.0,992.0,992.0,0.5384856831323076,0.0,0.012250794898028727,0.06146224019378028,0.0,0.5423931168775282,0.16291666666666665,0.022962962962962963,4104000.0,1993548.0,1993548.0,1993548.0,0.0,20275599.645939708,27648000.0,376236338.9860432,2530675655.8113403,20275599.645939708,25248272.425920486,752473.0,752473.0,0.48575730994152044,0.48575730994152044,0.7333477881199257,0.7333477881199257,0.38557789338592435,0.0,3024000.0,1489911.0,1489911.0,864000.0,386354.0,386354.0,216000.0,117283.0,117283.0,0.48575730994152044,0.0,0.17985650969259181,0.1833511208576998,0.0,0.4926954365079365,0.4471689814814815,0.5429768518518518,"[0.7388318418650525, 0.7590648131662933, 0.7866600702073077]","[0.3178328834553287, 0.3466946938259605, 0.3518576478330875]","[0.5145789241622736, 0.5276803263938874, 0.57943927080989]","[0.8935249764300796, 0.9062145560695711, 0.9068808118604793]","[0.14396658012099492, 0.1460207657346825, 0.1581050856745477]","[0.5202148037777155, 0.5373619621850116, 0.595260152853669]","[0.7078599021625016, 0.7294683006379106, 0.7627158602453096]","[0.3594574216351459, 0.3930601742259949, 0.39757868056358286]","[0.47712937684794016, 0.4857762330354187, 0.4955084854734805]",0.0,0.0,0.0,2
longbench_v2,Long Structured Data Understanding,blasst_original_s50,3,0.0,0.0,0.0,"(0.0, 0.0)",138,3367,0.040986040986040986,0.0,,0,0,24353280.0,10786667.0,10786667.0,10786667.0,0.0,28129619.249824524,29982720.0,49814355.3020462,3165130914.3488464,28129619.249824524,29145174.0786438,1647637.0,1647637.0,0.44292460810207085,0.44292460810207085,0.9381943749541244,0.9381943749541244,0.1254531059949309,0.0,23182080.0,10556227.0,10556227.0,936960.0,189952.0,189952.0,234240.0,40488.0,40488.0,0.44292460810207085,0.0,0.03387133751771937,0.06765565049143278,0.0,0.45536151199547237,0.20273224043715846,0.1728483606557377,20644480.0,9905440.0,9905440.0,9905440.0,0.0,4529226.469783783,4997120.0,16769223.61856124,801615290.7055664,4529226.469783783,4593929.258441925,1257753.0,1257753.0,0.4798105837492637,0.4798105837492637,0.9063673615570135,0.9063673615570135,0.1446350272326701,0.0,20449280.0,9879569.0,9879569.0,156160.0,24877.0,24877.0,39040.0,994.0,994.0,0.4798105837492637,0.0,0.012948015788722723,0.06092442144340763,0.0,0.4831255183556585,0.1593045594262295,0.02546106557377049,3708800.0,881227.0,881227.0,881227.0,0.0,23600392.78004074,24985600.0,33045131.68348496,2363515623.64328,23600392.78004074,24551244.820201874,389884.0,389884.0,0.237604346419327,0.237604346419327,0.9445597776335466,0.9445597776335466,0.11824274537890522,0.0,2732800.0,676658.0,676658.0,780800.0,165075.0,165075.0,195200.0,39494.0,39494.0,0.237604346419327,0.0,0.0380560018635187,0.10512402933563417,0.0,0.24760611826697893,0.21141777663934427,0.20232581967213115,"[0.9376337244852401, 0.9378632191432795, 0.9412266114848511]","[0.11902981359084257, 0.12337169282952289, 0.13250513921185234]","[0.4310646276983405, 0.474677012934048, 0.5005052435107582]","[0.8989012374872608, 0.9069033583227013, 0.907760554882201]","[0.14292294957935134, 0.14986646091343783, 0.1519269130831104]","[0.46569368865891775, 0.5155773838251517, 0.5493666053604128]","[0.9436083584058479, 0.9440551913073951, 0.9496916862843691]","[0.10613788715997881, 0.11677761557512466, 0.12668455399176765]","[0.23103705307572728, 0.23400982678214524, 0.24813185257447418]",0.0,0.0,0.0,1
longbench_v2,Long Structured Data Understanding,dense,3,0.0,0.0,0.0,"(0.0, 0.0)",3039,3039,1.0,1.0,,0,0,21416960.0,0.0,0.0,0.0,0.0,26296320.0,26296320.0,0.0,2840807649.6898804,26296320.0,26296320.0,0.0,0.0,0.0,0.0,1.0,1.0,0.0,0.0,20389760.0,0.0,0.0,821760.0,0.0,0.0,205440.0,0.0,0.0,0.0,0.0,0.0,0.0,0.0,0.0,0.0,0.0,18164160.0,0.0,0.0,0.0,0.0,4382720.0,4382720.0,0.0,715972305.6914062,4382720.0,4382720.0,0.0,0.0,0.0,0.0,1.0,1.0,0.0,0.0,17992960.0,0.0,0.0,136960.0,0.0,0.0,34240.0,0.0,0.0,0.0,0.0,0.0,0.0,0.0,0.0,0.0,0.0,3252800.0,0.0,0.0,0.0,0.0,21913600.0,21913600.0,0.0,2124835343.9984741,21913600.0,21913600.0,0.0,0.0,0.0,0.0,1.0,1.0,0.0,0.0,2396800.0,0.0,0.0,684800.0,0.0,0.0,171200.0,0.0,0.0,0.0,0.0,0.0,0.0,0.0,0.0,0.0,0.0,"[1.0, 1.0, 1.0]","[0.0, 0.0, 0.0]","[0.0, 0.0, 0.0]","[1.0, 1.0, 1.0]","[0.0, 0.0, 0.0]","[0.0, 0.0, 0.0]","[1.0, 1.0, 1.0]","[0.0, 0.0, 0.0]","[0.0, 0.0, 0.0]",0.0,0.0,0.0,0
longbench_v2,Long Structured Data Understanding,full_centered_s50,3,0.0,0.0,0.0,"(0.0, 0.0)",68,3270,0.020795107033639144,0.0,,0,0,26502720.0,14364997.0,0.0,14364997.0,0.0,23756445.0004792,33054720.0,257810195.639975,3331296304.4680786,23756445.0004792,30255413.079853058,3467978.0,3467978.0,0.5420197247678729,0.5420197247678729,0.7187005365793205,0.7187005365793205,0.27819121590488455,0.0,25211520.0,13863494.0,13863494.0,1032960.0,385548.0,385548.0,258240.0,115955.0,115955.0,0.0,0.0,0.1966124075283003,0.1308536633221043,0.0,0.5498872737542203,0.3732458178438662,0.44902029120198267,22413920.0,12305483.0,0.0,12305483.0,0.0,4936988.987644196,5509120.0,10890016.178689614,867597365.3115234,4936988.987644196,5079905.213790894,2651447.0,2651447.0,0.5490107486776075,0.5490107486776075,0.896148384432395,0.896148384432395,0.11203536934677956,0.0,22198720.0,12282219.0,12282219.0,172160.0,23182.0,23182.0,43040.0,82.0,82.0,0.0,0.0,0.025941752248398654,0.11829465796255184,0.0,0.5532850092257572,0.13465381040892194,0.0019052044609665427,4088800.0,2059514.0,0.0,2059514.0,0.0,18819456.012835003,27545600.0,246920179.46128538,2463698939.156555,18819456.012835003,25175507.866062164,816531.0,816531.0,0.5036964390530229,0.5036964390530229,0.6832109670087056,0.6832109670087056,0.31658072819329897,0.0,3012800.0,1581275.0,1581275.0,860800.0,362366.0,362366.0,215200.0,115873.0,115873.0,0.0,0.0,0.23074653858428065,0.19969942281353942,0.0,0.5248522968667021,0.42096421933085504,0.5384433085501859,"[0.715114957818294, 0.720231028413556, 0.7322119790897403]","[0.2742683854495896, 0.27849428412250693, 0.2793453355256281]","[0.5275515783879776, 0.5655606719650592, 0.5782150982113337]","[0.8907392479374007, 0.8930326429031351, 0.9040299665532722]","[0.10698798244485867, 0.1112361146251128, 0.12631308515797154]","[0.5316894577258476, 0.5776192001440037, 0.5920274859214748]","[0.6794402336119657, 0.6829213746031059, 0.6994979801445544]","[0.30980056468742234, 0.3163523315715914, 0.3193417551682605]","[0.500541340625319, 0.5039299535603715, 0.5057223942208462]",0.0,0.0,0.0,1
longbench_v2,Long Structured Data Understanding,jl_gaussian_r32_s50,3,0.0,0.0,0.0,"(0.0, 0.0)",69,3064,0.02251958224543081,0.0,,0,0,18868800.0,9671130.0,0.0,9671130.0,0.0,16884497.1520555,23470080.0,182865200.33714423,2398423628.2943726,16884497.1520555,21459596.33701706,2446106.0,2446106.0,0.5125461078605953,0.5125461078605953,0.7194051810669371,0.7194051810669371,0.27612300179066723,0.0,17952000.0,9320272.0,9320272.0,733440.0,275836.0,275836.0,183360.0,75022.0,75022.0,0.0,0.0,0.19493325906692952,0.12963760281522937,0.0,0.5191773618538325,0.37608529668411866,0.40915139616055846,15965600.0,8172156.0,0.0,8172156.0,0.0,3523102.7610206604,3911680.0,6504402.547852069,612902653.8835449,3523102.7610206604,3626606.036582947,1877887.0,1877887.0,0.5118602495365034,0.5118602495365034,0.9006623141516331,0.9006623141516331,0.10301677613459098,0.0,15812800.0,8156076.0,8156076.0,122240.0,16011.0,16011.0,30560.0,69.0,69.0,0.0,0.0,0.02646005694798306,0.11762082226787593,0.0,0.5157894869978752,0.1309800392670157,0.002257853403141361,2903200.0,1498974.0,0.0,1498974.0,0.0,13361394.391034838,19558400.0,176360797.78929216,1785520974.4108276,13361394.391034838,17832990.300434113,568219.0,568219.0,0.5163178561587214,0.5163178561587214,0.6831537544499978,0.6831537544499978,0.3142813060599003,0.0,2139200.0,1164196.0,1164196.0,611200.0,259825.0,259825.0,152800.0,74953.0,74953.0,0.0,0.0,0.2286278994907188,0.1957216175254891,0.0,0.5442202692595363,0.4251063481675393,0.4905301047120419,"[0.7132617903251927, 0.7200729035860697, 0.728654997988274]","[0.2680959427448654, 0.26921099434906376, 0.29108531358344353]","[0.49775768236556484, 0.54698023924894, 0.5559014170220684]","[0.8983705834207664, 0.90182664707579, 0.9063069991067401]","[0.099788313426985, 0.10414020603790344, 0.1153441640641046]","[0.4940601013301756, 0.555072606669057, 0.5646359733096513]","[0.6748255517516343, 0.6845861708018814, 0.694193471353522]","[0.30354332075927865, 0.3062227746037354, 0.3325275487569438]","[0.5043334029518239, 0.5097274436090226, 0.5197505230467473]",0.0,0.0,0.0,1
longbench_v2,Long Structured Data Understanding,mass_s50,3,0.0,0.0,0.0,"(0.0, 0.0)",89,3104,0.028672680412371133,0.0,,0,0,26542400.0,14306679.0,14306679.0,14306679.0,0.0,24191813.213587523,33054720.0,418971655.26167476,3599474517.769745,24191813.213587523,30002797.86454773,2934730.0,2934730.0,0.5390122596298752,0.5390122596298752,0.7318716725958508,0.7318716725958508,0.3411715194025831,0.0,25251200.0,13673600.0,13673600.0,1032960.0,500115.0,500115.0,258240.0,132964.0,132964.0,0.5390122596298752,0.0,0.17579893736689364,0.11056762010971126,0.0,0.5415029780762894,0.48415717936802977,0.5148853779429987,22453600.0,12177853.0,12177853.0,12177853.0,0.0,4987809.163349152,5509120.0,10600120.456806976,917771110.5961914,4987809.163349152,5089737.232467651,2171511.0,2171511.0,0.5423563704706595,0.5423563704706595,0.905373120089806,0.905373120089806,0.10747023753542534,0.0,22238400.0,12131703.0,12131703.0,172160.0,45554.0,45554.0,43040.0,596.0,596.0,0.5423563704706595,0.0,0.018501697025749986,0.09671103965511098,0.0,0.545529489531621,0.26460269516728624,0.013847583643122677,4088800.0,2128826.0,2128826.0,2128826.0,0.0,19204004.05023837,27545600.0,408371534.80486774,2681703407.1735535,19204004.05023837,24913060.632080078,763219.0,763219.0,0.5206481119154764,0.5206481119154764,0.6971713830970598,0.6971713830970598,0.3902315323325253,0.0,3012800.0,1541897.0,1541897.0,860800.0,454561.0,454561.0,215200.0,132368.0,132368.0,0.5206481119154764,0.0,0.2072583854351224,0.18666087849735863,0.0,0.511782063197026,0.5280680762081784,0.6150929368029739,"[0.7238888398965116, 0.7487701952187557, 0.764758483210174]","[0.30702985936337873, 0.3115404437873744, 0.34692077135483645]","[0.5252718291276509, 0.5360778658236164, 0.5623052168172845]","[0.9029897712581156, 0.9099903179036284, 0.9151043967936527]","[0.10688221028632874, 0.10737038853379005, 0.10838233702246548]","[0.5296312068794367, 0.5367956987509026, 0.5720276371139766]","[0.6880686536241908, 0.716526170681781, 0.7346893004934784]","[0.3498720408842288, 0.35579315516743854, 0.39704732671003234]","[0.4958725079744817, 0.5036662679425837, 0.5264266820749872]",0.0,0.0,0.0,2
longbench_v2,Long-dialogue History Understanding,blasst_aggressive_s50,4,0.25,0.0,0.25,"(0.0, 0.75)",179,2287,0.07826847398338435,0.0,,0,0,20096640.0,10364573.0,10364573.0,10364573.0,0.0,19671558.322169304,26296320.0,332064252.23615223,2678174150.6690674,19671558.322169304,23747473.193740845,1731037.0,1731037.0,0.5157366106971115,0.5157366106971115,0.7480726703268482,0.7480726703268482,0.35212078021829524,0.0,19069440.0,9948626.0,9948626.0,821760.0,325822.0,325822.0,205440.0,90125.0,90125.0,0.5157366106971115,0.0,0.15499943990533813,0.08613564257507722,0.0,0.521705199523426,0.3964928933021807,0.43869256230529596,16843840.0,8732408.0,8732408.0,8732408.0,0.0,3921368.9332199097,4382720.0,15493097.158711193,679297203.0817871,3921368.9332199097,3984488.8604774475,1142662.0,1142662.0,0.5184333263673842,0.5184333263673842,0.8947340768335439,0.8947340768335439,0.15102164933685883,0.0,16672640.0,8713418.0,8713418.0,136960.0,18117.0,18117.0,34240.0,873.0,873.0,0.5184333263673842,0.0,0.014401998589354975,0.06783856887740562,0.0,0.5226177737898737,0.1322794976635514,0.025496495327102804,3252800.0,1632165.0,1632165.0,1632165.0,0.0,15750189.388949394,21913600.0,316571155.07744104,1998876947.5872803,15750189.388949394,19762984.333263397,588375.0,588375.0,0.5017723192326611,0.5017723192326611,0.718740389025509,0.718740389025509,0.39796294925021586,0.0,2396800.0,1235208.0,1235208.0,684800.0,307705.0,307705.0,171200.0,89252.0,89252.0,0.5017723192326611,0.0,0.18311892816853476,0.18088262420068862,0.0,0.5153571428571428,0.4493355724299065,0.5213317757009346,"[0.7408669677550218, 0.750730153753342, 0.7572080748546277]","[0.3367047777608722, 0.3559551677685099, 0.3656828619304561]","[0.5009448237288611, 0.5072208715067519, 0.5244733112377755]","[0.8865972179177442, 0.8952104331002348, 0.9024690363485847]","[0.14071739531632582, 0.15048575434638722, 0.161498963459825]","[0.500866039119026, 0.5084845950105317, 0.528584177330663]","[0.7114849185250082, 0.7220276138745549, 0.7282370689608323]","[0.3827936592633965, 0.40196367452906456, 0.41100368525696845]","[0.4973203947368421, 0.5022746101364522, 0.506222290752924]",0.25,0.0,1.0,1
longbench_v2,Long-dialogue History Understanding,blasst_original_s50,4,0.0,0.0,0.0,"(0.0, 0.0)",287,2136,0.1343632958801498,0.0,,0,0,9976960.0,4958205.0,4958205.0,4958205.0,0.0,11928660.43227005,12779520.0,25411989.063211977,1331425876.4627686,11928660.43227005,12409865.427642822,749963.0,749963.0,0.49696550853165694,0.49696550853165694,0.9334200683805065,0.9334200683805065,0.13815316323910923,0.0,9477760.0,4854401.0,4854401.0,399360.0,86959.0,86959.0,99840.0,16845.0,16845.0,0.49696550853165694,0.0,0.03765438728315087,0.07516949050612612,0.0,0.5121886395097576,0.2177458934294872,0.16871995192307693,8396160.0,4551355.0,4551355.0,4551355.0,0.0,1890594.9482192993,2129920.0,9144893.30335957,338263923.68896484,1890594.9482192993,1922930.297027588,572385.0,572385.0,0.5420757822623675,0.5420757822623675,0.8876366005386584,0.8876366005386584,0.1644225882359479,0.0,8312960.0,4539974.0,4539974.0,66560.0,10975.0,10975.0,16640.0,406.0,406.0,0.5420757822623675,0.0,0.015181485130093418,0.0681722358792591,0.0,0.5461320636692586,0.1648888221153846,0.02439903846153846,1580800.0,406850.0,406850.0,406850.0,0.0,10038065.48405075,10649600.0,16267095.759852406,993161952.7738037,10038065.48405075,10486935.130615234,177578.0,177578.0,0.2573696862348178,0.2573696862348178,0.9425767619488761,0.9425767619488761,0.12798084543116056,0.0,1164800.0,314427.0,314427.0,332800.0,75984.0,75984.0,83200.0,16439.0,16439.0,0.2573696862348178,0.0,0.042148967713762364,0.11233426113360324,0.0,0.26994076236263737,0.22831730769230768,0.19758413461538463,"[0.9289427293080493, 0.9332300462831336, 0.9359364097748811]","[0.13328145890315765, 0.13916236390624315, 0.14483170455380212]","[0.4823081014413937, 0.501759671333549, 0.5051831640435599]","[0.8830265338299795, 0.8876783826473085, 0.8931417128011699]","[0.16130923807691702, 0.16179857979588053, 0.1706995834768063]","[0.5257557638459065, 0.5497844344654201, 0.5538561486967601]","[0.9365168046335542, 0.9430301657171803, 0.9455526835742268]","[0.12206547293685079, 0.12889481145064496, 0.13628784472551353]","[0.2434166282894737, 0.258481163434903, 0.26251645523797534]",0.0,0.0,0.0,1
longbench_v2,Long-dialogue History Understanding,dense,4,0.0,0.0,0.0,"(0.0, 0.0)",2136,2136,1.0,1.0,,0,0,10947840.0,0.0,0.0,0.0,0.0,14008320.0,14008320.0,0.0,1483066030.8551025,14008320.0,14008320.0,0.0,0.0,0.0,0.0,1.0,1.0,0.0,0.0,10400640.0,0.0,0.0,437760.0,0.0,0.0,109440.0,0.0,0.0,0.0,0.0,0.0,0.0,0.0,0.0,0.0,0.0,9215040.0,0.0,0.0,0.0,0.0,2334720.0,2334720.0,0.0,384273823.7717285,2334720.0,2334720.0,0.0,0.0,0.0,0.0,1.0,1.0,0.0,0.0,9123840.0,0.0,0.0,72960.0,0.0,0.0,18240.0,0.0,0.0,0.0,0.0,0.0,0.0,0.0,0.0,0.0,0.0,1732800.0,0.0,0.0,0.0,0.0,11673600.0,11673600.0,0.0,1098792207.083374,11673600.0,11673600.0,0.0,0.0,0.0,0.0,1.0,1.0,0.0,0.0,1276800.0,0.0,0.0,364800.0,0.0,0.0,91200.0,0.0,0.0,0.0,0.0,0.0,0.0,0.0,0.0,0.0,0.0,"[1.0, 1.0, 1.0]","[0.0, 0.0, 0.0]","[0.0, 0.0, 0.0]","[1.0, 1.0, 1.0]","[0.0, 0.0, 0.0]","[0.0, 0.0, 0.0]","[1.0, 1.0, 1.0]","[0.0, 0.0, 0.0]","[0.0, 0.0, 0.0]",0.0,0.0,0.0,1
longbench_v2,Long-dialogue History Understanding,full_centered_s50,4,0.25,0.0,0.25,"(0.0, 0.75)",282,2163,0.130374479889043,0.0,,0,0,20959040.0,11403299.0,0.0,11403299.0,0.0,19439045.91859802,26910720.0,231721535.57098335,2729129510.076935,19439045.91859802,24695489.28268814,2665187.0,2665187.0,0.5440754442951585,0.5440754442951585,0.7223532450487397,0.7223532450487397,0.29138764008419454,0.0,19907840.0,11013135.0,11013135.0,840960.0,301062.0,301062.0,210240.0,89102.0,89102.0,0.0,0.0,0.19532897537078614,0.1271616925202681,0.0,0.5532059228926895,0.357998002283105,0.4238108828006088,17630240.0,9690104.0,0.0,9690104.0,0.0,3981598.979068756,4485120.0,9865819.422426164,707204131.0935059,3981598.979068756,4102816.4472084045,2024804.0,2024804.0,0.5496297271052465,0.5496297271052465,0.8877352175791854,0.8877352175791854,0.11811204435759437,0.0,17455040.0,9675073.0,9675073.0,140160.0,14943.0,14943.0,35040.0,88.0,88.0,0.0,0.0,0.02702658304340763,0.1148483514688399,0.0,0.5542853525400113,0.1066138698630137,0.002511415525114155,3328800.0,1713195.0,0.0,1713195.0,0.0,15457446.939529262,22425600.0,221855716.1485572,2021925378.983429,15457446.939529262,20592672.835479736,640383.0,640383.0,0.5146584354722422,0.5146584354722422,0.6892768505426504,0.6892768505426504,0.33124760711518414,0.0,2452800.0,1338062.0,1338062.0,700800.0,286119.0,286119.0,175200.0,89014.0,89014.0,0.0,0.0,0.22898945383626185,0.19237653208363376,0.0,0.5455242987606002,0.4082748287671233,0.5080707762557077,"[0.7199465402372079, 0.7221754615440281, 0.7246851757845802]","[0.28662756041585624, 0.2900994261053924, 0.2949620682468656]","[0.5274802580258018, 0.5312565169129984, 0.5770283375283132]","[0.8810743259915285, 0.8839470809449089, 0.8981328688308066]","[0.10828617713343774, 0.11842879947990705, 0.12886876685828044]","[0.5298493346226038, 0.5349609930803119, 0.5883633733420415]","[0.6876042403233347, 0.6898971699539984, 0.690051554106227]","[0.32394320259507, 0.32903724497759246, 0.33790839336513534]","[0.5118375469924812, 0.5151514299768112, 0.517049034677816]",0.25,0.0,1.0,1
longbench_v2,Long-dialogue History Understanding,jl_gaussian_r32_s50,4,0.25,0.0,0.25,"(0.0, 0.75)",327,2173,0.150483202945237,0.0,,0,0,19000640.0,9868330.0,0.0,9868330.0,0.0,17375316.65972362,24330240.0,222201526.2396679,2470115743.5315857,17375316.65972362,22266555.450380325,2408741.0,2408741.0,0.519368294962696,0.519368294962696,0.7141448937504776,0.7141448937504776,0.299926518952427,0.0,18050240.0,9510893.0,9510893.0,760320.0,275856.0,275856.0,190080.0,81581.0,81581.0,0.0,0.0,0.20103536959177978,0.12677157190494637,0.0,0.5269122737426206,0.36281565656565656,0.42919297138047136,15991040.0,8309749.0,0.0,8309749.0,0.0,3645172.691368103,4055040.0,7140095.698583573,638138496.1560059,3645172.691368103,3747206.4288902283,1819803.0,1819803.0,0.5196503166773393,0.5196503166773393,0.8989239788924654,0.8989239788924654,0.1057778033801048,0.0,15832640.0,8296919.0,8296919.0,126720.0,12734.0,12734.0,31680.0,96.0,96.0,0.0,0.0,0.025162202474482434,0.11380141629312415,0.0,0.5240388842290357,0.10048926767676768,0.0030303030303030303,3009600.0,1558581.0,0.0,1558581.0,0.0,13730143.968355518,20275200.0,215061430.54108432,1831977247.3755798,13730143.968355518,18519349.021490097,588938.0,588938.0,0.5178698165869219,0.5178698165869219,0.6771890767220801,0.6771890767220801,0.3426267189333165,0.0,2217600.0,1213974.0,1213974.0,633600.0,263122.0,263122.0,158400.0,81485.0,81485.0,0.0,0.0,0.23621000301523926,0.19568646996278574,0.0,0.547426948051948,0.4152809343434343,0.5144255050505051,"[0.7069372348535485, 0.7142137664477628, 0.7346790770438425]","[0.29225869779848185, 0.29909780534884983, 0.30362515253671485]","[0.49359234811419544, 0.5073005481702899, 0.5590515227067767]","[0.8901333088127422, 0.8990471863728521, 0.9096544343949592]","[0.0956437166298612, 0.10164076987000353, 0.11841804832781846]","[0.48895061660785005, 0.5056507301160005, 0.5661762007282414]","[0.6693977182299771, 0.6770051723967453, 0.7007778354581516]","[0.3333223363560366, 0.3405568801375273, 0.34925098166384205]","[0.5145336880744504, 0.5187907793000542, 0.5210663377192982]",0.25,0.0,1.0,1
longbench_v2,Long-dialogue History Understanding,mass_s50,4,0.25,0.0,0.25,"(0.0, 0.75)",260,2534,0.1026045777426993,0.0,,0,0,23380160.0,12242224.0,12242224.0,12242224.0,0.0,22389171.16155052,29614080.0,274966510.80822706,3118580649.743561,22389171.16155052,27004160.208377838,2467657.0,2467657.0,0.5236159205069597,0.5236159205069597,0.756031291924332,0.756031291924332,0.2969350137675197,0.0,22223360.0,11723024.0,11723024.0,925440.0,405164.0,405164.0,231360.0,114036.0,114036.0,0.5236159205069597,0.0,0.1558376639364558,0.10554491500485882,0.0,0.5275090715355374,0.43780688105117566,0.4928941908713693,19716960.0,10374204.0,10374204.0,10374204.0,0.0,4484101.646312714,4935680.0,8207429.182607889,801188302.875,4484101.646312714,4565955.262905121,1793530.0,1793530.0,0.5261563648757213,0.5261563648757213,0.9085073680450746,0.9085073680450746,0.10121299400639058,0.0,19524160.0,10338595.0,10338595.0,154240.0,35288.0,35288.0,38560.0,321.0,321.0,0.5261563648757213,0.0,0.016584060675004706,0.09096381998036208,0.0,0.5295282870044089,0.2287863070539419,0.008324688796680498,3663200.0,1868020.0,1868020.0,1868020.0,0.0,17905069.51523781,24678400.0,266759081.6256192,2317392346.868561,17905069.51523781,22438204.945472717,674127.0,674127.0,0.5099421271019874,0.5099421271019874,0.7255360767001835,0.7255360767001835,0.33928122117234205,0.0,2699200.0,1384429.0,1384429.0,771200.0,369876.0,369876.0,192800.0,113715.0,113715.0,0.5099421271019874,0.0,0.18368838458874598,0.18402680716313605,0.0,0.5129034528749259,0.4796109958506224,0.5898080912863071,"[0.7524255187579454, 0.7643860428862232, 0.7687694571191903]","[0.27744190527492935, 0.2905699896092391, 0.30355628600143736]","[0.5014909637101119, 0.5169007854000698, 0.5276051798489353]","[0.8900441773548672, 0.9108747962555175, 0.9173073105423392]","[0.09719629392556248, 0.09987241444316658, 0.11511875636907895]","[0.5015826199128119, 0.5206849160454479, 0.5300929402132387]","[0.7206387523839454, 0.7362975657032216, 0.7423575022964903]","[0.31623281345931803, 0.3293271596428423, 0.34699018782004604]","[0.491830516194332, 0.5038912342851055, 0.5161476640930434]",0.25,0.0,1.0,0
longbench_v2,Multi-Document QA,blasst_aggressive_s50,12,0.4166666666666667,0.4166666666666667,0.0,"(0.0, 0.0)",314,6695,0.04690067214339059,0.0,1.0,0,0,63536960.0,28424175.0,28424175.0,28424175.0,0.0,63292170.99036622,83066880.0,908122730.493,8336722493.305908,63292170.99036622,75131397.88407326,5143584.0,5143584.0,0.44736441592421167,0.44736441592421167,0.7619423167255857,0.7619423167255857,0.3300460963903578,0.0,60292160.0,27122005.0,27122005.0,2595840.0,1001424.0,1001424.0,648960.0,300746.0,300746.0,0.44736441592421167,0.0,0.14252644247270438,0.08095420366350546,0.0,0.44984298124333244,0.385780325443787,0.46342763806706117,53261760.0,23504661.0,23504661.0,23504661.0,0.0,12615235.390281677,13844480.0,39521041.18635097,2174692455.1914062,12615235.390281677,12785905.784385681,3274002.0,3274002.0,0.4413046245561544,0.4413046245561544,0.9112104889661206,0.9112104889661206,0.1348078756326682,0.0,52720960.0,23437628.0,23437628.0,432640.0,64648.0,64648.0,108160.0,2385.0,2385.0,0.4413046245561544,0.0,0.012327685409925394,0.06147003028063661,0.0,0.4445599624893022,0.149426775147929,0.022050665680473373,10275200.0,4919514.0,4919514.0,4919514.0,0.0,50676935.60008454,69222400.0,868601689.3066491,6162030038.114502,50676935.60008454,62345492.09968758,1869582.0,1869582.0,0.47877549828713795,0.47877549828713795,0.7320886822774787,0.7320886822774787,0.37544681919233464,0.0,7571200.0,3684377.0,3684377.0,2163200.0,936776.0,936776.0,540800.0,298361.0,298361.0,0.47877549828713795,0.0,0.16856619388526017,0.18195091093117408,0.0,0.4866305209213863,0.4330510355029586,0.5517030325443787,"[0.7494725052586391, 0.7614765935283359, 0.788991280989925]","[0.30921790055145254, 0.323779019834003, 0.34369154551027337]","[0.4259352738612494, 0.4525099192592213, 0.5175908225458313]","[0.8937699202154461, 0.9089501451454527, 0.9195907439304781]","[0.1250482400585938, 0.13643430409215898, 0.1543536040063639]","[0.4166811058267339, 0.44868346506731877, 0.5245737290741705]","[0.7163871782819949, 0.7318953851293777, 0.7650028015847048]","[0.35007319448171215, 0.3688402220405257, 0.3918436530530722]","[0.4592486854565391, 0.47667968412410333, 0.48733634085213035]",0.4166666666666667,0.4166666666666667,5.0,0
longbench_v2,Multi-Document QA,blasst_original_s50,12,0.4166666666666667,0.4166666666666667,0.0,"(0.0, 0.0)",423,6112,0.06920811518324607,0.0,1.0,0,0,46501120.0,18306883.0,18306883.0,18306883.0,0.0,56814584.64051819,60334080.0,92833731.25195548,6243471221.256317,56814584.64051819,58730216.92201042,3141889.0,3141889.0,0.3936869262503785,0.3936869262503785,0.9416665446878147,0.9416665446878147,0.12193821858665639,0.0,44144320.0,17839249.0,17839249.0,1885440.0,394342.0,394342.0,471360.0,73292.0,73292.0,0.3936869262503785,0.0,0.03175041836209706,0.06756587798315396,0.0,0.40411198994570535,0.20915117956551255,0.15549049558723693,39037920.0,16632697.0,16632697.0,16632697.0,0.0,9175373.453390121,10055680.0,30723890.629462745,1639005431.369629,9175373.453390121,9299777.427129745,2383823.0,2383823.0,0.4260651438396308,0.4260651438396308,0.9124567859548157,0.9124567859548157,0.136914015797456,0.0,38645120.0,16579146.0,16579146.0,314240.0,51528.0,51528.0,78560.0,2023.0,2023.0,0.4260651438396308,0.0,0.012371512790743543,0.061064293384483596,0.0,0.42901007940976765,0.16397657841140528,0.0257510183299389,7463200.0,1674186.0,1674186.0,1674186.0,0.0,47639211.18712807,50278400.0,62109840.62249274,4604465789.886688,47639211.18712807,49430439.494880676,758066.0,758066.0,0.22432549040626004,0.22432549040626004,0.9475084964344145,0.9475084964344145,0.11614234275158229,0.0,5499200.0,1260103.0,1260103.0,1571200.0,342814.0,342814.0,392800.0,71269.0,71269.0,0.22432549040626004,0.0,0.03562619947636777,0.10157385571872656,0.0,0.22914296624963632,0.21818609979633402,0.18143839103869655,"[0.9377638712181977, 0.9429191588599928, 0.9457195990052196]","[0.11388502060740566, 0.11953920952278685, 0.12836962778999134]","[0.3761119812041703, 0.4230877636731286, 0.4766595361630706]","[0.8871609305858935, 0.9107842086731763, 0.9210665448153927]","[0.12674048591519055, 0.1374169823036242, 0.16410381271178395]","[0.40644890377104986, 0.45899882142510323, 0.5496262747199677]","[0.9430119071341553, 0.9492221589696312, 0.9525483232886015]","[0.10511483698966408, 0.11084227762621257, 0.12841980898918215]","[0.2038565961472308, 0.22060426267281108, 0.24115055353901996]",0.4166666666666667,0.4166666666666667,5.0,0
longbench_v2,Multi-Document QA,dense,12,0.4166666666666667,0.4166666666666667,0.0,"(0.0, 0.0)",5683,5683,1.0,1.0,1.0,0,0,44528960.0,0.0,0.0,0.0,0.0,57753600.0,57753600.0,0.0,6023134104.608856,57753600.0,57753600.0,0.0,0.0,0.0,0.0,1.0,1.0,0.0,0.0,42272960.0,0.0,0.0,1804800.0,0.0,0.0,451200.0,0.0,0.0,0.0,0.0,0.0,0.0,0.0,0.0,0.0,0.0,37384960.0,0.0,0.0,0.0,0.0,9625600.0,9625600.0,0.0,1613585039.8120117,9625600.0,9625600.0,0.0,0.0,0.0,0.0,1.0,1.0,0.0,0.0,37008960.0,0.0,0.0,300800.0,0.0,0.0,75200.0,0.0,0.0,0.0,0.0,0.0,0.0,0.0,0.0,0.0,0.0,7144000.0,0.0,0.0,0.0,0.0,48128000.0,48128000.0,0.0,4409549064.7968445,48128000.0,48128000.0,0.0,0.0,0.0,0.0,1.0,1.0,0.0,0.0,5264000.0,0.0,0.0,1504000.0,0.0,0.0,376000.0,0.0,0.0,0.0,0.0,0.0,0.0,0.0,0.0,0.0,0.0,"[1.0, 1.0, 1.0]","[0.0, 0.0, 0.0]","[0.0, 0.0, 0.0]","[1.0, 1.0, 1.0]","[0.0, 0.0, 0.0]","[0.0, 0.0, 0.0]","[1.0, 1.0, 1.0]","[0.0, 0.0, 0.0]","[0.0, 0.0, 0.0]",0.4166666666666667,0.4166666666666667,5.0,0
longbench_v2,Multi-Document QA,full_centered_s50,12,0.5833333333333334,0.4166666666666667,0.16666666666666666,"(0.0, 0.4166666666666667)",364,6709,0.054255477716500224,0.0,1.4000000000000001,0,0,86683840.0,41231612.0,0.0,41231612.0,0.0,82591238.80803552,113909760.0,872423922.4844835,11324242992.724213,82591238.80803552,103777639.16773415,11413476.0,11413476.0,0.4756551163400237,0.4756551163400237,0.7250584919855465,0.7250584919855465,0.2775614789974938,0.0,82234240.0,39556301.0,39556301.0,3559680.0,1268672.0,1268672.0,889920.0,406639.0,406639.0,0.0,0.0,0.18599284521096895,0.13166786335261565,0.0,0.48101984039738194,0.35640057533261416,0.45693882596188423,72593440.0,34239670.0,0.0,34239670.0,0.0,17182705.79637146,18984960.0,27038720.371207282,3028748693.982422,17182705.79637146,17677438.858139038,8573936.0,8573936.0,0.471663417520922,0.471663417520922,0.9050693705107338,0.9050693705107338,0.09448469103745415,0.0,71851840.0,34173500.0,34173500.0,593280.0,65949.0,65949.0,148320.0,221.0,221.0,0.0,0.0,0.026059210120409952,0.11810896411576584,0.0,0.47561064546154974,0.11115999190938511,0.0014900215749730312,14090400.0,6991942.0,0.0,6991942.0,0.0,65408533.01166407,94924800.0,845385202.1132761,8295494298.741791,65408533.01166407,86100200.30959511,2839540.0,2839540.0,0.49622026344177594,0.49622026344177594,0.6890563162805091,0.6890563162805091,0.3192318290147265,0.0,10382400.0,5382801.0,5382801.0,2966400.0,1202723.0,1202723.0,741600.0,406418.0,406418.0,0.0,0.0,0.21797957222908068,0.20152302276727418,0.0,0.5184544036061026,0.40544869201725997,0.5480285868392665,"[0.713486079623076, 0.727085195630218, 0.7410957881204842]","[0.2610264755842539, 0.2777958788170526, 0.29634835622675576]","[0.4158052505749184, 0.48554797198091926, 0.5665834949266918]","[0.8859743614260888, 0.8997963023572056, 0.9141288586344918]","[0.08846432684055455, 0.09761001561053892, 0.11563376437229646]","[0.3891010120855438, 0.4862171916267808, 0.5804875251331417]","[0.6746072204886759, 0.6892150700511587, 0.7076483989407563]","[0.2987387596636855, 0.3196841349027152, 0.33808961928834186]","[0.483930714504284, 0.4909987688519544, 0.5050301670967559]",0.5833333333333334,0.4166666666666667,7.0,0
longbench_v2,Multi-Document QA,jl_gaussian_r32_s50,12,0.4166666666666667,0.4166666666666667,0.0,"(-0.25, 0.25)",354,6498,0.05447830101569714,0.0,1.0,0,0,86887840.0,39253399.0,0.0,39253399.0,0.0,81731771.23686923,113049600.0,888342410.9486398,11247451198.56195,81731771.23686923,103073713.27718735,11110592.0,11110592.0,0.4517709152396929,0.4517709152396929,0.7229726707292129,0.7229726707292129,0.281036766203256,0.0,82471840.0,37587305.0,37587305.0,3532800.0,1283695.0,1283695.0,883200.0,382399.0,382399.0,0.0,0.0,0.1887838792911971,0.12787280705792664,0.0,0.4557592627980654,0.3633647531702899,0.43296988224637684,72903840.0,32321080.0,0.0,32321080.0,0.0,17271829.951156616,18841600.0,21783869.847905144,3026597191.713867,17271829.951156616,17709845.622673035,8262832.0,8262832.0,0.4433385127587244,0.4433385127587244,0.9166859476454556,0.9166859476454556,0.08483795753874777,0.0,72167840.0,32257697.0,32257697.0,588800.0,63231.0,63231.0,147200.0,152.0,152.0,0.0,0.0,0.023247265174741977,0.11333877611933747,0.0,0.44698160565703504,0.10738960597826087,0.0010326086956521738,13984000.0,6932319.0,0.0,6932319.0,0.0,64459941.285712615,94208000.0,866558541.1007346,8220854006.8480835,64459941.285712615,85363867.65451431,2847760.0,2847760.0,0.49573219393592677,0.49573219393592677,0.6842300153459644,0.6842300153459644,0.32466874760396497,0.0,10304000.0,5329608.0,5329608.0,2944000.0,1220464.0,1220464.0,736000.0,382247.0,382247.0,0.0,0.0,0.22189120211448812,0.2036441647597254,0.0,0.517236801242236,0.41455978260869564,0.5193573369565218,"[0.7116044345057876, 0.723050121752566, 0.7378856305145859]","[0.25834589219749354, 0.2810239608289284, 0.30343422233320627]","[0.3834321578009893, 0.455387697936107, 0.5396099936441165]","[0.8985158661141325, 0.9150117498688859, 0.9294298715661659]","[0.07611197240618386, 0.08477306529056325, 0.10321125847602529]","[0.35901935376670474, 0.4477986932832576, 0.5484355575236027]","[0.6710080822062211, 0.6845239808386275, 0.7057501061861909]","[0.29450081812797624, 0.3276103625341922, 0.35061943311832544]","[0.48146692803632674, 0.49065181330191154, 0.5031831554121152]",0.4166666666666667,0.4166666666666667,5.0,0
longbench_v2,Multi-Document QA,mass_s50,12,0.3333333333333333,0.4166666666666667,-0.08333333333333333,"(-0.25, 0.0)",322,6873,0.04684999272515641,0.0,0.7999999999999999,0,0,74091680.0,34101036.0,34101036.0,34101036.0,0.0,72261646.7581954,95354880.0,835803609.9815602,9859437996.459106,72261646.7581954,86823604.96609497,8371375.0,8371375.0,0.4602545926884098,0.4602545926884098,0.7578180241870726,0.7578180241870726,0.29115619907953216,0.0,70366880.0,32407256.0,32407256.0,2979840.0,1326471.0,1326471.0,744960.0,367309.0,367309.0,0.4602545926884098,0.0,0.1527132980283712,0.1129867078192855,0.0,0.4605470073420905,0.44514839722938143,0.4930586877147766,62296480.0,28269219.0,28269219.0,28269219.0,0.0,14504068.435256958,15892480.0,21049587.797872484,2539352694.8779297,14504068.435256958,14810696.974910736,6122580.0,6122580.0,0.4537851737369431,0.4537851737369431,0.9126371991820633,0.9126371991820633,0.09104587737241489,0.0,61675680.0,28150810.0,28150810.0,496640.0,117119.0,117119.0,124160.0,1290.0,1290.0,0.4537851737369431,0.0,0.019293938998430585,0.09828131541300568,0.0,0.45643290840084777,0.2358227287371134,0.010389819587628865,11795200.0,5831817.0,5831817.0,5831817.0,0.0,57757578.32293844,79462400.0,814754022.1836878,7320085301.581177,57757578.32293844,72012907.99118423,2248795.0,2248795.0,0.4944229008410201,0.4944229008410201,0.7268541891880744,0.7268541891880744,0.333622387196099,0.0,8691200.0,4256446.0,4256446.0,2483200.0,1209352.0,1209352.0,620800.0,366019.0,366019.0,0.4944229008410201,0.0,0.1793971698343593,0.19065340138361367,0.0,0.4897420379234168,0.48701353092783506,0.5895924613402062,"[0.7479534572843742, 0.7620049281100623, 0.7722266158106331]","[0.27329806802124135, 0.280694221353753, 0.3022365980062815]","[0.4092339552423289, 0.47222404756285347, 0.5246161332897259]","[0.900306665015867, 0.9094887990183197, 0.9182569010237784]","[0.08171708877713639, 0.09550308633632859, 0.10102714084413546]","[0.38937512606551405, 0.47015544558522787, 0.5322176946840842]","[0.7171484956615266, 0.7325081539284108, 0.7407518763680875]","[0.3105735360854209, 0.3209527735910815, 0.3432285897521327]","[0.4795155473869161, 0.4844969202377528, 0.5021342614601019]",0.3333333333333333,0.4166666666666667,4.0,1
longbench_v2,Single-Document QA,blasst_aggressive_s50,18,0.3888888888888889,0.2777777777777778,0.1111111111111111,"(-0.1111111111111111, 0.3333333333333333)",442,10973,0.04028068896382029,0.0,1.4,0,0,112047040.0,47844405.0,47844405.0,47844405.0,0.0,112061613.6010369,148070400.0,1709154783.5173454,14675360398.15393,112061613.6010369,133622236.56587982,9043352.0,9043352.0,0.4270028463045521,0.4270028463045521,0.7568130673047206,0.7568130673047206,0.3412685833736025,0.0,106263040.0,45524764.0,45524764.0,4627200.0,1809826.0,1809826.0,1156800.0,509815.0,509815.0,0.4270028463045521,0.0,0.14561062146683548,0.08071031595301402,0.0,0.42841578784119105,0.39112767980636237,0.44071144536652834,93731040.0,39021586.0,39021586.0,39021586.0,0.0,22350161.06878662,24678400.0,78621070.40398182,3696514232.882324,22350161.06878662,22666824.531520844,5689145.0,5689145.0,0.416314446100246,0.416314446100246,0.9056568119807856,0.9056568119807856,0.1458388680434956,0.0,92767040.0,38896058.0,38896058.0,771200.0,120875.0,120875.0,192800.0,4653.0,4653.0,0.416314446100246,0.0,0.012831604266655148,0.06069648859118602,0.0,0.4192874753791864,0.156736255186722,0.024133817427385892,18316000.0,8822819.0,8822819.0,8822819.0,0.0,89711452.53225029,123392000.0,1630533713.1133637,10978846165.271606,89711452.53225029,110955412.03435898,3354207.0,3354207.0,0.4817000982747325,0.4817000982747325,0.7270443183695077,0.7270443183695077,0.38537766539852253,0.0,13496000.0,6628706.0,6628706.0,3856000.0,1688951.0,1688951.0,964000.0,505162.0,505162.0,0.4817000982747325,0.0,0.17216642490687153,0.18312988643808692,0.0,0.49116078838174276,0.43800596473029046,0.5240269709543568,"[0.7373005340197657, 0.7611778384063005, 0.7826458177629939]","[0.3073021404084437, 0.33717227242204784, 0.36109711918822873]","[0.3600262013197055, 0.4586565460446078, 0.5207231438120618]","[0.8821388275449543, 0.9023435918776826, 0.9203722575388548]","[0.13514687974746267, 0.1435717859838967, 0.1602938903074667]","[0.33539770225764864, 0.4548570660981609, 0.5354876051030444]","[0.7026200063901957, 0.7323903062574455, 0.7584768349885808]","[0.3465622423820565, 0.37809066052939067, 0.4088516901096552]","[0.4556592228641101, 0.4796904912521689, 0.4966581296123216]",0.3888888888888889,0.2777777777777778,7.0,0
longbench_v2,Single-Document QA,blasst_original_s50,18,0.3888888888888889,0.2777777777777778,0.1111111111111111,"(0.0, 0.2777777777777778)",843,10405,0.0810187409899087,0.0,1.4,0,0,81021760.0,32414852.0,32414852.0,32414852.0,0.0,98893051.53178883,105431040.0,197226370.1626011,10942590801.792053,98893051.53178883,102424172.39331436,5511280.0,5511280.0,0.4000758808497865,0.4000758808497865,0.9379880112326391,0.9379880112326391,0.1342525091716211,0.0,76903360.0,31578616.0,31578616.0,3294720.0,711853.0,711853.0,823680.0,124383.0,124383.0,0.4000758808497865,0.0,0.03349223209337151,0.06802222020356014,0.0,0.4106272599792779,0.21605872426184927,0.15100888694638695,67980160.0,29371781.0,29371781.0,29371781.0,0.0,15901845.937997818,17571840.0,60086019.56890649,2778572742.7768555,15901845.937997818,16125049.752239227,4141897.0,4141897.0,0.43206401691317,0.43206401691317,0.9049619128103726,0.9049619128103726,0.1470536579134794,0.0,67293760.0,29277785.0,29277785.0,549120.0,89829.0,89829.0,137280.0,4167.0,4167.0,0.43206401691317,0.0,0.012702358673958407,0.06092802664777488,0.0,0.4350742921780563,0.16358719405594405,0.030354020979020978,13041600.0,3043071.0,3043071.0,3043071.0,0.0,82991205.59379101,87859200.0,137140350.59369463,8164018059.015198,82991205.59379101,86299122.64107513,1369383.0,1369383.0,0.23333571034228928,0.23333571034228928,0.9445932309170925,0.9445932309170925,0.12960765391528584,0.0,9609600.0,2300831.0,2300831.0,2745600.0,622024.0,622024.0,686400.0,120216.0,120216.0,0.23333571034228928,0.0,0.037650206777254135,0.10500115016562385,0.0,0.23943046536796536,0.2265530303030303,0.17513986013986013,"[0.9341390489063297, 0.9415353516110048, 0.9454517301465519]","[0.11510439246128042, 0.1221719748425091, 0.13869143565300399]","[0.33936705915581866, 0.41676032987026684, 0.4944995861364713]","[0.8829987351284844, 0.9005113192243316, 0.9158752644194548]","[0.13561600476563676, 0.14684820150457434, 0.16058955076029333]","[0.35971100307402293, 0.4536394924143098, 0.5528590216877283]","[0.9430715556836426, 0.9500731940829109, 0.9533888344447262]","[0.10174772671352045, 0.1109743594843064, 0.12994805540926344]","[0.20819131461316126, 0.2232173473779861, 0.24021092787524367]",0.3888888888888889,0.2777777777777778,7.0,1
longbench_v2,Single-Document QA,dense,18,0.2777777777777778,0.2777777777777778,0.0,"(0.0, 0.0)",9957,9957,1.0,1.0,1.0,0,0,91424960.0,0.0,0.0,0.0,0.0,119193600.0,119193600.0,0.0,12986245474.485199,119193600.0,119193600.0,0.0,0.0,0.0,0.0,1.0,1.0,0.0,0.0,86768960.0,0.0,0.0,3724800.0,0.0,0.0,931200.0,0.0,0.0,0.0,0.0,0.0,0.0,0.0,0.0,0.0,0.0,76680960.0,0.0,0.0,0.0,0.0,19865600.0,19865600.0,0.0,3335748849.9433594,19865600.0,19865600.0,0.0,0.0,0.0,0.0,1.0,1.0,0.0,0.0,75904960.0,0.0,0.0,620800.0,0.0,0.0,155200.0,0.0,0.0,0.0,0.0,0.0,0.0,0.0,0.0,0.0,0.0,14744000.0,0.0,0.0,0.0,0.0,99328000.0,99328000.0,0.0,9650496624.54184,99328000.0,99328000.0,0.0,0.0,0.0,0.0,1.0,1.0,0.0,0.0,10864000.0,0.0,0.0,3104000.0,0.0,0.0,776000.0,0.0,0.0,0.0,0.0,0.0,0.0,0.0,0.0,0.0,0.0,"[1.0, 1.0, 1.0]","[0.0, 0.0, 0.0]","[0.0, 0.0, 0.0]","[1.0, 1.0, 1.0]","[0.0, 0.0, 0.0]","[0.0, 0.0, 0.0]","[1.0, 1.0, 1.0]","[0.0, 0.0, 0.0]","[0.0, 0.0, 0.0]",0.2777777777777778,0.2777777777777778,5.0,1
longbench_v2,Single-Document QA,full_centered_s50,18,0.3888888888888889,0.2777777777777778,0.1111111111111111,"(-0.1111111111111111, 0.3333333333333333)",700,11597,0.060360438044321806,0.0,1.4,0,0,162609600.0,77434615.0,0.0,77434615.0,0.0,154175538.44264805,213565440.0,1636766623.093394,21402328983.012024,154175538.44264805,194159477.2441826,22157942.0,22157942.0,0.476199529425077,0.476199529425077,0.7219123957633222,0.7219123957633222,0.27654312262461034,0.0,154267200.0,74246371.0,74246371.0,6673920.0,2483040.0,2483040.0,1668480.0,705204.0,705204.0,0.0,0.0,0.18722101666606045,0.1362646608810304,0.0,0.4812842328116411,0.3720512082853855,0.42266254315304946,136192000.0,64117144.0,0.0,64117144.0,0.0,31738448.689128876,35594240.0,58740648.789535895,5550440105.135254,31738448.689128876,32822558.99389267,16918703.0,16918703.0,0.4707849506578947,0.4707849506578947,0.8916737283652882,0.8916737283652882,0.10287400772224133,0.0,134801600.0,63976457.0,63976457.0,1112320.0,140221.0,140221.0,278080.0,466.0,466.0,0.0,0.0,0.030457464599996906,0.12422684886043234,0.0,0.4745971635351509,0.12606174482163407,0.001675776754890679,26417600.0,13317471.0,0.0,13317471.0,0.0,122437089.75351919,177971200.0,1578025974.3038583,15851888877.87677,122437089.75351919,161336918.25028992,5239239.0,5239239.0,0.5041135833686633,0.5041135833686633,0.6879601292429292,0.6879601292429292,0.31551249581896873,0.0,19465600.0,10269914.0,10269914.0,5561600.0,2342819.0,2342819.0,1390400.0,704738.0,704738.0,0.0,0.0,0.21857372707927308,0.19832380685603537,0.0,0.5275929845470985,0.4212491009781358,0.5068598964326813,"[0.704057156907229, 0.7243607208983205, 0.7438746706639863]","[0.2567804302343737, 0.27907964738469426, 0.2913259238525099]","[0.38846686793055635, 0.4939859939135304, 0.573312944755158]","[0.8705148735025342, 0.891927938931277, 0.9248874216393644]","[0.0687140151861239, 0.10456717141124552, 0.12259326478495398]","[0.36024347979822663, 0.4935788850589372, 0.5888634057600393]","[0.667342491832179, 0.6905357053377684, 0.7150974737593228]","[0.2897565412762246, 0.31853185223281544, 0.3377401649582894]","[0.4834228442199248, 0.5016191310723124, 0.5119772017894244]",0.3888888888888889,0.2777777777777778,7.0,1
longbench_v2,Single-Document QA,jl_gaussian_r32_s50,18,0.4444444444444444,0.2777777777777778,0.16666666666666666,"(-0.05555555555555555, 0.3888888888888889)",491,11038,0.04448269614060518,0.0,1.5999999999999999,0,0,138179040.0,60628389.0,0.0,60628389.0,0.0,134473316.26263443,186040320.0,1466987768.5163164,18423382394.431183,134473316.26263443,169630795.59515572,18066782.0,18066782.0,0.4387668998134594,0.4387668998134594,0.7228181302990364,0.7228181302990364,0.28218151655322116,0.0,130911840.0,57839946.0,57839946.0,5813760.0,2141855.0,2141855.0,1453440.0,646588.0,646588.0,0.0,0.0,0.18897774059150882,0.1307490774288199,0.0,0.44182364253684003,0.3684113207287539,0.4448673491853809,115166240.0,49083099.0,0.0,49083099.0,0.0,28174790.15339279,31006720.0,36857334.47339721,4812968322.423828,28174790.15339279,28982924.263885498,13426349.0,13426349.0,0.426193466071307,0.426193466071307,0.9086672228920953,0.9086672228920953,0.08750955194996612,0.0,113955040.0,48975805.0,48975805.0,968960.0,106869.0,106869.0,242240.0,425.0,425.0,0.0,0.0,0.026063192446434395,0.11658233350329054,0.0,0.4297818244809532,0.1102924785336856,0.0017544583883751651,23012800.0,11545290.0,0.0,11545290.0,0.0,106298526.10924163,155033600.0,1430130434.0429192,13610414072.007355,106298526.10924163,140647871.33127022,4640433.0,4640433.0,0.5016899290829452,0.5016899290829452,0.6856483117804246,0.6856483117804246,0.3241545749477585,0.0,16956800.0,8864141.0,8864141.0,4844800.0,2034986.0,2034986.0,1211200.0,646163.0,646163.0,0.0,0.0,0.2215606502205237,0.20164573628589308,0.0,0.5227484548971504,0.4200350891677675,0.5334899273447821,"[0.7088700788674943, 0.7232312527046687, 0.7437256995038084]","[0.2567743291434431, 0.2829985612696399, 0.2961835382624429]","[0.35835498486474276, 0.456246082937943, 0.5328945514878678]","[0.8823446492950355, 0.9050233628126003, 0.9378690097618944]","[0.05943090684653879, 0.09273285031107505, 0.1083103408525581]","[0.32542143798811096, 0.44849344447715545, 0.5393417545746827]","[0.6684972629554017, 0.6853807639153773, 0.7138788070547853]","[0.2928696091391083, 0.3242763782685296, 0.3444897929818624]","[0.48657807696581357, 0.5024990646951033, 0.5103288203477029]",0.4444444444444444,0.2777777777777778,8.0,0
longbench_v2,Single-Document QA,mass_s50,18,0.4444444444444444,0.2777777777777778,0.16666666666666666,"(0.0, 0.3333333333333333)",648,11928,0.05432595573440644,0.0,1.5999999999999999,0,0,147175520.0,69469408.0,69469408.0,69469408.0,0.0,141227464.4200635,192430080.0,2280786757.9365425,20609676864.89743,141227464.4200635,173632932.99123955,17936677.0,17936677.0,0.4720174115912755,0.4720174115912755,0.7339157392652099,0.7339157392652099,0.33266472376115647,0.0,139658720.0,65879413.0,65879413.0,6013440.0,2848899.0,2848899.0,1503360.0,741096.0,741096.0,0.4720174115912755,0.0,0.16840126331172367,0.12187269323050463,0.0,0.4717171473431806,0.4737552881545338,0.4929597701149425,123372320.0,57210007.0,57210007.0,57210007.0,0.0,28705991.372573853,32071680.0,55741318.954658195,5112819012.63916,28705991.372573853,29535610.073566437,13412552.0,13412552.0,0.463718336495577,0.463718336495577,0.8950573020363715,0.8950573020363715,0.10441392238115614,0.0,122119520.0,56956784.0,56956784.0,1002240.0,248103.0,248103.0,250560.0,5120.0,5120.0,0.463718336495577,0.0,0.025867640890423708,0.10871605559496653,0.0,0.4664019642396236,0.24754849137931034,0.020434227330779056,23803200.0,12259401.0,12259401.0,12259401.0,0.0,112521473.04748964,160358400.0,2225045438.9818845,15496857852.25827,112521473.04748964,144097322.9176731,4524125.0,4524125.0,0.5150316344020972,0.5150316344020972,0.7016874267109777,0.7016874267109777,0.3789200775285316,0.0,17539200.0,8922629.0,8922629.0,5011200.0,2600796.0,2600796.0,1252800.0,735976.0,735976.0,0.5150316344020972,0.0,0.19690798779598367,0.19006373092693418,0.0,0.5087249703521255,0.5189966475095785,0.5874648786717752,"[0.7085660718571917, 0.7484174413951095, 0.7713298421199113]","[0.27859703320844437, 0.29881212423138803, 0.37153785962439256]","[0.3777038186922167, 0.47229521892982995, 0.5396553734393912]","[0.8745992768115352, 0.8952168986721638, 0.9266138791454132]","[0.07507283079267257, 0.10350921457341361, 0.11854951892544632]","[0.3452122232239755, 0.4685011343496458, 0.5502198103776379]","[0.6749717211449143, 0.7199401811002948, 0.7425112582316921]","[0.3186526651813401, 0.34035134072385137, 0.42205897120783403]","[0.4770710196717899, 0.4958237065120428, 0.5429745519165892]",0.4444444444444444,0.2777777777777778,8.0,4
