policy,split,total_tiles,baseline_skipped_tiles,baseline_kept_tiles,additional_skipped_tiles,baseline_physical_sparsity,new_physical_sparsity,additional_physical_sparsity,downstream_work_reduction,unsafe_removals,unsafe_removal_rate,unsafe_wilson95_upper,new_max_removals,affected_masked_rows,maximum_masked_relative_error,p99_masked_relative_error,mean_masked_relative_error,pv_tiles_eliminated,v_bytes_avoided,softmax_elements_avoided,pv_flops_avoided,qk_flops_avoided,optimistic_kernel_speedup,half_downstream_kernel_speedup,passes_offline_work_gate
k_veto_1,calibration,786432,285190,501242,44637,0.36263783772786456,0.41939671834309894,0.056758880615234375,0.08905279286252947,43861,0.9826153191298699,0.9837869309183709,19104,2626989,1.0560336112976074,0.43998801708221436,0.010603221739794114,44637,731332608,365666304,93610573824,0,1.097758456433898,1.0466013883219345,False
k_veto_1,heldout,786432,220192,566240,47702,0.2799886067708333,0.34064483642578125,0.060656229654947914,0.08424343034755581,46571,0.9762903022934049,0.9776177463929879,24998,2451175,1.0118522644042969,0.43907374143600464,0.010841647532560915,47702,781549568,390774784,100038344704,0,1.0919932579675935,1.0439739743984484,False
k_veto_1,final_benchmark,786432,328882,457550,47789,0.41819508870442706,0.4789619445800781,0.06076685587565104,0.10444541580155174,47340,0.9906045324237795,0.9914309175818727,19555,2970122,1.0150821208953857,0.4707675874233246,0.011123584264804611,47789,782974976,391487488,100220796928,0,1.116626521313644,1.055100188974889,False
k_veto_1_visible_only,calibration,786432,285190,501242,30126,0.36263783772786456,0.4009450276692708,0.03830718994140625,0.06010270488107541,29508,0.9794861581358295,0.9810267535633855,16390,1420392,1.0560336112976074,0.32277432084083557,0.012006035899772739,30126,493584384,246792192,63178801152,0,1.0639460345222833,1.0309824159414536,False
k_veto_1_visible_only,heldout,786432,220192,566240,33352,0.2799886067708333,0.3223978678385417,0.042409261067708336,0.05890081944051992,32580,0.976852962341089,0.9784126854170739,21390,1384557,0.9939560294151306,0.31125664710998535,0.012155698763214515,33352,546439168,273219584,69944213504,0,1.0625872603624027,1.0303440545596145,False
k_veto_1_visible_only,final_benchmark,786432,328882,457550,29027,0.41819508870442706,0.4551048278808594,0.03690973917643229,0.06344006119549776,28785,0.99166293450925,0.99264583777994,16169,1408914,0.9191864728927612,0.3422476053237915,0.013492090583598432,29027,475578368,237789184,60874031104,0,1.0677373209839378,1.03275915189832,False
k_veto_1_nonmasked_only,calibration,786432,285190,501242,30126,0.36263783772786456,0.4009450276692708,0.03830718994140625,0.06010270488107541,29508,0.9794861581358295,0.9810267535633855,16390,1420392,1.0560336112976074,0.32277432084083557,0.012006035899772739,30126,493584384,246792192,63178801152,0,1.0639460345222833,1.0309824159414536,False
k_veto_1_nonmasked_only,heldout,786432,220192,566240,33352,0.2799886067708333,0.3223978678385417,0.042409261067708336,0.05890081944051992,32580,0.976852962341089,0.9784126854170739,21390,1384557,0.9939560294151306,0.31125664710998535,0.012155698763214515,33352,546439168,273219584,69944213504,0,1.0625872603624027,1.0303440545596145,False
k_veto_1_nonmasked_only,final_benchmark,786432,328882,457550,29027,0.41819508870442706,0.4551048278808594,0.03690973917643229,0.06344006119549776,28785,0.99166293450925,0.99264583777994,16169,1408914,0.9191864728927612,0.3422476053237915,0.013492090583598432,29027,475578368,237789184,60874031104,0,1.0677373209839378,1.03275915189832,False
k_veto_1_stable_only,calibration,786432,285190,501242,16219,0.36263783772786456,0.38326136271158856,0.020623524983723957,0.03235762366282155,15977,0.9850792280658487,0.9868334857963151,9284,669059,1.0560336112976074,0.33076027035713196,0.01682608930509118,16219,265732096,132866048,34013708288,0,1.0334396513155046,1.016444870293481,False
k_veto_1_stable_only,heldout,786432,220192,566240,15816,0.2799886067708333,0.3000996907552083,0.020111083984375,0.027931619101441086,15481,0.9788189175518462,0.9809493973693649,10156,634366,0.9939560294151306,0.3071821928024292,0.015766947826648968,15816,259129344,129564672,33168556032,0,1.0287342121709808,1.0141636159131127,False
k_veto_1_stable_only,final_benchmark,786432,328882,457550,13084,0.41819508870442706,0.43483225504557294,0.016637166341145832,0.028595781881761557,13029,0.9957963925405074,0.996768816899268,7987,535627,0.9191864728927612,0.33326488733291626,0.020683191075015823,13084,214368256,107184128,27439136768,0,1.0294375722777445,1.0145052859372783,False
k_veto_2,calibration,786432,285190,501242,70667,0.36263783772786456,0.4524955749511719,0.0898577372233073,0.1409837962501147,69520,0.983768944486111,0.9846746587777969,31269,4169669,1.0560336112976074,0.512588620185852,0.011138798202567158,70667,1157808128,578904064,148199440384,0,1.1641223944725076,1.0758378522821541,False
k_veto_2,heldout,786432,220192,566240,76436,0.2799886067708333,0.3771820068359375,0.09719340006510417,0.13498869737213903,74733,0.977719922549584,0.9787424844054622,40886,3979395,1.0267189741134644,0.4826360046863556,0.011149534626180613,76436,1252327424,626163712,160297910272,0,1.156054258438069,1.072379559942578,False
k_veto_2,final_benchmark,786432,328882,457550,74489,0.41819508870442706,0.5129127502441406,0.09471766153971355,0.1627996940225112,73877,0.9917840218018767,0.9924073871281077,30706,4720414,1.0150821208953857,0.5244779586791992,0.011563369362305934,74489,1220427776,610213888,156214755328,0,1.1944572796499773,1.088612925598166,False
k_veto_2_visible_only,calibration,786432,285190,501242,42829,0.36263783772786456,0.4170977274576823,0.05445988972981771,0.08544575275016858,41996,0.9805505615354082,0.9818159939608153,25115,1895657,1.0560336112976074,0.3423103988170624,0.01292254809282481,42829,701710336,350855168,89818923008,0,1.0934288512760328,1.0446295804221308,False
k_veto_2_visible_only,heldout,786432,220192,566240,48463,0.2799886067708333,0.3416124979654948,0.06162389119466146,0.08558738344165018,47411,0.9782927181561191,0.9795527296952101,32780,1926620,0.9939560294151306,0.3194023072719574,0.012648957435820245,48463,794017792,397008896,101634277376,0,1.0935982092676964,1.0447068634532486,False
k_veto_2_visible_only,final_benchmark,786432,328882,457550,40193,0.41819508870442706,0.4693031311035156,0.05110804239908854,0.08784395148071249,39879,0.9921876943746424,0.9930026161541263,23440,1896146,1.0123318433761597,0.3534010350704193,0.014265167262304696,40193,658522112,329261056,84290830336,0,1.0963036441224179,1.0459397398809245,False
k_veto_2_nonmasked_only,calibration,786432,285190,501242,42829,0.36263783772786456,0.4170977274576823,0.05445988972981771,0.08544575275016858,41996,0.9805505615354082,0.9818159939608153,25115,1895657,1.0560336112976074,0.3423103988170624,0.01292254809282481,42829,701710336,350855168,89818923008,0,1.0934288512760328,1.0446295804221308,False
k_veto_2_nonmasked_only,heldout,786432,220192,566240,48463,0.2799886067708333,0.3416124979654948,0.06162389119466146,0.08558738344165018,47411,0.9782927181561191,0.9795527296952101,32780,1926620,0.9939560294151306,0.3194023072719574,0.012648957435820245,48463,794017792,397008896,101634277376,0,1.0935982092676964,1.0447068634532486,False
k_veto_2_nonmasked_only,final_benchmark,786432,328882,457550,40193,0.41819508870442706,0.4693031311035156,0.05110804239908854,0.08784395148071249,39879,0.9921876943746424,0.9930026161541263,23440,1896146,1.0123318433761597,0.3534010350704193,0.014265167262304696,40193,658522112,329261056,84290830336,0,1.0963036441224179,1.0459397398809245,False
k_veto_2_stable_only,calibration,786432,285190,501242,22236,0.36263783772786456,0.39091237386067706,0.0282745361328125,0.04436180527569517,21910,0.9853390897643461,0.9868371114394541,13501,872905,1.0560336112976074,0.34268471598625183,0.017992438413258028,22236,364314624,182157312,46632271872,0,1.0464211304242537,1.0226840554635153,False
k_veto_2_stable_only,heldout,786432,220192,566240,21594,0.2799886067708333,0.30744679768880206,0.02745819091796875,0.038135772817179996,21150,0.9794387329813837,0.9812479684387249,14623,827324,0.9939560294151306,0.3093019127845764,0.0165049501842688,21594,353796096,176898048,45285900288,0,1.0396477712128611,1.019438538247849,False
k_veto_2_stable_only,final_benchmark,786432,328882,457550,17480,0.41819508870442706,0.44042205810546875,0.022226969401041668,0.03820347503005136,17407,0.9958237986270023,0.996676944649811,11021,697071,1.0123318433761597,0.34274592995643616,0.021783373023963843,17480,286392320,143196160,36658216960,0,1.039720953484673,1.019473719391279,False
k_veto_4,calibration,786432,285190,501242,104605,0.36263783772786456,0.4956499735514323,0.13301213582356772,0.208691610040659,103033,0.9849720376655036,0.9856917123933566,49023,6188136,1.130070686340332,0.599455714225769,0.011898670900251707,104605,1713848320,856924160,219372584960,0,1.2637298083638189,1.1165023349471366,True
k_veto_4,heldout,786432,220192,566240,114362,0.2799886067708333,0.42540740966796875,0.1454188028971354,0.20196736366205142,111960,0.9789965198230182,0.9798116536088493,63011,6066476,1.037139892578125,0.5437036752700806,0.01168552050440816,114362,1873707008,936853504,239834497024,0,1.253081583967354,1.1123268619158093,True
k_veto_4,final_benchmark,786432,328882,457550,107570,0.41819508870442706,0.5549774169921875,0.1367823282877604,0.23509998907223253,106778,0.9926373524216789,0.9931309292415103,45652,6949192,1.060404896736145,0.6307535767555237,0.0123221227554225,107570,1762426880,881213440,225590640640,0,1.3073604205954625,1.1332086733619804,True
k_veto_4_visible_only,calibration,786432,285190,501242,55420,0.36263783772786456,0.43310801188151044,0.07047017415364583,0.11056535565654914,54415,0.9818657524359437,0.9829437576077605,35161,2288629,1.130070686340332,0.36348262429237366,0.013814831253776824,55420,908001280,454000640,116224163840,0,1.1243097020784079,1.0585176925741027,False
k_veto_4_visible_only,heldout,786432,220192,566240,62805,0.2799886067708333,0.3598492940266927,0.07986068725585938,0.11091586606385985,61535,0.979778680041398,0.9808505222660133,44890,2362277,0.9939560294151306,0.33296969532966614,0.013449121665769934,62805,1028997120,514498560,131711631360,0,1.124752947252376,1.0587140954028094,False
k_veto_4_visible_only,final_benchmark,786432,328882,457550,49508,0.41819508870442706,0.48114776611328125,0.06295267740885417,0.10820238225330565,49140,0.9925668578815545,0.9932861941985462,30485,2240043,1.0123318433761597,0.3677516579627991,0.015233995368615692,49508,811139072,405569536,103825801216,0,1.1213306473353233,1.0571955378515512,False
k_veto_4_nonmasked_only,calibration,786432,285190,501242,55420,0.36263783772786456,0.43310801188151044,0.07047017415364583,0.11056535565654914,54415,0.9818657524359437,0.9829437576077605,35161,2288629,1.130070686340332,0.36348262429237366,0.013814831253776824,55420,908001280,454000640,116224163840,0,1.1243097020784079,1.0585176925741027,False
k_veto_4_nonmasked_only,heldout,786432,220192,566240,62805,0.2799886067708333,0.3598492940266927,0.07986068725585938,0.11091586606385985,61535,0.979778680041398,0.9808505222660133,44890,2362277,0.9939560294151306,0.33296969532966614,0.013449121665769934,62805,1028997120,514498560,131711631360,0,1.124752947252376,1.0587140954028094,False
k_veto_4_nonmasked_only,final_benchmark,786432,328882,457550,49508,0.41819508870442706,0.48114776611328125,0.06295267740885417,0.10820238225330565,49140,0.9925668578815545,0.9932861941985462,30485,2240043,1.0123318433761597,0.3677516579627991,0.015233995368615692,49508,811139072,405569536,103825801216,0,1.1213306473353233,1.0571955378515512,False
k_veto_4_stable_only,calibration,786432,285190,501242,27544,0.36263783772786456,0.39766184488932294,0.035024007161458336,0.0549515004728255,27155,0.9858771420273018,0.9872044381215431,17692,1028542,1.130070686340332,0.3606148958206177,0.01900529690936296,27544,451280896,225640448,57763954688,0,1.0581467517278942,1.0282519949945639,False
k_veto_4_stable_only,heldout,786432,220192,566240,26882,0.2799886067708333,0.31417083740234375,0.034182230631510414,0.0474745690873128,26360,0.9805818019492597,0.9821639902079224,19015,985333,0.9939560294151306,0.3164319396018982,0.017428784228276126,26882,440434688,220217344,56375640064,0,1.049840736579415,1.0243144434052884,False
k_veto_4_stable_only,final_benchmark,786432,328882,457550,21232,0.41819508870442706,0.44519297281901044,0.026997884114583332,0.046403671729865585,21146,0.9959495101733233,0.9967187450064522,13838,824734,1.0123318433761597,0.347324013710022,0.02278942172567155,21232,347865088,173932544,44526731264,0,1.048661755875302,1.0237529478625478,False
k_veto_8,calibration,786432,285190,501242,145173,0.36263783772786456,0.547234853108724,0.18459701538085938,0.28962656760606653,143091,0.9856584902151226,0.9862573640185845,72635,8649874,1.1543502807617188,0.7119391560554504,0.012957602041370775,145173,2378514432,1189257216,304449847296,0,1.407710303340083,1.1693352820621687,True
k_veto_8,heldout,786432,220192,566240,159883,0.2799886067708333,0.4832903544108073,0.20330174763997397,0.28235907035885843,156722,0.9802292926702652,0.9809002170570448,92129,8661940,1.1143381595611572,0.6348057985305786,0.012435751618575054,159883,2619523072,1309761536,335298953216,0,1.3934545239776845,1.164387716597933,True
k_veto_8,final_benchmark,786432,328882,457550,145386,0.41819508870442706,0.6030629475911459,0.18486785888671875,0.31774887990383566,144424,0.9933831318008611,0.9937870400639546,63983,9596067,1.060404896736145,0.743768572807312,0.013315740937146436,145386,2382004224,1191002112,304896540672,0,1.4657359593034431,1.1888831436091847,True
k_veto_8_visible_only,calibration,786432,285190,501242,65257,0.36263783772786456,0.4456164042154948,0.0829785664876302,0.1301906065333711,64122,0.9826072298757221,0.9835822131783678,43788,2540299,1.130070686340332,0.3785276412963867,0.01453039460118671,65257,1069170688,534585344,136853848064,0,1.14967716779247,1.0696277422652143,False
k_veto_8_visible_only,heldout,786432,220192,566240,73468,0.2799886067708333,0.3734079996744792,0.09341939290364583,0.12974710370161063,72067,0.9809304731311591,0.9818946027994883,54640,2635421,1.0437830686569214,0.34747013449668884,0.014122684288392633,73468,1203699712,601849856,154073563136,0,1.149091263302298,1.0693740958553821,False
k_veto_8_visible_only,final_benchmark,786432,328882,457550,55553,0.41819508870442706,0.4888343811035156,0.07063929239908855,0.12141405310894984,55142,0.9926016596763451,0.9932809930344412,35450,2436937,1.0123318433761597,0.3765729069709778,0.015943908595605877,55553,910180352,455090176,116503085056,0,1.1381925735764198,1.0646305553972033,False
k_veto_8_nonmasked_only,calibration,786432,285190,501242,65257,0.36263783772786456,0.4456164042154948,0.0829785664876302,0.1301906065333711,64122,0.9826072298757221,0.9835822131783678,43788,2540299,1.130070686340332,0.3785276412963867,0.01453039460118671,65257,1069170688,534585344,136853848064,0,1.14967716779247,1.0696277422652143,False
k_veto_8_nonmasked_only,heldout,786432,220192,566240,73468,0.2799886067708333,0.3734079996744792,0.09341939290364583,0.12974710370161063,72067,0.9809304731311591,0.9818946027994883,54640,2635421,1.0437830686569214,0.34747013449668884,0.014122684288392633,73468,1203699712,601849856,154073563136,0,1.149091263302298,1.0693740958553821,False
k_veto_8_nonmasked_only,final_benchmark,786432,328882,457550,55553,0.41819508870442706,0.4888343811035156,0.07063929239908855,0.12141405310894984,55142,0.9926016596763451,0.9932809930344412,35450,2436937,1.0123318433761597,0.3765729069709778,0.015943908595605877,55553,910180352,455090176,116503085056,0,1.1381925735764198,1.0646305553972033,False
k_veto_8_stable_only,calibration,786432,285190,501242,31326,0.36263783772786456,0.4024709065755208,0.03983306884765625,0.06249675805299636,30895,0.9862414607674137,0.9874730906605362,20890,1127502,1.130070686340332,0.3683863580226898,0.019745275742858993,31326,513245184,256622592,65695383552,0,1.0666629780641648,1.0322563372798246,False
k_veto_8_stable_only,heldout,786432,220192,566240,30740,0.2799886067708333,0.3190765380859375,0.039087931315104164,0.05428793444475841,30184,0.9819128171763175,0.9833434914548289,22412,1088805,1.0437830686569214,0.3161733150482178,0.01798224673495254,30740,503644160,251822080,64466452480,0,1.0574042950513538,1.027901319730608,False
k_veto_8_stable_only,final_benchmark,786432,328882,457550,23722,0.41819508870442706,0.4483591715494792,0.030164082845052082,0.05184569992350563,23620,0.9957001939128235,0.9964563744533373,15754,908293,1.0123318433761597,0.34576940536499023,0.023308777254421206,23722,388661248,194330624,49748639744,0,1.0546806568501803,1.026612727709232,False
k_veto_16,calibration,786432,285190,501242,191898,0.36263783772786456,0.6066487630208334,0.24401092529296875,0.38284501298773843,189190,0.9858883365121054,0.9864064293495898,101797,11609434,1.1656743288040161,0.8291186094284058,0.014309313550514176,191898,3144056832,1572028416,402439274496,0,1.6203385228095581,1.2367398400663225,True
k_veto_16,heldout,786432,220192,566240,212651,0.2799886067708333,0.5503883361816406,0.2703997294108073,0.3755492370726194,208653,0.9811992419504258,0.9817678818761914,127330,11915828,1.1143381595611572,0.7476555109024048,0.013471341437623973,212651,3484073984,1742036992,445961469952,0,1.6014072835976234,1.231185361626998,True
k_veto_16,final_benchmark,786432,328882,457550,187344,0.41819508870442706,0.6564153035481771,0.23822021484375,0.40945033329690744,186197,0.9938775728072423,0.9942208167296869,85928,12624560,1.248732328414917,0.8530355095863342,0.014696374814250951,187344,3069444096,1534722048,392888844288,0,1.6933376756992815,1.2574269397985038,True
k_veto_16_visible_only,calibration,786432,285190,501242,71616,0.36263783772786456,0.45370229085286456,0.091064453125,0.1428770933002422,70398,0.9829926273458445,0.9839140213452713,49463,2687096,1.130070686340332,0.3874824047088623,0.01498519451854344,71616,1173356544,586678272,150189637632,0,1.1666938220684968,1.076934645943356,False
k_veto_16_visible_only,heldout,786432,220192,566240,79761,0.2799886067708333,0.3814099629720052,0.10142135620117188,0.14086076575303758,78281,0.981444565639849,0.9823581728298755,60383,2791055,1.0610204935073853,0.3563551604747772,0.014589134977633906,79761,1306804224,653402112,167270940672,0,1.1639556897625591,1.075766657579088,False
k_veto_16_visible_only,final_benchmark,786432,328882,457550,59139,0.41819508870442706,0.4933942159016927,0.07519912719726562,0.12925144792918808,58711,0.9927628130337003,0.9934146883802285,38238,2563553,1.091158390045166,0.38058602809906006,0.016339188228212953,59139,968933376,484466688,124023472128,0,1.1484371666444952,1.069090764649324,False
k_veto_16_nonmasked_only,calibration,786432,285190,501242,71616,0.36263783772786456,0.45370229085286456,0.091064453125,0.1428770933002422,70398,0.9829926273458445,0.9839140213452713,49463,2687096,1.130070686340332,0.3874824047088623,0.01498519451854344,71616,1173356544,586678272,150189637632,0,1.1666938220684968,1.076934645943356,False
k_veto_16_nonmasked_only,heldout,786432,220192,566240,79761,0.2799886067708333,0.3814099629720052,0.10142135620117188,0.14086076575303758,78281,0.981444565639849,0.9823581728298755,60383,2791055,1.0610204935073853,0.3563551604747772,0.014589134977633906,79761,1306804224,653402112,167270940672,0,1.1639556897625591,1.075766657579088,False
k_veto_16_nonmasked_only,final_benchmark,786432,328882,457550,59139,0.41819508870442706,0.4933942159016927,0.07519912719726562,0.12925144792918808,58711,0.9927628130337003,0.9934146883802285,38238,2563553,1.091158390045166,0.38058602809906006,0.016339188228212953,59139,968933376,484466688,124023472128,0,1.1484371666444952,1.069090764649324,False
k_veto_16_stable_only,calibration,786432,285190,501242,33848,0.36263783772786456,0.40567779541015625,0.043039957682291664,0.06752825980265022,33395,0.9866166390924132,0.9877867545759205,23037,1189089,1.130070686340332,0.3708548843860626,0.020183531783575494,33848,554565632,277282816,70984400896,0,1.072418559074357,1.0349439830854934,False
k_veto_16_stable_only,heldout,786432,220192,566240,33211,0.2799886067708333,0.3222185770670573,0.04222997029622396,0.05865180842045776,32635,0.9826563488000963,0.9840055912397231,24491,1159726,1.0437830686569214,0.313700795173645,0.018295906344472746,33211,544129024,272064512,69648515072,0,1.0623061784630856,1.0302118953595525,False
k_veto_16_stable_only,final_benchmark,786432,328882,457550,25411,0.41819508870442706,0.45050684611002606,0.03231175740559896,0.055537099770516886,25299,0.9955924599582858,0.9963353992484397,16907,976993,1.0258045196533203,0.3458508253097534,0.023334157556655983,25411,416333824,208166912,53290729472,0,1.058802838901372,1.0285616659304544,False
quantile_q90,calibration,786432,285190,501242,0,0.36263783772786456,0.36263783772786456,0.0,0.0,0,0.0,1.0,0,0,0.0,0.0,0.0,0,0,0,0,0,1.0,1.0,False
quantile_q90,heldout,786432,220192,566240,0,0.2799886067708333,0.2799886067708333,0.0,0.0,0,0.0,1.0,0,0,0.0,0.0,0.0,0,0,0,0,0,1.0,1.0,False
quantile_q90,final_benchmark,786432,328882,457550,0,0.41819508870442706,0.41819508870442706,0.0,0.0,0,0.0,1.0,0,0,0.0,0.0,0.0,0,0,0,0,0,1.0,1.0,False
quantile_q95,calibration,786432,285190,501242,0,0.36263783772786456,0.36263783772786456,0.0,0.0,0,0.0,1.0,0,0,0.0,0.0,0.0,0,0,0,0,0,1.0,1.0,False
quantile_q95,heldout,786432,220192,566240,0,0.2799886067708333,0.2799886067708333,0.0,0.0,0,0.0,1.0,0,0,0.0,0.0,0.0,0,0,0,0,0,1.0,1.0,False
quantile_q95,final_benchmark,786432,328882,457550,0,0.41819508870442706,0.41819508870442706,0.0,0.0,0,0.0,1.0,0,0,0.0,0.0,0.0,0,0,0,0,0,1.0,1.0,False
quantile_q97,calibration,786432,285190,501242,0,0.36263783772786456,0.36263783772786456,0.0,0.0,0,0.0,1.0,0,0,0.0,0.0,0.0,0,0,0,0,0,1.0,1.0,False
quantile_q97,heldout,786432,220192,566240,0,0.2799886067708333,0.2799886067708333,0.0,0.0,0,0.0,1.0,0,0,0.0,0.0,0.0,0,0,0,0,0,1.0,1.0,False
quantile_q97,final_benchmark,786432,328882,457550,0,0.41819508870442706,0.41819508870442706,0.0,0.0,0,0.0,1.0,0,0,0.0,0.0,0.0,0,0,0,0,0,1.0,1.0,False
quantile_q98,calibration,786432,285190,501242,0,0.36263783772786456,0.36263783772786456,0.0,0.0,0,0.0,1.0,0,0,0.0,0.0,0.0,0,0,0,0,0,1.0,1.0,False
quantile_q98,heldout,786432,220192,566240,0,0.2799886067708333,0.2799886067708333,0.0,0.0,0,0.0,1.0,0,0,0.0,0.0,0.0,0,0,0,0,0,1.0,1.0,False
quantile_q98,final_benchmark,786432,328882,457550,0,0.41819508870442706,0.41819508870442706,0.0,0.0,0,0.0,1.0,0,0,0.0,0.0,0.0,0,0,0,0,0,1.0,1.0,False
quantile_q99,calibration,786432,285190,501242,0,0.36263783772786456,0.36263783772786456,0.0,0.0,0,0.0,1.0,0,0,0.0,0.0,0.0,0,0,0,0,0,1.0,1.0,False
quantile_q99,heldout,786432,220192,566240,0,0.2799886067708333,0.2799886067708333,0.0,0.0,0,0.0,1.0,0,0,0.0,0.0,0.0,0,0,0,0,0,1.0,1.0,False
quantile_q99,final_benchmark,786432,328882,457550,0,0.41819508870442706,0.41819508870442706,0.0,0.0,0,0.0,1.0,0,0,0.0,0.0,0.0,0,0,0,0,0,1.0,1.0,False
oracle_mass_max,calibration,786432,285190,501242,0,0.36263783772786456,0.36263783772786456,0.0,0.0,0,0.0,1.0,0,0,0.0,0.0,0.0,0,0,0,0,0,1.0,1.0,False
oracle_mass_max,heldout,786432,220192,566240,0,0.2799886067708333,0.2799886067708333,0.0,0.0,0,0.0,1.0,0,0,0.0,0.0,0.0,0,0,0,0,0,1.0,1.0,False
oracle_mass_max,final_benchmark,786432,328882,457550,0,0.41819508870442706,0.41819508870442706,0.0,0.0,0,0.0,1.0,0,0,0.0,0.0,0.0,0,0,0,0,0,1.0,1.0,False
oracle_mass_q95,calibration,786432,285190,501242,0,0.36263783772786456,0.36263783772786456,0.0,0.0,0,0.0,1.0,0,0,0.0,0.0,0.0,0,0,0,0,0,1.0,1.0,False
oracle_mass_q95,heldout,786432,220192,566240,0,0.2799886067708333,0.2799886067708333,0.0,0.0,0,0.0,1.0,0,0,0.0,0.0,0.0,0,0,0,0,0,1.0,1.0,False
oracle_mass_q95,final_benchmark,786432,328882,457550,0,0.41819508870442706,0.41819508870442706,0.0,0.0,0,0.0,1.0,0,0,0.0,0.0,0.0,0,0,0,0,0,1.0,1.0,False
oracle_mass_q99,calibration,786432,285190,501242,0,0.36263783772786456,0.36263783772786456,0.0,0.0,0,0.0,1.0,0,0,0.0,0.0,0.0,0,0,0,0,0,1.0,1.0,False
oracle_mass_q99,heldout,786432,220192,566240,0,0.2799886067708333,0.2799886067708333,0.0,0.0,0,0.0,1.0,0,0,0.0,0.0,0.0,0,0,0,0,0,1.0,1.0,False
oracle_mass_q99,final_benchmark,786432,328882,457550,0,0.41819508870442706,0.41819508870442706,0.0,0.0,0,0.0,1.0,0,0,0.0,0.0,0.0,0,0,0,0,0,1.0,1.0,False
oracle_mass_masked_max,calibration,786432,285190,501242,0,0.36263783772786456,0.36263783772786456,0.0,0.0,0,0.0,1.0,0,0,0.0,0.0,0.0,0,0,0,0,0,1.0,1.0,False
oracle_mass_masked_max,heldout,786432,220192,566240,0,0.2799886067708333,0.2799886067708333,0.0,0.0,0,0.0,1.0,0,0,0.0,0.0,0.0,0,0,0,0,0,1.0,1.0,False
oracle_mass_masked_max,final_benchmark,786432,328882,457550,0,0.41819508870442706,0.41819508870442706,0.0,0.0,0,0.0,1.0,0,0,0.0,0.0,0.0,0,0,0,0,0,1.0,1.0,False
oracle_mass_stable_relaxed_max,calibration,786432,285190,501242,0,0.36263783772786456,0.36263783772786456,0.0,0.0,0,0.0,1.0,0,0,0.0,0.0,0.0,0,0,0,0,0,1.0,1.0,False
oracle_mass_stable_relaxed_max,heldout,786432,220192,566240,0,0.2799886067708333,0.2799886067708333,0.0,0.0,0,0.0,1.0,0,0,0.0,0.0,0.0,0,0,0,0,0,1.0,1.0,False
oracle_mass_stable_relaxed_max,final_benchmark,786432,328882,457550,0,0.41819508870442706,0.41819508870442706,0.0,0.0,0,0.0,1.0,0,0,0.0,0.0,0.0,0,0,0,0,0,1.0,1.0,False
oracle_mass_weighted_sum_b0,calibration,786432,285190,501242,0,0.36263783772786456,0.36263783772786456,0.0,0.0,0,0.0,1.0,0,0,0.0,0.0,0.0,0,0,0,0,0,1.0,1.0,False
oracle_mass_weighted_sum_b0,heldout,786432,220192,566240,0,0.2799886067708333,0.2799886067708333,0.0,0.0,0,0.0,1.0,0,0,0.0,0.0,0.0,0,0,0,0,0,1.0,1.0,False
oracle_mass_weighted_sum_b0,final_benchmark,786432,328882,457550,0,0.41819508870442706,0.41819508870442706,0.0,0.0,0,0.0,1.0,0,0,0.0,0.0,0.0,0,0,0,0,0,1.0,1.0,False
oracle_mass_weighted_sum_b0.1,calibration,786432,285190,501242,0,0.36263783772786456,0.36263783772786456,0.0,0.0,0,0.0,1.0,0,0,0.0,0.0,0.0,0,0,0,0,0,1.0,1.0,False
oracle_mass_weighted_sum_b0.1,heldout,786432,220192,566240,0,0.2799886067708333,0.2799886067708333,0.0,0.0,0,0.0,1.0,0,0,0.0,0.0,0.0,0,0,0,0,0,1.0,1.0,False
oracle_mass_weighted_sum_b0.1,final_benchmark,786432,328882,457550,0,0.41819508870442706,0.41819508870442706,0.0,0.0,0,0.0,1.0,0,0,0.0,0.0,0.0,0,0,0,0,0,1.0,1.0,False
oracle_mass_weighted_sum_b0.25,calibration,786432,285190,501242,0,0.36263783772786456,0.36263783772786456,0.0,0.0,0,0.0,1.0,0,0,0.0,0.0,0.0,0,0,0,0,0,1.0,1.0,False
oracle_mass_weighted_sum_b0.25,heldout,786432,220192,566240,0,0.2799886067708333,0.2799886067708333,0.0,0.0,0,0.0,1.0,0,0,0.0,0.0,0.0,0,0,0,0,0,1.0,1.0,False
oracle_mass_weighted_sum_b0.25,final_benchmark,786432,328882,457550,0,0.41819508870442706,0.41819508870442706,0.0,0.0,0,0.0,1.0,0,0,0.0,0.0,0.0,0,0,0,0,0,1.0,1.0,False
oracle_mass_weighted_sum_b0.5,calibration,786432,285190,501242,0,0.36263783772786456,0.36263783772786456,0.0,0.0,0,0.0,1.0,0,0,0.0,0.0,0.0,0,0,0,0,0,1.0,1.0,False
oracle_mass_weighted_sum_b0.5,heldout,786432,220192,566240,0,0.2799886067708333,0.2799886067708333,0.0,0.0,0,0.0,1.0,0,0,0.0,0.0,0.0,0,0,0,0,0,1.0,1.0,False
oracle_mass_weighted_sum_b0.5,final_benchmark,786432,328882,457550,0,0.41819508870442706,0.41819508870442706,0.0,0.0,0,0.0,1.0,0,0,0.0,0.0,0.0,0,0,0,0,0,1.0,1.0,False
oracle_mass_weighted_sum_b1,calibration,786432,285190,501242,0,0.36263783772786456,0.36263783772786456,0.0,0.0,0,0.0,1.0,0,0,0.0,0.0,0.0,0,0,0,0,0,1.0,1.0,False
oracle_mass_weighted_sum_b1,heldout,786432,220192,566240,0,0.2799886067708333,0.2799886067708333,0.0,0.0,0,0.0,1.0,0,0,0.0,0.0,0.0,0,0,0,0,0,1.0,1.0,False
oracle_mass_weighted_sum_b1,final_benchmark,786432,328882,457550,0,0.41819508870442706,0.41819508870442706,0.0,0.0,0,0.0,1.0,0,0,0.0,0.0,0.0,0,0,0,0,0,1.0,1.0,False
online_mass_max,calibration,786432,285190,501242,0,0.36263783772786456,0.36263783772786456,0.0,0.0,0,0.0,1.0,0,0,0.0,0.0,0.0,0,0,0,0,0,1.0,1.0,False
online_mass_max,heldout,786432,220192,566240,0,0.2799886067708333,0.2799886067708333,0.0,0.0,0,0.0,1.0,0,0,0.0,0.0,0.0,0,0,0,0,0,1.0,1.0,False
online_mass_max,final_benchmark,786432,328882,457550,0,0.41819508870442706,0.41819508870442706,0.0,0.0,0,0.0,1.0,0,0,0.0,0.0,0.0,0,0,0,0,0,1.0,1.0,False
online_mass_q95,calibration,786432,285190,501242,0,0.36263783772786456,0.36263783772786456,0.0,0.0,0,0.0,1.0,0,0,0.0,0.0,0.0,0,0,0,0,0,1.0,1.0,False
online_mass_q95,heldout,786432,220192,566240,0,0.2799886067708333,0.2799886067708333,0.0,0.0,0,0.0,1.0,0,0,0.0,0.0,0.0,0,0,0,0,0,1.0,1.0,False
online_mass_q95,final_benchmark,786432,328882,457550,0,0.41819508870442706,0.41819508870442706,0.0,0.0,0,0.0,1.0,0,0,0.0,0.0,0.0,0,0,0,0,0,1.0,1.0,False
online_mass_q99,calibration,786432,285190,501242,0,0.36263783772786456,0.36263783772786456,0.0,0.0,0,0.0,1.0,0,0,0.0,0.0,0.0,0,0,0,0,0,1.0,1.0,False
online_mass_q99,heldout,786432,220192,566240,0,0.2799886067708333,0.2799886067708333,0.0,0.0,0,0.0,1.0,0,0,0.0,0.0,0.0,0,0,0,0,0,1.0,1.0,False
online_mass_q99,final_benchmark,786432,328882,457550,0,0.41819508870442706,0.41819508870442706,0.0,0.0,0,0.0,1.0,0,0,0.0,0.0,0.0,0,0,0,0,0,1.0,1.0,False
online_mass_masked_max,calibration,786432,285190,501242,0,0.36263783772786456,0.36263783772786456,0.0,0.0,0,0.0,1.0,0,0,0.0,0.0,0.0,0,0,0,0,0,1.0,1.0,False
online_mass_masked_max,heldout,786432,220192,566240,0,0.2799886067708333,0.2799886067708333,0.0,0.0,0,0.0,1.0,0,0,0.0,0.0,0.0,0,0,0,0,0,1.0,1.0,False
online_mass_masked_max,final_benchmark,786432,328882,457550,0,0.41819508870442706,0.41819508870442706,0.0,0.0,0,0.0,1.0,0,0,0.0,0.0,0.0,0,0,0,0,0,1.0,1.0,False
online_mass_stable_relaxed_max,calibration,786432,285190,501242,0,0.36263783772786456,0.36263783772786456,0.0,0.0,0,0.0,1.0,0,0,0.0,0.0,0.0,0,0,0,0,0,1.0,1.0,False
online_mass_stable_relaxed_max,heldout,786432,220192,566240,0,0.2799886067708333,0.2799886067708333,0.0,0.0,0,0.0,1.0,0,0,0.0,0.0,0.0,0,0,0,0,0,1.0,1.0,False
online_mass_stable_relaxed_max,final_benchmark,786432,328882,457550,0,0.41819508870442706,0.41819508870442706,0.0,0.0,0,0.0,1.0,0,0,0.0,0.0,0.0,0,0,0,0,0,1.0,1.0,False
online_mass_weighted_sum_b0,calibration,786432,285190,501242,0,0.36263783772786456,0.36263783772786456,0.0,0.0,0,0.0,1.0,0,0,0.0,0.0,0.0,0,0,0,0,0,1.0,1.0,False
online_mass_weighted_sum_b0,heldout,786432,220192,566240,0,0.2799886067708333,0.2799886067708333,0.0,0.0,0,0.0,1.0,0,0,0.0,0.0,0.0,0,0,0,0,0,1.0,1.0,False
online_mass_weighted_sum_b0,final_benchmark,786432,328882,457550,0,0.41819508870442706,0.41819508870442706,0.0,0.0,0,0.0,1.0,0,0,0.0,0.0,0.0,0,0,0,0,0,1.0,1.0,False
online_mass_weighted_sum_b0.1,calibration,786432,285190,501242,0,0.36263783772786456,0.36263783772786456,0.0,0.0,0,0.0,1.0,0,0,0.0,0.0,0.0,0,0,0,0,0,1.0,1.0,False
online_mass_weighted_sum_b0.1,heldout,786432,220192,566240,0,0.2799886067708333,0.2799886067708333,0.0,0.0,0,0.0,1.0,0,0,0.0,0.0,0.0,0,0,0,0,0,1.0,1.0,False
online_mass_weighted_sum_b0.1,final_benchmark,786432,328882,457550,0,0.41819508870442706,0.41819508870442706,0.0,0.0,0,0.0,1.0,0,0,0.0,0.0,0.0,0,0,0,0,0,1.0,1.0,False
online_mass_weighted_sum_b0.25,calibration,786432,285190,501242,0,0.36263783772786456,0.36263783772786456,0.0,0.0,0,0.0,1.0,0,0,0.0,0.0,0.0,0,0,0,0,0,1.0,1.0,False
online_mass_weighted_sum_b0.25,heldout,786432,220192,566240,0,0.2799886067708333,0.2799886067708333,0.0,0.0,0,0.0,1.0,0,0,0.0,0.0,0.0,0,0,0,0,0,1.0,1.0,False
online_mass_weighted_sum_b0.25,final_benchmark,786432,328882,457550,0,0.41819508870442706,0.41819508870442706,0.0,0.0,0,0.0,1.0,0,0,0.0,0.0,0.0,0,0,0,0,0,1.0,1.0,False
online_mass_weighted_sum_b0.5,calibration,786432,285190,501242,0,0.36263783772786456,0.36263783772786456,0.0,0.0,0,0.0,1.0,0,0,0.0,0.0,0.0,0,0,0,0,0,1.0,1.0,False
online_mass_weighted_sum_b0.5,heldout,786432,220192,566240,0,0.2799886067708333,0.2799886067708333,0.0,0.0,0,0.0,1.0,0,0,0.0,0.0,0.0,0,0,0,0,0,1.0,1.0,False
online_mass_weighted_sum_b0.5,final_benchmark,786432,328882,457550,0,0.41819508870442706,0.41819508870442706,0.0,0.0,0,0.0,1.0,0,0,0.0,0.0,0.0,0,0,0,0,0,1.0,1.0,False
online_mass_weighted_sum_b1,calibration,786432,285190,501242,0,0.36263783772786456,0.36263783772786456,0.0,0.0,0,0.0,1.0,0,0,0.0,0.0,0.0,0,0,0,0,0,1.0,1.0,False
online_mass_weighted_sum_b1,heldout,786432,220192,566240,0,0.2799886067708333,0.2799886067708333,0.0,0.0,0,0.0,1.0,0,0,0.0,0.0,0.0,0,0,0,0,0,1.0,1.0,False
online_mass_weighted_sum_b1,final_benchmark,786432,328882,457550,0,0.41819508870442706,0.41819508870442706,0.0,0.0,0,0.0,1.0,0,0,0.0,0.0,0.0,0,0,0,0,0,1.0,1.0,False
oracle_mass_v_max_max,calibration,786432,285190,501242,0,0.36263783772786456,0.36263783772786456,0.0,0.0,0,0.0,1.0,0,0,0.0,0.0,0.0,0,0,0,0,0,1.0,1.0,False
oracle_mass_v_max_max,heldout,786432,220192,566240,0,0.2799886067708333,0.2799886067708333,0.0,0.0,0,0.0,1.0,0,0,0.0,0.0,0.0,0,0,0,0,0,1.0,1.0,False
oracle_mass_v_max_max,final_benchmark,786432,328882,457550,0,0.41819508870442706,0.41819508870442706,0.0,0.0,0,0.0,1.0,0,0,0.0,0.0,0.0,0,0,0,0,0,1.0,1.0,False
oracle_mass_v_max_masked,calibration,786432,285190,501242,0,0.36263783772786456,0.36263783772786456,0.0,0.0,0,0.0,1.0,0,0,0.0,0.0,0.0,0,0,0,0,0,1.0,1.0,False
oracle_mass_v_max_masked,heldout,786432,220192,566240,0,0.2799886067708333,0.2799886067708333,0.0,0.0,0,0.0,1.0,0,0,0.0,0.0,0.0,0,0,0,0,0,1.0,1.0,False
oracle_mass_v_max_masked,final_benchmark,786432,328882,457550,0,0.41819508870442706,0.41819508870442706,0.0,0.0,0,0.0,1.0,0,0,0.0,0.0,0.0,0,0,0,0,0,1.0,1.0,False
oracle_mass_v_mean_max,calibration,786432,285190,501242,0,0.36263783772786456,0.36263783772786456,0.0,0.0,0,0.0,1.0,0,0,0.0,0.0,0.0,0,0,0,0,0,1.0,1.0,False
oracle_mass_v_mean_max,heldout,786432,220192,566240,0,0.2799886067708333,0.2799886067708333,0.0,0.0,0,0.0,1.0,0,0,0.0,0.0,0.0,0,0,0,0,0,1.0,1.0,False
oracle_mass_v_mean_max,final_benchmark,786432,328882,457550,0,0.41819508870442706,0.41819508870442706,0.0,0.0,0,0.0,1.0,0,0,0.0,0.0,0.0,0,0,0,0,0,1.0,1.0,False
oracle_mass_v_mean_masked,calibration,786432,285190,501242,0,0.36263783772786456,0.36263783772786456,0.0,0.0,0,0.0,1.0,0,0,0.0,0.0,0.0,0,0,0,0,0,1.0,1.0,False
oracle_mass_v_mean_masked,heldout,786432,220192,566240,0,0.2799886067708333,0.2799886067708333,0.0,0.0,0,0.0,1.0,0,0,0.0,0.0,0.0,0,0,0,0,0,1.0,1.0,False
oracle_mass_v_mean_masked,final_benchmark,786432,328882,457550,0,0.41819508870442706,0.41819508870442706,0.0,0.0,0,0.0,1.0,0,0,0.0,0.0,0.0,0,0,0,0,0,1.0,1.0,False
oracle_mass_v_fro_max,calibration,786432,285190,501242,0,0.36263783772786456,0.36263783772786456,0.0,0.0,0,0.0,1.0,0,0,0.0,0.0,0.0,0,0,0,0,0,1.0,1.0,False
oracle_mass_v_fro_max,heldout,786432,220192,566240,0,0.2799886067708333,0.2799886067708333,0.0,0.0,0,0.0,1.0,0,0,0.0,0.0,0.0,0,0,0,0,0,1.0,1.0,False
oracle_mass_v_fro_max,final_benchmark,786432,328882,457550,0,0.41819508870442706,0.41819508870442706,0.0,0.0,0,0.0,1.0,0,0,0.0,0.0,0.0,0,0,0,0,0,1.0,1.0,False
oracle_mass_v_fro_masked,calibration,786432,285190,501242,0,0.36263783772786456,0.36263783772786456,0.0,0.0,0,0.0,1.0,0,0,0.0,0.0,0.0,0,0,0,0,0,1.0,1.0,False
oracle_mass_v_fro_masked,heldout,786432,220192,566240,0,0.2799886067708333,0.2799886067708333,0.0,0.0,0,0.0,1.0,0,0,0.0,0.0,0.0,0,0,0,0,0,1.0,1.0,False
oracle_mass_v_fro_masked,final_benchmark,786432,328882,457550,0,0.41819508870442706,0.41819508870442706,0.0,0.0,0,0.0,1.0,0,0,0.0,0.0,0.0,0,0,0,0,0,1.0,1.0,False
oracle_variance_bound,calibration,786432,285190,501242,0,0.36263783772786456,0.36263783772786456,0.0,0.0,0,0.0,1.0,0,0,0.0,0.0,0.0,0,0,0,0,0,1.0,1.0,False
oracle_variance_bound,heldout,786432,220192,566240,0,0.2799886067708333,0.2799886067708333,0.0,0.0,0,0.0,1.0,0,0,0.0,0.0,0.0,0,0,0,0,0,1.0,1.0,False
oracle_variance_bound,final_benchmark,786432,328882,457550,0,0.41819508870442706,0.41819508870442706,0.0,0.0,0,0.0,1.0,0,0,0.0,0.0,0.0,0,0,0,0,0,1.0,1.0,False
online_mass_v_max_max,calibration,786432,285190,501242,0,0.36263783772786456,0.36263783772786456,0.0,0.0,0,0.0,1.0,0,0,0.0,0.0,0.0,0,0,0,0,0,1.0,1.0,False
online_mass_v_max_max,heldout,786432,220192,566240,0,0.2799886067708333,0.2799886067708333,0.0,0.0,0,0.0,1.0,0,0,0.0,0.0,0.0,0,0,0,0,0,1.0,1.0,False
online_mass_v_max_max,final_benchmark,786432,328882,457550,0,0.41819508870442706,0.41819508870442706,0.0,0.0,0,0.0,1.0,0,0,0.0,0.0,0.0,0,0,0,0,0,1.0,1.0,False
online_mass_v_max_masked,calibration,786432,285190,501242,0,0.36263783772786456,0.36263783772786456,0.0,0.0,0,0.0,1.0,0,0,0.0,0.0,0.0,0,0,0,0,0,1.0,1.0,False
online_mass_v_max_masked,heldout,786432,220192,566240,0,0.2799886067708333,0.2799886067708333,0.0,0.0,0,0.0,1.0,0,0,0.0,0.0,0.0,0,0,0,0,0,1.0,1.0,False
online_mass_v_max_masked,final_benchmark,786432,328882,457550,0,0.41819508870442706,0.41819508870442706,0.0,0.0,0,0.0,1.0,0,0,0.0,0.0,0.0,0,0,0,0,0,1.0,1.0,False
online_mass_v_mean_max,calibration,786432,285190,501242,0,0.36263783772786456,0.36263783772786456,0.0,0.0,0,0.0,1.0,0,0,0.0,0.0,0.0,0,0,0,0,0,1.0,1.0,False
online_mass_v_mean_max,heldout,786432,220192,566240,0,0.2799886067708333,0.2799886067708333,0.0,0.0,0,0.0,1.0,0,0,0.0,0.0,0.0,0,0,0,0,0,1.0,1.0,False
online_mass_v_mean_max,final_benchmark,786432,328882,457550,0,0.41819508870442706,0.41819508870442706,0.0,0.0,0,0.0,1.0,0,0,0.0,0.0,0.0,0,0,0,0,0,1.0,1.0,False
online_mass_v_mean_masked,calibration,786432,285190,501242,0,0.36263783772786456,0.36263783772786456,0.0,0.0,0,0.0,1.0,0,0,0.0,0.0,0.0,0,0,0,0,0,1.0,1.0,False
online_mass_v_mean_masked,heldout,786432,220192,566240,0,0.2799886067708333,0.2799886067708333,0.0,0.0,0,0.0,1.0,0,0,0.0,0.0,0.0,0,0,0,0,0,1.0,1.0,False
online_mass_v_mean_masked,final_benchmark,786432,328882,457550,0,0.41819508870442706,0.41819508870442706,0.0,0.0,0,0.0,1.0,0,0,0.0,0.0,0.0,0,0,0,0,0,1.0,1.0,False
online_mass_v_fro_max,calibration,786432,285190,501242,0,0.36263783772786456,0.36263783772786456,0.0,0.0,0,0.0,1.0,0,0,0.0,0.0,0.0,0,0,0,0,0,1.0,1.0,False
online_mass_v_fro_max,heldout,786432,220192,566240,0,0.2799886067708333,0.2799886067708333,0.0,0.0,0,0.0,1.0,0,0,0.0,0.0,0.0,0,0,0,0,0,1.0,1.0,False
online_mass_v_fro_max,final_benchmark,786432,328882,457550,0,0.41819508870442706,0.41819508870442706,0.0,0.0,0,0.0,1.0,0,0,0.0,0.0,0.0,0,0,0,0,0,1.0,1.0,False
online_mass_v_fro_masked,calibration,786432,285190,501242,0,0.36263783772786456,0.36263783772786456,0.0,0.0,0,0.0,1.0,0,0,0.0,0.0,0.0,0,0,0,0,0,1.0,1.0,False
online_mass_v_fro_masked,heldout,786432,220192,566240,0,0.2799886067708333,0.2799886067708333,0.0,0.0,0,0.0,1.0,0,0,0.0,0.0,0.0,0,0,0,0,0,1.0,1.0,False
online_mass_v_fro_masked,final_benchmark,786432,328882,457550,0,0.41819508870442706,0.41819508870442706,0.0,0.0,0,0.0,1.0,0,0,0.0,0.0,0.0,0,0,0,0,0,1.0,1.0,False
online_variance_bound,calibration,786432,285190,501242,0,0.36263783772786456,0.36263783772786456,0.0,0.0,0,0.0,1.0,0,0,0.0,0.0,0.0,0,0,0,0,0,1.0,1.0,False
online_variance_bound,heldout,786432,220192,566240,0,0.2799886067708333,0.2799886067708333,0.0,0.0,0,0.0,1.0,0,0,0.0,0.0,0.0,0,0,0,0,0,1.0,1.0,False
online_variance_bound,final_benchmark,786432,328882,457550,0,0.41819508870442706,0.41819508870442706,0.0,0.0,0,0.0,1.0,0,0,0.0,0.0,0.0,0,0,0,0,0,1.0,1.0,False
oracle_exact_output_effect,calibration,786432,285190,501242,1167,0.36263783772786456,0.3641217549641927,0.001483917236328125,0.002328216709693122,1,0.000856898029134533,0.0048378321383565365,448,133804,0.005008713807910681,0.004934079945087433,0.0002943829625416421,1167,19120128,9560064,2447376384,0,1.002333649952507,1.0011654650824864,False
oracle_exact_output_effect,heldout,786432,220192,566240,2017,0.2799886067708333,0.28255335489908856,0.0025647481282552085,0.003562093811811246,2,0.0009915716410510659,0.0036083270791336577,450,234237,0.005007684696465731,0.004951543174684048,0.00033259322672522915,2017,33046528,16523264,4229955584,0,1.0035748276833805,1.001784224693776,False
oracle_exact_output_effect,final_benchmark,786432,328882,457550,759,0.41819508870442706,0.4191602071126302,0.000965118408203125,0.0016588350999890721,2,0.002635046113306983,0.009556354843867451,276,85299,0.005007263273000717,0.004958244971930981,0.00027599054536743545,759,12435456,6217728,1591738368,0,1.0016615914061355,1.0008301060545246,False
oracle_exact_masked_effect,calibration,786432,285190,501242,0,0.36263783772786456,0.36263783772786456,0.0,0.0,0,0.0,1.0,0,0,0.0,0.0,0.0,0,0,0,0,0,1.0,1.0,False
oracle_exact_masked_effect,heldout,786432,220192,566240,0,0.2799886067708333,0.2799886067708333,0.0,0.0,0,0.0,1.0,0,0,0.0,0.0,0.0,0,0,0,0,0,1.0,1.0,False
oracle_exact_masked_effect,final_benchmark,786432,328882,457550,0,0.41819508870442706,0.41819508870442706,0.0,0.0,0,0.0,1.0,0,0,0.0,0.0,0.0,0,0,0,0,0,1.0,1.0,False
oracle_centroid_error,calibration,786432,285190,501242,0,0.36263783772786456,0.36263783772786456,0.0,0.0,0,0.0,1.0,0,0,0.0,0.0,0.0,0,0,0,0,0,1.0,1.0,False
oracle_centroid_error,heldout,786432,220192,566240,0,0.2799886067708333,0.2799886067708333,0.0,0.0,0,0.0,1.0,0,0,0.0,0.0,0.0,0,0,0,0,0,1.0,1.0,False
oracle_centroid_error,final_benchmark,786432,328882,457550,0,0.41819508870442706,0.41819508870442706,0.0,0.0,0,0.0,1.0,0,0,0.0,0.0,0.0,0,0,0,0,0,1.0,1.0,False
masked_global_budget,calibration,786432,285190,501242,0,0.36263783772786456,0.36263783772786456,0.0,0.0,0,0.0,1.0,0,0,0.0,0.0,0.0,0,0,0,0,0,1.0,1.0,False
masked_global_budget,heldout,786432,220192,566240,0,0.2799886067708333,0.2799886067708333,0.0,0.0,0,0.0,1.0,0,0,0.0,0.0,0.0,0,0,0,0,0,1.0,1.0,False
masked_global_budget,final_benchmark,786432,328882,457550,0,0.41819508870442706,0.41819508870442706,0.0,0.0,0,0.0,1.0,0,0,0.0,0.0,0.0,0,0,0,0,0,1.0,1.0,False
