split,condition,threshold,score,accuracy,delta_pp,ci95_pp,whole,global_s,local_s,mass,agreement,local_operator_error,length_limited
calibration6,blasst_aggressive_s50,local: exp(8.09133)/L; global: exp(7.77928)/L,2/6,33.33333333333333,-16.666666666666664,"[-50.0, 0.0]",51.43692987569518,49.54629205529647,51.87806033226464,68.05132676175764,1.7749171055197972,0.5307186838300222,1
calibration6,blasst_original_s50,local: 1 (unattainable); global: 1 (unattainable),3/6,50.0,0.0,"[0.0, 0.0]",28.25583362381841,36.388977128335455,26.30263827082009,93.42993252910524,4.7543245250981645,0.14602652656245235,0
calibration6,dense,none / ranking budget,3/6,50.0,0.0,"[0.0, 0.0]",0.0,0.0,0.0,99.99999996880808,100.0,5.844504781096942e-08,1
calibration6,full_centered_s50,local: exp(-0.740297); global: exp(-1.21186),3/6,50.0,0.0,"[0.0, 0.0]",50.71056932079935,49.868485470625394,50.917286965961075,72.98737588891868,4.23737529569063,0.2600395475779997,2
calibration6,jl_gaussian_r16_s50,local: exp(-0.759528); global: exp(-1.23614),2/6,33.33333333333333,-16.666666666666664,"[-50.0, 0.0]",51.01023121236609,51.180897435897435,50.96667539181363,72.70317205999552,4.850299401197605,0.2636293086623327,3
calibration6,jl_gaussian_r24_s50,local: exp(-0.759528); global: exp(-1.23614),2/6,33.33333333333333,-16.666666666666664,"[-66.66666666666666, 33.33333333333333]",50.28031086798952,49.42841025476892,50.48478010370655,72.87888656915878,4.545454545454546,0.26116613445493464,1
calibration6,jl_gaussian_r32_s50,local: exp(-0.759528); global: exp(-1.23614),3/6,50.0,0.0,"[0.0, 0.0]",50.495021464345335,49.21753211605081,50.803265128428386,72.94479374767565,6.769763166432356,0.2612358325146761,1
calibration6,jl_gaussian_r8_s50,local: exp(-0.759528); global: exp(-1.26821),2/6,33.33333333333333,-16.666666666666664,"[-50.0, 0.0]",50.60122740550257,48.99744068120933,50.99148300481142,72.74938240929554,3.9933444259567388,0.2655342405616157,1
calibration6,mass_s50,local: exp(-0.0184422); global: exp(-0.04564),3/6,50.0,0.0,"[0.0, 0.0]",50.55545794533269,51.932367729951324,50.219944982050876,75.46301429286218,5.900990099009901,0.29767904984842647,2
full,blasst_aggressive_s50,local: exp(8.09133)/L; global: exp(7.77928)/L,11/30,36.666666666666664,-20.0,"[-36.666666666666664, -3.3333333333333335]",51.36144231334116,49.60947672935712,51.77313018516766,69.94234863371463,2.4105820105820106,0.5001396467515733,6
full,blasst_original_s50,local: 1 (unattainable); global: 1 (unattainable),16/30,53.333333333333336,-3.3333333333333335,"[-20.0, 13.333333333333334]",28.818749818062933,35.46716276528976,27.2322178923574,93.41787295180517,5.7354735755186335,0.14683512729667697,2
full,dense,none / ranking budget,17/30,56.666666666666664,0.0,"[0.0, 0.0]",0.0,0.0,0.0,99.99999999250477,100.0,2.870897610837873e-08,6
full,full_centered_s50,local: exp(-0.740297); global: exp(-1.21186),15/30,50.0,-6.666666666666667,"[-23.333333333333332, 13.333333333333334]",51.30589972496203,51.42517710361238,51.27643520296559,72.68300919719147,4.875011321438275,0.2573772586398094,7
full,jl_gaussian_r16_s50,local: exp(-0.759528); global: exp(-1.23614),11/30,36.666666666666664,-20.0,"[-36.666666666666664, -3.3333333333333335]",51.035903991754864,50.68110430659818,51.124969005702944,72.53673438926938,4.73361924638213,0.26213747053907127,8
full,jl_gaussian_r24_s50,local: exp(-0.759528); global: exp(-1.23614),16/30,53.333333333333336,-3.3333333333333335,"[-20.0, 13.333333333333334]",50.67194813263354,50.349125206864166,50.74933656191642,73.19164690920297,4.778930641241354,0.2526062870315015,5
full,jl_gaussian_r32_s50,local: exp(-0.759528); global: exp(-1.23614),15/30,50.0,-6.666666666666667,"[-26.666666666666668, 10.0]",50.66209872342243,50.66969045007185,50.66023008176459,73.30960248404404,5.197212510851967,0.2526918683730712,5
full,jl_gaussian_r8_s50,local: exp(-0.759528); global: exp(-1.26821),15/30,50.0,-6.666666666666667,"[-20.0, 6.666666666666667]",50.78100792023631,49.32274597912675,51.14489286416355,72.35211584364323,4.328043502385973,0.26638851197510466,6
full,mass_s50,local: exp(-0.0184422); global: exp(-0.04564),14/30,46.666666666666664,-10.0,"[-23.333333333333332, 3.3333333333333335]",51.391382728343125,52.9351353308233,51.00896795180133,75.05303825408177,4.269293924466338,0.3014064720048783,8
noncalibration24,blasst_aggressive_s50,local: exp(8.09133)/L; global: exp(7.77928)/L,9/24,37.5,-20.833333333333336,"[-41.66666666666667, 0.0]",51.346835655275434,49.621619188605266,51.75279378259805,70.34577947096003,2.5867661368796626,0.4931868724968034,5
noncalibration24,blasst_original_s50,local: 1 (unattainable); global: 1 (unattainable),13/24,54.166666666666664,-4.166666666666666,"[-25.0, 16.666666666666664]",28.97605251471873,35.20787416232316,27.491574877170578,93.41454086881046,6.014040796649493,0.14705900215710838,2
noncalibration24,dense,none / ranking budget,14/24,58.333333333333336,0.0,"[0.0, 0.0]",0.0,0.0,0.0,100.0,100.0,0.0,5
noncalibration24,full_centered_s50,local: exp(-0.740297); global: exp(-1.21186),12/24,50.0,-8.333333333333332,"[-29.166666666666668, 16.666666666666664]",51.46903830931324,51.849038064604905,51.37500798042136,72.59937187255323,5.055021631195378,0.2566403185086136,5
noncalibration24,jl_gaussian_r16_s50,local: exp(-0.759528); global: exp(-1.23614),9/24,37.5,-20.833333333333336,"[-41.66666666666667, 0.0]",51.044619863892606,50.50839535707957,51.17846992601767,72.4809095007496,4.69880594348331,0.26163424146706454,5
noncalibration24,jl_gaussian_r24_s50,local: exp(-0.759528); global: exp(-1.23614),14/24,58.333333333333336,0.0,"[-16.666666666666664, 16.666666666666664]",50.790708738484206,50.6286806864784,50.829536456999136,73.28651528422,4.848595181746465,0.24994388598118716,4
noncalibration24,jl_gaussian_r32_s50,local: exp(-0.759528); global: exp(-1.23614),12/24,50.0,-8.333333333333332,"[-29.166666666666668, 12.5]",50.708548823676246,51.06525350423654,50.62026517455297,73.40969243720056,4.76147668704303,0.25029508367923986,4
noncalibration24,jl_gaussian_r8_s50,local: exp(-0.759528); global: exp(-1.26821),13/24,54.166666666666664,-4.166666666666666,"[-16.666666666666664, 8.333333333333332]",50.82641594057361,49.4028637406139,51.183882626746744,72.24832435981354,4.418860577330061,0.26661172755751394,5
noncalibration24,mass_s50,local: exp(-0.0184422); global: exp(-0.04564),11/24,45.83333333333333,-12.5,"[-29.166666666666668, 4.166666666666666]",51.61126424639559,53.19454225352113,51.21736609949398,74.943272598755,3.8060435699226987,0.3023982291113767,6
